Group,Year,Horizon,N,Mean,Median,Win_Rate
BASELINE,ALL,1,93107,0.00022807860001141698,0.0003840089505728894,0.5122278668628567
BASELINE,ALL,3,93107,0.0015898497275952362,0.0017048687728609124,0.5287035346429377
BASELINE,ALL,5,93107,0.002962422308604468,0.0032065611571725494,0.5421719097382581
BASELINE,2018,1,11186,-0.0005126898641590025,0.0,0.4996424101555516
BASELINE,2018,3,11186,-0.0008864822630037585,0.0003314626734023385,0.506079027355623
BASELINE,2018,5,11186,-0.0010083184538250683,0.0008097324259214167,0.5100125156445557
BASELINE,2019,1,11844,0.0004942306822764905,0.0006027024058419261,0.5241472475515029
BASELINE,2019,3,11844,0.002921548973051986,0.0030206967584891498,0.5615501519756839
BASELINE,2019,5,11844,0.005090865378697149,0.005366286588258773,0.5929584599797366
BASELINE,2020,1,11891,0.0001697487957784448,-4.9297047399976535e-05,0.4965940627365234
BASELINE,2020,3,11891,0.0024752404993592363,0.0017557170770963193,0.5263644773358002
BASELINE,2020,5,11891,0.004989296907789554,0.0044041966415244715,0.543352115044992
BASELINE,2021,1,11844,0.0003418484155551732,0.00038443762073148147,0.5150287065180682
BASELINE,2021,3,11844,0.002682566425423424,0.002389214712248622,0.5427220533603513
BASELINE,2021,5,11844,0.004785805716466398,0.004284938424393259,0.5609591354272205
BASELINE,2022,1,11797,2.138758739234408e-05,0.00033096901642681864,0.5078409765194541
BASELINE,2022,3,11797,-0.0008895620667853577,0.0,0.49995761634313807
BASELINE,2022,5,11797,-0.001607509937335108,-4.603854163975907e-05,0.498516572009833
BASELINE,2023,1,11750,0.0008538834710148577,0.0007461345447282719,0.5262978723404256
BASELINE,2023,3,11750,0.0028015780860512203,0.001927698987625237,0.5342978723404256
BASELINE,2023,5,11750,0.004651661637796288,0.0028490444970169504,0.5407659574468086
BASELINE,2024,1,11844,9.423357150879003e-06,0.0002889339410772074,0.5100472813238771
BASELINE,2024,3,11844,0.0017083775274175932,0.001535324165920282,0.5271023302938197
BASELINE,2024,5,11844,0.003323517953119704,0.00283312076399711,0.5397669706180345
BASELINE,2025,1,10951,0.00042485698762111395,0.0005575817775085312,0.5181261985206831
BASELINE,2025,3,10951,0.0017784402684482969,0.0020454549001187594,0.5303625239704136
BASELINE,2025,5,10951,0.0032633828855782093,0.004120295160489951,0.5496301707606611
BASELINE_COMPRESSION_VALID,ALL,1,90475,0.0002665547511827148,0.0004122955773182557,0.5131914893617021
BASELINE_COMPRESSION_VALID,ALL,3,90475,0.0017228859639165854,0.0018136128133390272,0.5304006631666206
BASELINE_COMPRESSION_VALID,ALL,5,90475,0.003179404307913686,0.0033735994634327415,0.5445813760707378
BASELINE_COMPRESSION_VALID,2018,1,8554,-0.00033365933113040536,0.00022526843846915057,0.5059621229833996
BASELINE_COMPRESSION_VALID,2018,3,8554,-0.00024131652978917522,0.0009329467436934857,0.5170680383446341
BASELINE_COMPRESSION_VALID,2018,5,8554,6.491707350563985e-05,0.0018735712811741578,0.5256020575169511
BASELINE_COMPRESSION_VALID,2019,1,11844,0.0004942306822764905,0.0006027024058419261,0.5241472475515029
BASELINE_COMPRESSION_VALID,2019,3,11844,0.002921548973051986,0.0030206967584891498,0.5615501519756839
BASELINE_COMPRESSION_VALID,2019,5,11844,0.005090865378697149,0.005366286588258773,0.5929584599797366
BASELINE_COMPRESSION_VALID,2020,1,11891,0.0001697487957784448,-4.9297047399976535e-05,0.4965940627365234
BASELINE_COMPRESSION_VALID,2020,3,11891,0.0024752404993592363,0.0017557170770963193,0.5263644773358002
BASELINE_COMPRESSION_VALID,2020,5,11891,0.004989296907789554,0.0044041966415244715,0.543352115044992
BASELINE_COMPRESSION_VALID,2021,1,11844,0.0003418484155551732,0.00038443762073148147,0.5150287065180682
BASELINE_COMPRESSION_VALID,2021,3,11844,0.002682566425423424,0.002389214712248622,0.5427220533603513
BASELINE_COMPRESSION_VALID,2021,5,11844,0.004785805716466398,0.004284938424393259,0.5609591354272205
BASELINE_COMPRESSION_VALID,2022,1,11797,2.138758739234408e-05,0.00033096901642681864,0.5078409765194541
BASELINE_COMPRESSION_VALID,2022,3,11797,-0.0008895620667853577,0.0,0.49995761634313807
BASELINE_COMPRESSION_VALID,2022,5,11797,-0.001607509937335108,-4.603854163975907e-05,0.498516572009833
BASELINE_COMPRESSION_VALID,2023,1,11750,0.0008538834710148577,0.0007461345447282719,0.5262978723404256
BASELINE_COMPRESSION_VALID,2023,3,11750,0.0028015780860512203,0.001927698987625237,0.5342978723404256
BASELINE_COMPRESSION_VALID,2023,5,11750,0.004651661637796288,0.0028490444970169504,0.5407659574468086
BASELINE_COMPRESSION_VALID,2024,1,11844,9.423357150879003e-06,0.0002889339410772074,0.5100472813238771
BASELINE_COMPRESSION_VALID,2024,3,11844,0.0017083775274175932,0.001535324165920282,0.5271023302938197
BASELINE_COMPRESSION_VALID,2024,5,11844,0.003323517953119704,0.00283312076399711,0.5397669706180345
BASELINE_COMPRESSION_VALID,2025,1,10951,0.00042485698762111395,0.0005575817775085312,0.5181261985206831
BASELINE_COMPRESSION_VALID,2025,3,10951,0.0017784402684482969,0.0020454549001187594,0.5303625239704136
BASELINE_COMPRESSION_VALID,2025,5,10951,0.0032633828855782093,0.004120295160489951,0.5496301707606611
A,ALL,1,7812,-0.00024004971357420595,0.0,0.49948796722990274
A,ALL,3,7812,0.0005006834306846244,0.0006035480480315325,0.5131848438300051
A,ALL,5,7812,0.0020880369759148157,0.0021547598344801022,0.5371223758320532
A,2018,1,750,-0.0010968929264006256,-4.290184548616516e-05,0.49733333333333335
A,2018,3,750,-0.0032849283087787403,-0.0024194990314568288,0.45066666666666666
A,2018,5,750,-0.0034542241999303406,-0.0018778125260207057,0.46
A,2019,1,1162,-0.00027462950085404626,0.0,0.49569707401032703
A,2019,3,1162,0.0009503909222085149,0.0008402709098651595,0.5189328743545611
A,2019,5,1162,0.0021797266916749867,0.0028223034727891116,0.5593803786574871
A,2020,1,1041,-0.002113295291199833,-0.0011255736699689045,0.4668587896253602
A,2020,3,1041,-0.0027616150304636575,-0.0014188737212643687,0.473583093179635
A,2020,5,1041,-0.001360606986572009,0.0015428815569196175,0.5177713736791547
A,2021,1,1133,0.00021814501724829735,-0.00026621372076285343,0.48984995586937335
A,2021,3,1133,0.002014016062282174,0.0016414326845246574,0.5322153574580759
A,2021,5,1133,0.004574411471953192,0.0031145826801151077,0.5533980582524272
A,2022,1,838,0.001055971111792158,0.0011560026532642098,0.548926014319809
A,2022,3,838,0.0007086429600049529,0.0013877275569490477,0.5167064439140812
A,2022,5,838,0.0016854022490446572,0.0031071546717118537,0.535799522673031
A,2023,1,1058,0.0009509849224919078,0.0004503519151116686,0.5245746691871456
A,2023,3,1058,0.002081633241047073,0.00204562365459382,0.5368620037807184
A,2023,5,1058,0.005832320923448619,0.003319213910775054,0.5614366729678639
A,2024,1,989,-0.0008267333267941418,-0.0007475392406767201,0.46511627906976744
A,2024,3,989,0.0019600819244607807,0.0006855870476785153,0.5146612740141557
A,2024,5,989,0.003099837786644068,0.0020991845285946997,0.5399393326592518
A,2025,1,841,0.00017347957963022507,0.0006169213282161135,0.5196195005945303
A,2025,3,841,0.0013423426823178882,0.0028077741076131257,0.549346016646849
A,2025,5,841,0.0023239620364654155,0.003036379876535822,0.544589774078478
B,ALL,1,5289,-0.00014138347153497114,0.00011496708310887449,0.5034978256759312
B,ALL,3,5289,0.0006527088411723487,0.0006132991642910923,0.5125732652675364
B,ALL,5,5289,0.0026285070262717677,0.002364976900181892,0.5411230856494611
B,2018,1,437,-0.0005406325802438207,0.0006095841794129253,0.5217391304347826
B,2018,3,437,-0.0017066109992891103,-0.001727472800010732,0.4462242562929062
B,2018,5,437,-0.0011464855713127552,-0.0016045502234138809,0.4645308924485126
B,2019,1,922,-0.0005518271046359755,-0.000463493892615241,0.47830802603036876
B,2019,3,922,0.0011602535323202775,0.0007833795253583409,0.5184381778741866
B,2019,5,922,0.0023038637075956567,0.00284155637792749,0.5629067245119306
B,2020,1,681,-0.002077710626649553,-0.0011255736699689045,0.4713656387665198
B,2020,3,681,-0.002468624464042943,-0.0017063667071884892,0.46402349486049926
B,2020,5,681,-0.001393790767527541,0.0015489548861835623,0.5168869309838473
B,2021,1,713,0.0004415047122966063,6.172581037477975e-05,0.5035063113604488
B,2021,3,713,0.001964732147524179,0.0017963161256502325,0.5329593267882188
B,2021,5,713,0.005539355738355129,0.003925196909544404,0.5694249649368864
B,2022,1,557,0.0012484769066068862,0.0018029030214055108,0.5655296229802513
B,2022,3,557,-0.0015760689083867616,-0.0004835947715674527,0.49371633752244165
B,2022,5,557,-0.0009398602414392058,0.001615957403610535,0.5242369838420108
B,2023,1,802,0.0013597490024913868,0.0005736134771708867,0.5324189526184538
B,2023,3,802,0.0022455058401379194,0.0018384181904673724,0.5349127182044888
B,2023,5,802,0.007346672852784407,0.004025928401287349,0.57356608478803
B,2024,1,608,-0.0009673603117391013,-0.0007446360748430414,0.47039473684210525
B,2024,3,608,0.0028257127458897,0.0018318523143997512,0.5411184210526315
B,2024,5,608,0.0038028029312539495,0.0026576714544510605,0.5361842105263158
B,2025,1,569,-0.0001764030640903907,0.00022428993866818736,0.5026362038664324
B,2025,3,569,0.0013487397159208795,0.0028425612122684463,0.5430579964850615
B,2025,5,569,0.002808440656936814,0.0027502294880099587,0.5342706502636204
