Window,Feature,Train_Start,Train_End,Test_Start,Test_End,Bucket,Train_Trades,Train_Avg,Test_Trades,Test_Avg,Test_Win_Rate
1,Signal_Drop,2018-01-01,2021-01-01,2021-01-01,2022-01-01,1,114,0.04566822064960812,53,-0.2676761593827353,33.9622641509434
1,Signal_Drop,2018-01-01,2021-01-01,2021-01-01,2022-01-01,2,113,0.4116916241533569,77,0.004080684754640262,37.66233766233766
1,Signal_Drop,2018-01-01,2021-01-01,2021-01-01,2022-01-01,3,113,-0.14415374335886083,63,0.34997216043838836,42.857142857142854
1,Signal_Drop,2018-01-01,2021-01-01,2021-01-01,2022-01-01,4,113,0.20897544308911659,64,0.17775002829619407,46.875
1,ATR_Pct,2018-01-01,2021-01-01,2021-01-01,2022-01-01,1,114,0.14712806146243532,64,-0.0041545630631892394,45.3125
1,ATR_Pct,2018-01-01,2021-01-01,2021-01-01,2022-01-01,2,113,-0.05485343744532534,85,0.32244665885594226,43.529411764705884
1,ATR_Pct,2018-01-01,2021-01-01,2021-01-01,2022-01-01,3,113,0.18876387544551507,79,0.23576189226708782,41.77215189873418
1,ATR_Pct,2018-01-01,2021-01-01,2021-01-01,2022-01-01,4,113,0.240245170373137,31,-0.5876012664004422,22.58064516129032
1,Drop_ATR_Ratio,2018-01-01,2021-01-01,2021-01-01,2022-01-01,1,114,0.16796231800144326,48,-0.0922398838031185,33.33333333333333
1,Drop_ATR_Ratio,2018-01-01,2021-01-01,2021-01-01,2022-01-01,2,113,-0.2438425021203562,70,0.25421833551974105,41.42857142857143
1,Drop_ATR_Ratio,2018-01-01,2021-01-01,2021-01-01,2022-01-01,3,113,0.5113892226883158,67,0.10862011600708858,40.298507462686565
1,Drop_ATR_Ratio,2018-01-01,2021-01-01,2021-01-01,2022-01-01,4,113,0.08559025731468667,74,0.09332847785256858,45.94594594594595
1,Volume_Ratio,2018-01-01,2021-01-01,2021-01-01,2022-01-01,1,114,0.08766385688883699,55,0.010656913705579094,40.0
1,Volume_Ratio,2018-01-01,2021-01-01,2021-01-01,2022-01-01,2,113,0.45624815827377646,61,0.14802428714086735,40.98360655737705
1,Volume_Ratio,2018-01-01,2021-01-01,2021-01-01,2022-01-01,3,113,0.03110611995266298,78,0.13208279326096833,41.02564102564102
1,Volume_Ratio,2018-01-01,2021-01-01,2021-01-01,2022-01-01,4,113,-0.053208233380632894,64,0.15052428990065497,42.1875
1,Distance_SMA20,2018-01-01,2021-01-01,2021-01-01,2022-01-01,1,114,0.235071637856431,82,0.2920253318519429,46.34146341463415
1,Distance_SMA20,2018-01-01,2021-01-01,2021-01-01,2022-01-01,2,113,0.0986088183338256,64,-0.021009143723946744,37.5
1,Distance_SMA20,2018-01-01,2021-01-01,2021-01-01,2022-01-01,3,113,0.24504372335092944,57,0.11333019170269132,42.10526315789473
1,Distance_SMA20,2018-01-01,2021-01-01,2021-01-01,2022-01-01,4,113,-0.05821877144342406,56,-0.026958727556837942,35.714285714285715
1,Distance_SMA50,2018-01-01,2021-01-01,2021-01-01,2022-01-01,1,114,0.0333677421561103,80,-0.05942271535602105,38.75
1,Distance_SMA50,2018-01-01,2021-01-01,2021-01-01,2022-01-01,2,113,0.13584044846098475,47,0.302546316857346,44.680851063829785
1,Distance_SMA50,2018-01-01,2021-01-01,2021-01-01,2022-01-01,3,113,0.3219517229129563,67,0.11891257895419834,40.298507462686565
1,Distance_SMA50,2018-01-01,2021-01-01,2021-01-01,2022-01-01,4,113,0.031130484795147073,65,0.15567110374849752,41.53846153846154
1,Distance_SMA200,2018-01-01,2021-01-01,2021-01-01,2022-01-01,1,114,-0.11871408842857219,17,1.0182495593095924,58.82352941176471
1,Distance_SMA200,2018-01-01,2021-01-01,2021-01-01,2022-01-01,2,113,0.10902550306328777,62,-0.5423409326838907,33.87096774193548
1,Distance_SMA200,2018-01-01,2021-01-01,2021-01-01,2022-01-01,3,113,0.17109061115685475,60,0.19989120930070714,41.66666666666667
1,Distance_SMA200,2018-01-01,2021-01-01,2021-01-01,2022-01-01,4,113,0.36223422944145717,120,0.26560872464577445,41.66666666666667
1,Return_3D,2018-01-01,2021-01-01,2021-01-01,2022-01-01,1,114,0.5332082329512958,59,0.18598148252006913,40.67796610169492
1,Return_3D,2018-01-01,2021-01-01,2021-01-01,2022-01-01,2,113,0.10705450154395156,74,-0.25730247448590793,37.83783783783784
1,Return_3D,2018-01-01,2021-01-01,2021-01-01,2022-01-01,3,113,0.21419189742598604,65,0.18216297939940168,41.53846153846154
1,Return_3D,2018-01-01,2021-01-01,2021-01-01,2022-01-01,4,113,-0.3365876007712136,61,0.38981157671654426,44.26229508196721
1,Return_5D,2018-01-01,2021-01-01,2021-01-01,2022-01-01,1,114,0.40944439997017623,78,0.08216695682684985,42.30769230769231
1,Return_5D,2018-01-01,2021-01-01,2021-01-01,2022-01-01,2,113,0.1520407746431717,59,0.16358703243737188,44.06779661016949
1,Return_5D,2018-01-01,2021-01-01,2021-01-01,2022-01-01,3,113,0.08327024099753971,63,-0.032927688024370814,38.095238095238095
1,Return_5D,2018-01-01,2021-01-01,2021-01-01,2022-01-01,4,113,-0.12579312930174266,59,0.22992222028192102,38.983050847457626
1,Return_10D,2018-01-01,2021-01-01,2021-01-01,2022-01-01,1,114,0.19339185002353743,64,0.1842469930618126,43.75
1,Return_10D,2018-01-01,2021-01-01,2021-01-01,2022-01-01,2,113,0.12277811331133925,79,0.23399109989482603,41.77215189873418
1,Return_10D,2018-01-01,2021-01-01,2021-01-01,2022-01-01,3,113,-0.08828174003681755,56,0.006180494695624804,41.07142857142857
1,Return_10D,2018-01-01,2021-01-01,2021-01-01,2022-01-01,4,113,0.2929860324796401,60,-0.05119313255341754,36.666666666666664
1,SPY_Return,2018-01-01,2021-01-01,2021-01-01,2022-01-01,1,117,0.07496890610097648,48,0.025012585131777298,35.41666666666667
1,SPY_Return,2018-01-01,2021-01-01,2021-01-01,2022-01-01,2,110,0.45734466572701965,71,0.4295891896254053,49.29577464788733
1,SPY_Return,2018-01-01,2021-01-01,2021-01-01,2022-01-01,3,113,-0.20240988484813205,74,-0.08702209607870613,39.189189189189186
1,SPY_Return,2018-01-01,2021-01-01,2021-01-01,2022-01-01,4,113,0.20217012829164643,66,0.03469428420442986,37.878787878787875
1,SPY_Distance_SMA50,2018-01-01,2021-01-01,2021-01-01,2022-01-01,1,114,0.13093743301691466,54,1.2057079978705951,59.25925925925925
1,SPY_Distance_SMA50,2018-01-01,2021-01-01,2021-01-01,2022-01-01,2,115,0.23791342382180727,111,-0.2734063628311833,34.234234234234236
1,SPY_Distance_SMA50,2018-01-01,2021-01-01,2021-01-01,2022-01-01,3,111,0.5619487456261901,66,0.2113297832823422,43.93939393939394
1,SPY_Distance_SMA50,2018-01-01,2021-01-01,2021-01-01,2022-01-01,4,113,-0.40363751429238637,28,-0.7555809682138638,25.0
1,SPY_Volume_Ratio,2018-01-01,2021-01-01,2021-01-01,2022-01-01,1,116,0.19740828472164632,59,-0.09889870863937474,37.28813559322034
1,SPY_Volume_Ratio,2018-01-01,2021-01-01,2021-01-01,2022-01-01,2,115,-0.20101696403987263,47,-0.37801439413061527,38.297872340425535
1,SPY_Volume_Ratio,2018-01-01,2021-01-01,2021-01-01,2022-01-01,3,114,0.3865388512789863,59,-0.010038941630013742,38.983050847457626
1,SPY_Volume_Ratio,2018-01-01,2021-01-01,2021-01-01,2022-01-01,4,108,0.14078095874049515,94,0.5504853413556389,45.744680851063826
2,Signal_Drop,2019-01-01,2022-01-01,2022-01-01,2023-01-01,1,172,-0.03782428815614,48,-0.2518322781409679,29.166666666666668
2,Signal_Drop,2019-01-01,2022-01-01,2022-01-01,2023-01-01,2,172,0.28504534639766443,34,-0.5509109914661964,26.47058823529412
2,Signal_Drop,2019-01-01,2022-01-01,2022-01-01,2023-01-01,3,172,0.0799934483027163,62,-0.48010400859946945,29.03225806451613
2,Signal_Drop,2019-01-01,2022-01-01,2022-01-01,2023-01-01,4,172,0.22614089424579759,43,0.25888169200137656,44.18604651162791
2,ATR_Pct,2019-01-01,2022-01-01,2022-01-01,2023-01-01,1,172,0.09822737315989881,25,-0.5504009222129483,32.0
2,ATR_Pct,2019-01-01,2022-01-01,2022-01-01,2023-01-01,2,172,0.08785675456939133,59,-0.3864368658963501,28.8135593220339
2,ATR_Pct,2019-01-01,2022-01-01,2022-01-01,2023-01-01,3,172,0.3737233084664779,61,-0.14405518415292043,36.0655737704918
2,ATR_Pct,2019-01-01,2022-01-01,2022-01-01,2023-01-01,4,172,-0.006452035405729745,42,-0.09776891574258435,30.952380952380953
2,Drop_ATR_Ratio,2019-01-01,2022-01-01,2022-01-01,2023-01-01,1,172,0.1088383129628769,54,0.41996250962647863,42.592592592592595
2,Drop_ATR_Ratio,2019-01-01,2022-01-01,2022-01-01,2023-01-01,2,172,-0.02077906093291648,53,-0.7831788261852571,22.641509433962266
2,Drop_ATR_Ratio,2019-01-01,2022-01-01,2022-01-01,2023-01-01,3,172,0.33177052288520126,42,-0.2576321709790086,33.33333333333333
2,Drop_ATR_Ratio,2019-01-01,2022-01-01,2022-01-01,2023-01-01,4,172,0.1335256258748766,38,-0.5211159312794186,28.947368421052634
2,Volume_Ratio,2019-01-01,2022-01-01,2022-01-01,2023-01-01,1,172,0.06480740504499159,67,-0.6190606306101026,25.37313432835821
2,Volume_Ratio,2019-01-01,2022-01-01,2022-01-01,2023-01-01,2,172,0.43279083686540015,51,-0.3606062876472655,31.372549019607842
2,Volume_Ratio,2019-01-01,2022-01-01,2022-01-01,2023-01-01,3,172,0.0463325996841208,35,-0.559190195025599,25.71428571428571
2,Volume_Ratio,2019-01-01,2022-01-01,2022-01-01,2023-01-01,4,172,0.009424559195525605,33,0.9692782093654031,54.54545454545454
2,Distance_SMA20,2019-01-01,2022-01-01,2022-01-01,2023-01-01,1,172,0.3087553462322948,66,-0.5741109172483667,30.303030303030305
2,Distance_SMA20,2019-01-01,2022-01-01,2022-01-01,2023-01-01,2,172,-0.010164630457976043,44,-0.7252141475570237,22.727272727272727
2,Distance_SMA20,2019-01-01,2022-01-01,2022-01-01,2023-01-01,3,172,0.34594867845108607,44,0.15414500300826814,36.36363636363637
2,Distance_SMA20,2019-01-01,2022-01-01,2022-01-01,2023-01-01,4,172,-0.09118399343536668,33,0.41105769881249665,42.42424242424242
2,Distance_SMA50,2019-01-01,2022-01-01,2022-01-01,2023-01-01,1,172,-0.04985061121383275,45,-0.14791525049915719,37.77777777777778
2,Distance_SMA50,2019-01-01,2022-01-01,2022-01-01,2023-01-01,2,172,0.20052202759111287,59,-0.4794643972285206,27.11864406779661
2,Distance_SMA50,2019-01-01,2022-01-01,2022-01-01,2023-01-01,3,172,0.33830085345016137,60,-0.3563200435318413,30.0
2,Distance_SMA50,2019-01-01,2022-01-01,2022-01-01,2023-01-01,4,172,0.06438313096259668,23,0.29870997752740047,39.130434782608695
2,Distance_SMA200,2019-01-01,2022-01-01,2022-01-01,2023-01-01,1,172,0.02679950522426852,106,-0.21052592534309775,32.075471698113205
2,Distance_SMA200,2019-01-01,2022-01-01,2022-01-01,2023-01-01,2,172,0.06993255310344129,36,-0.47235013663080827,33.33333333333333
2,Distance_SMA200,2019-01-01,2022-01-01,2022-01-01,2023-01-01,3,172,-0.01410330883653025,26,0.20681616031011382,38.46153846153847
2,Distance_SMA200,2019-01-01,2022-01-01,2022-01-01,2023-01-01,4,172,0.47072665129885854,19,-0.8163329474058184,21.052631578947366
2,Return_3D,2019-01-01,2022-01-01,2022-01-01,2023-01-01,1,172,0.4637130582856499,50,-0.146858891050882,34.0
2,Return_3D,2019-01-01,2022-01-01,2022-01-01,2023-01-01,2,172,-0.05747432988472069,49,-0.47190619350432955,28.57142857142857
2,Return_3D,2019-01-01,2022-01-01,2022-01-01,2023-01-01,3,172,0.20674395557188727,48,-0.2694306322525405,33.33333333333333
2,Return_3D,2019-01-01,2022-01-01,2022-01-01,2023-01-01,4,172,-0.05962728318277842,39,-0.10396001167556025,33.33333333333333
2,Return_5D,2019-01-01,2022-01-01,2022-01-01,2023-01-01,1,172,0.3543950311661464,55,-0.6344721832799003,25.454545454545453
2,Return_5D,2019-01-01,2022-01-01,2022-01-01,2023-01-01,2,172,0.12711152640984819,49,-0.44734939584642525,32.6530612244898
2,Return_5D,2019-01-01,2022-01-01,2022-01-01,2023-01-01,3,172,0.11050705608883184,42,-0.38088980579227194,28.57142857142857
2,Return_5D,2019-01-01,2022-01-01,2022-01-01,2023-01-01,4,172,-0.03865821287478823,41,0.5697561824980414,43.90243902439025
2,Return_10D,2019-01-01,2022-01-01,2022-01-01,2023-01-01,1,172,0.2665027817362748,66,-0.32274439889391066,33.33333333333333
2,Return_10D,2019-01-01,2022-01-01,2022-01-01,2023-01-01,2,172,0.13276658578733797,37,-0.9198652102111121,21.62162162162162
2,Return_10D,2019-01-01,2022-01-01,2022-01-01,2023-01-01,3,172,-0.03216881392540169,49,0.34517854421938327,40.816326530612244
2,Return_10D,2019-01-01,2022-01-01,2022-01-01,2023-01-01,4,172,0.18625484719182706,35,-0.3151732685618738,28.57142857142857
2,SPY_Return,2019-01-01,2022-01-01,2022-01-01,2023-01-01,1,176,0.22869214384221895,77,-1.1547931647406748,18.181818181818183
2,SPY_Return,2019-01-01,2022-01-01,2022-01-01,2023-01-01,2,170,0.30445234260786846,64,0.29414662814275794,40.625
2,SPY_Return,2019-01-01,2022-01-01,2022-01-01,2023-01-01,3,170,-0.09302720634533025,28,0.3315533288302622,39.285714285714285
2,SPY_Return,2019-01-01,2022-01-01,2022-01-01,2023-01-01,4,172,0.11037813055246823,18,0.6309298577179477,50.0
2,SPY_Distance_SMA50,2019-01-01,2022-01-01,2022-01-01,2023-01-01,1,172,0.35648541826914715,95,-0.34461468319526284,29.47368421052631
2,SPY_Distance_SMA50,2019-01-01,2022-01-01,2022-01-01,2023-01-01,2,172,0.14474525522039566,32,-1.074232880641907,25.0
2,SPY_Distance_SMA50,2019-01-01,2022-01-01,2022-01-01,2023-01-01,3,172,0.304783346226913,20,0.237122799326664,40.0
2,SPY_Distance_SMA50,2019-01-01,2022-01-01,2022-01-01,2023-01-01,4,172,-0.25265861892641767,40,0.32294830649581646,40.0
2,SPY_Volume_Ratio,2019-01-01,2022-01-01,2022-01-01,2023-01-01,1,172,0.09921126289527836,45,0.8205092521128085,48.888888888888886
2,SPY_Volume_Ratio,2019-01-01,2022-01-01,2022-01-01,2023-01-01,2,175,-0.10799024292648192,54,0.093948825086132,37.03703703703704
2,SPY_Volume_Ratio,2019-01-01,2022-01-01,2022-01-01,2023-01-01,3,170,0.23342583334031775,77,-0.9293527320799898,22.07792207792208
2,SPY_Volume_Ratio,2019-01-01,2022-01-01,2022-01-01,2023-01-01,4,171,0.33525551205952636,11,-1.808131942481214,9.090909090909092
3,Signal_Drop,2020-01-01,2023-01-01,2023-01-01,2024-01-01,1,177,-0.2604909154152084,35,1.2332495759458597,57.14285714285714
3,Signal_Drop,2020-01-01,2023-01-01,2023-01-01,2024-01-01,2,177,-0.027499939848301125,43,-0.1887887364434844,32.55813953488372
3,Signal_Drop,2020-01-01,2023-01-01,2023-01-01,2024-01-01,3,177,0.04692767797002497,36,0.22739789150899017,41.66666666666667
3,Signal_Drop,2020-01-01,2023-01-01,2023-01-01,2024-01-01,4,177,0.11189474165289967,51,0.22857472639443988,41.17647058823529
3,ATR_Pct,2020-01-01,2023-01-01,2023-01-01,2024-01-01,1,177,-0.18416236555461696,54,0.42438944684056334,46.2962962962963
3,ATR_Pct,2020-01-01,2023-01-01,2023-01-01,2024-01-01,2,177,-0.025512809696858384,43,0.2051577659874467,41.86046511627907
3,ATR_Pct,2020-01-01,2023-01-01,2023-01-01,2024-01-01,3,177,0.06985658717360568,44,-0.10164445816202548,31.818181818181817
3,ATR_Pct,2020-01-01,2023-01-01,2023-01-01,2024-01-01,4,177,0.010650152437284824,24,1.150958196823077,54.166666666666664
3,Drop_ATR_Ratio,2020-01-01,2023-01-01,2023-01-01,2024-01-01,1,177,0.24010896543400032,26,0.07692307692307578,34.61538461538461
3,Drop_ATR_Ratio,2020-01-01,2023-01-01,2023-01-01,2024-01-01,2,177,-0.1752475819990288,49,0.48744861477584045,44.89795918367347
3,Drop_ATR_Ratio,2020-01-01,2023-01-01,2023-01-01,2024-01-01,3,177,-0.040359180754753754,42,0.19147561395177204,35.714285714285715
3,Drop_ATR_Ratio,2020-01-01,2023-01-01,2023-01-01,2024-01-01,4,177,-0.1536706383208027,47,0.48007320766703954,51.06382978723404
3,Volume_Ratio,2020-01-01,2023-01-01,2023-01-01,2024-01-01,1,177,-0.22818688100784526,44,0.15837242014181155,38.63636363636363
3,Volume_Ratio,2020-01-01,2023-01-01,2023-01-01,2024-01-01,2,177,0.08190627467406128,45,-0.0028628705445394296,35.55555555555556
3,Volume_Ratio,2020-01-01,2023-01-01,2023-01-01,2024-01-01,3,177,-0.11941531352039647,33,0.6414973799580272,48.484848484848484
3,Volume_Ratio,2020-01-01,2023-01-01,2023-01-01,2024-01-01,4,177,0.13652748421359556,43,0.6251275297936052,48.837209302325576
3,Distance_SMA20,2020-01-01,2023-01-01,2023-01-01,2024-01-01,1,177,-0.09944335363481142,29,0.25846988255657616,41.37931034482759
3,Distance_SMA20,2020-01-01,2023-01-01,2023-01-01,2024-01-01,2,177,-0.34230043173877384,45,0.21415835387296506,40.0
3,Distance_SMA20,2020-01-01,2023-01-01,2023-01-01,2024-01-01,3,177,0.24307449790734606,50,0.4647670043251543,44.0
3,Distance_SMA20,2020-01-01,2023-01-01,2023-01-01,2024-01-01,4,177,0.06950085182565434,41,0.35410614382423183,43.90243902439025
3,Distance_SMA50,2020-01-01,2023-01-01,2023-01-01,2024-01-01,1,177,-0.29244662387774983,45,0.19294319198782803,40.0
3,Distance_SMA50,2020-01-01,2023-01-01,2023-01-01,2024-01-01,2,177,-0.23199123480496087,37,0.191002153734237,43.24324324324324
3,Distance_SMA50,2020-01-01,2023-01-01,2023-01-01,2024-01-01,3,177,0.2774097492070646,39,0.5188774437885503,41.02564102564102
3,Distance_SMA50,2020-01-01,2023-01-01,2023-01-01,2024-01-01,4,177,0.11785967383506125,44,0.42962979536597434,45.45454545454545
3,Distance_SMA200,2020-01-01,2023-01-01,2023-01-01,2024-01-01,1,177,0.03187530145037787,47,0.32897578457637056,42.5531914893617
3,Distance_SMA200,2020-01-01,2023-01-01,2023-01-01,2024-01-01,2,177,-0.4151455491691912,35,0.06083632953322454,40.0
3,Distance_SMA200,2020-01-01,2023-01-01,2023-01-01,2024-01-01,3,177,-0.09067883821157754,42,1.0193878484350318,54.761904761904766
3,Distance_SMA200,2020-01-01,2023-01-01,2023-01-01,2024-01-01,4,177,0.34478065028980603,41,-0.134535814915811,31.70731707317073
3,Return_3D,2020-01-01,2023-01-01,2023-01-01,2024-01-01,1,177,0.1947103210818338,32,0.560221652830049,43.75
3,Return_3D,2020-01-01,2023-01-01,2023-01-01,2024-01-01,2,177,-0.22451269883454905,53,0.1822819086079081,37.735849056603776
3,Return_3D,2020-01-01,2023-01-01,2023-01-01,2024-01-01,3,177,-0.0028478636616406424,35,0.22519622663262598,42.857142857142854
3,Return_3D,2020-01-01,2023-01-01,2023-01-01,2024-01-01,4,177,-0.09651819422622902,45,0.4315456145011723,46.666666666666664
3,Return_5D,2020-01-01,2023-01-01,2023-01-01,2024-01-01,1,177,-0.10623678559042683,41,0.5843236397459244,46.34146341463415
3,Return_5D,2020-01-01,2023-01-01,2023-01-01,2024-01-01,2,177,0.02539649644260484,42,0.03979826683890685,35.714285714285715
3,Return_5D,2020-01-01,2023-01-01,2023-01-01,2024-01-01,3,177,-0.1286590810672072,38,-0.053198692178129225,36.84210526315789
3,Return_5D,2020-01-01,2023-01-01,2023-01-01,2024-01-01,4,177,0.08033093457444435,44,0.7109592840324382,50.0
3,Return_10D,2020-01-01,2023-01-01,2023-01-01,2024-01-01,1,177,-0.10828414232109423,24,0.142125705097403,37.5
3,Return_10D,2020-01-01,2023-01-01,2023-01-01,2024-01-01,2,177,-0.19097584306451967,47,-0.03211060783926793,38.297872340425535
3,Return_10D,2020-01-01,2023-01-01,2023-01-01,2024-01-01,3,177,0.07226851904131767,51,0.4087507383732522,41.17647058823529
3,Return_10D,2020-01-01,2023-01-01,2023-01-01,2024-01-01,4,177,0.0978230307037113,43,0.7474732237336609,51.162790697674424
3,SPY_Return,2020-01-01,2023-01-01,2023-01-01,2024-01-01,1,185,-0.719438639166344,3,-0.2320323569418399,33.33333333333333
3,SPY_Return,2020-01-01,2023-01-01,2023-01-01,2024-01-01,2,169,0.5066627112827403,45,0.47049364822958506,42.22222222222222
3,SPY_Return,2020-01-01,2023-01-01,2023-01-01,2024-01-01,3,177,-0.02795597625422509,53,0.3785029161556366,41.509433962264154
3,SPY_Return,2020-01-01,2023-01-01,2023-01-01,2024-01-01,4,177,0.16698047868703308,64,0.22426067149563766,43.75
3,SPY_Distance_SMA50,2020-01-01,2023-01-01,2023-01-01,2024-01-01,1,178,-0.1131268822589034,46,0.02447797636691782,36.95652173913043
3,SPY_Distance_SMA50,2020-01-01,2023-01-01,2023-01-01,2024-01-01,2,176,0.08674410852634058,31,0.45966654303309556,41.935483870967744
3,SPY_Distance_SMA50,2020-01-01,2023-01-01,2023-01-01,2024-01-01,3,178,0.12609430561374804,37,0.5752820417161472,48.64864864864865
3,SPY_Distance_SMA50,2020-01-01,2023-01-01,2023-01-01,2024-01-01,4,176,-0.22976123617148764,51,0.35741900668772036,43.13725490196079
3,SPY_Volume_Ratio,2020-01-01,2023-01-01,2023-01-01,2024-01-01,1,178,0.10427686382685694,46,0.234167343541975,43.47826086956522
3,SPY_Volume_Ratio,2020-01-01,2023-01-01,2023-01-01,2024-01-01,2,178,0.10433888692405947,79,0.4089242435166373,41.77215189873418
3,SPY_Volume_Ratio,2020-01-01,2023-01-01,2023-01-01,2024-01-01,3,175,-0.4577186674795063,34,0.16377304242475,38.23529411764706
3,SPY_Volume_Ratio,2020-01-01,2023-01-01,2023-01-01,2024-01-01,4,177,0.11358389868286402,6,1.0407430247147764,66.66666666666666
4,Signal_Drop,2021-01-01,2024-01-01,2024-01-01,2025-01-01,1,153,0.16026104047889472,54,0.4929520296359012,46.2962962962963
4,Signal_Drop,2021-01-01,2024-01-01,2024-01-01,2025-01-01,2,153,-0.18101530404795446,39,0.8323816848389244,51.28205128205128
4,Signal_Drop,2021-01-01,2024-01-01,2024-01-01,2025-01-01,3,152,-0.05160069858399922,47,0.3132820294693089,48.93617021276596
4,Signal_Drop,2021-01-01,2024-01-01,2024-01-01,2025-01-01,4,153,0.2876230621044544,56,0.3093881249145508,42.857142857142854
4,ATR_Pct,2021-01-01,2024-01-01,2024-01-01,2025-01-01,1,153,-0.04473159644800128,53,0.759405525503332,52.83018867924528
4,ATR_Pct,2021-01-01,2024-01-01,2024-01-01,2025-01-01,2,153,-0.013539571528615825,63,0.1646399563551513,42.857142857142854
4,ATR_Pct,2021-01-01,2024-01-01,2024-01-01,2025-01-01,3,152,0.18097252281151632,34,0.6879982176110587,55.88235294117647
4,ATR_Pct,2021-01-01,2024-01-01,2024-01-01,2025-01-01,4,153,0.09408683153084604,46,0.37216383018482474,39.130434782608695
4,Drop_ATR_Ratio,2021-01-01,2024-01-01,2024-01-01,2025-01-01,1,153,0.1347001305097931,41,0.3864576992490519,41.46341463414634
4,Drop_ATR_Ratio,2021-01-01,2024-01-01,2024-01-01,2025-01-01,2,153,0.006342798833734649,44,-0.029523751024279735,40.909090909090914
4,Drop_ATR_Ratio,2021-01-01,2024-01-01,2024-01-01,2025-01-01,3,152,0.008826665181781695,58,0.7469352829839973,51.724137931034484
4,Drop_ATR_Ratio,2021-01-01,2024-01-01,2024-01-01,2025-01-01,4,153,0.06579345551605843,54,0.5789688639280446,50.0
4,Volume_Ratio,2021-01-01,2024-01-01,2024-01-01,2025-01-01,1,153,-0.23079924492085788,51,0.4029261680389632,45.09803921568628
4,Volume_Ratio,2021-01-01,2024-01-01,2024-01-01,2025-01-01,2,153,-0.052295231553219364,60,0.35032456361686504,45.0
4,Volume_Ratio,2021-01-01,2024-01-01,2024-01-01,2025-01-01,3,152,0.1685884574001597,44,0.4629554515933329,45.45454545454545
4,Volume_Ratio,2021-01-01,2024-01-01,2024-01-01,2025-01-01,4,153,0.331213263835667,41,0.7120374983469122,53.65853658536586
4,Distance_SMA20,2021-01-01,2024-01-01,2024-01-01,2025-01-01,1,153,-0.11080052940704453,44,0.7898681892633127,47.72727272727273
4,Distance_SMA20,2021-01-01,2024-01-01,2024-01-01,2025-01-01,2,153,-0.20302034599582394,54,0.694270894973728,50.0
4,Distance_SMA20,2021-01-01,2024-01-01,2024-01-01,2025-01-01,3,152,0.48819858672236344,46,0.24082866422288282,45.65217391304348
4,Distance_SMA20,2021-01-01,2024-01-01,2024-01-01,2025-01-01,4,153,0.04441848853586353,52,0.15017958613287283,44.230769230769226
4,Distance_SMA50,2021-01-01,2024-01-01,2024-01-01,2025-01-01,1,153,-0.19858118996421187,42,0.07295987760784524,40.476190476190474
4,Distance_SMA50,2021-01-01,2024-01-01,2024-01-01,2025-01-01,2,153,0.13653093199199656,53,1.1267117850126926,56.60377358490566
4,Distance_SMA50,2021-01-01,2024-01-01,2024-01-01,2025-01-01,3,152,0.008435341785026371,43,0.04026460065522614,41.86046511627907
4,Distance_SMA50,2021-01-01,2024-01-01,2024-01-01,2025-01-01,4,153,0.2692754085592971,59,0.41730285416868035,45.76271186440678
4,Distance_SMA200,2021-01-01,2024-01-01,2024-01-01,2025-01-01,1,153,0.1812095422832852,30,0.5793967639198017,50.0
4,Distance_SMA200,2021-01-01,2024-01-01,2024-01-01,2025-01-01,2,153,-0.35347878786819564,29,0.605779858107321,48.275862068965516
4,Distance_SMA200,2021-01-01,2024-01-01,2024-01-01,2025-01-01,3,152,0.2623536432815129,81,0.3750797810408546,45.67901234567901
4,Distance_SMA200,2021-01-01,2024-01-01,2024-01-01,2025-01-01,4,153,0.12723569141731278,56,0.4607375825413125,46.42857142857143
4,Return_3D,2021-01-01,2024-01-01,2024-01-01,2025-01-01,1,153,0.13400533144805887,52,0.32366399906602844,40.38461538461539
4,Return_3D,2021-01-01,2024-01-01,2024-01-01,2025-01-01,2,153,-0.22424990178865722,38,0.6474776486197327,47.368421052631575
4,Return_3D,2021-01-01,2024-01-01,2024-01-01,2025-01-01,3,152,0.007643071559568874,59,0.42208365277885346,49.152542372881356
4,Return_3D,2021-01-01,2024-01-01,2024-01-01,2025-01-01,4,153,0.29825681291636974,42,0.6855874184855572,54.761904761904766
4,Return_5D,2021-01-01,2024-01-01,2024-01-01,2025-01-01,1,153,-0.15858417917779524,47,0.26055267060904597,38.297872340425535
4,Return_5D,2021-01-01,2024-01-01,2024-01-01,2025-01-01,2,153,0.09194649894312684,56,0.7546465526976326,51.78571428571429
4,Return_5D,2021-01-01,2024-01-01,2024-01-01,2025-01-01,3,152,-0.12516077571992468,50,0.2032275801425205,44.0
4,Return_5D,2021-01-01,2024-01-01,2024-01-01,2025-01-01,4,153,0.4065857710881067,40,0.6616181053127614,55.00000000000001
4,Return_10D,2021-01-01,2024-01-01,2024-01-01,2025-01-01,1,153,-0.0013650619700070435,48,0.85236447263436,50.0
4,Return_10D,2021-01-01,2024-01-01,2024-01-01,2025-01-01,2,153,-0.19733871189413854,55,0.5132539959543312,45.45454545454545
4,Return_10D,2021-01-01,2024-01-01,2024-01-01,2025-01-01,3,152,0.28486381512973147,45,0.4698377803246336,53.333333333333336
4,Return_10D,2021-01-01,2024-01-01,2024-01-01,2025-01-01,4,153,0.13130717315452672,47,0.06057704491027786,40.42553191489361
4,SPY_Return,2021-01-01,2024-01-01,2024-01-01,2025-01-01,1,154,-0.45787955770819344,39,0.6193180255702974,51.28205128205128
4,SPY_Return,2021-01-01,2024-01-01,2024-01-01,2025-01-01,2,153,0.39606088923138044,46,-0.1448397725197359,34.78260869565217
4,SPY_Return,2021-01-01,2024-01-01,2024-01-01,2025-01-01,3,151,0.17355339928858843,60,0.868812617290161,56.666666666666664
4,SPY_Return,2021-01-01,2024-01-01,2024-01-01,2025-01-01,4,153,0.10913197734138066,52,0.3752452921266477,42.30769230769231
4,SPY_Distance_SMA50,2021-01-01,2024-01-01,2024-01-01,2025-01-01,1,153,-0.2159599352182508,34,0.692688081916939,52.94117647058824
4,SPY_Distance_SMA50,2021-01-01,2024-01-01,2024-01-01,2025-01-01,2,154,0.2950832800572905,35,0.07500631503501726,40.0
4,SPY_Distance_SMA50,2021-01-01,2024-01-01,2024-01-01,2025-01-01,3,151,0.056645657622324534,77,0.7568890756048807,51.94805194805194
4,SPY_Distance_SMA50,2021-01-01,2024-01-01,2024-01-01,2025-01-01,4,153,0.07864817418134727,51,0.0916708050265044,39.21568627450981
4,SPY_Volume_Ratio,2021-01-01,2024-01-01,2024-01-01,2025-01-01,1,153,0.19516072116525568,50,0.4523944474489171,46.0
4,SPY_Volume_Ratio,2021-01-01,2024-01-01,2024-01-01,2025-01-01,2,153,0.2850429756099777,50,0.6102213337517548,48.0
4,SPY_Volume_Ratio,2021-01-01,2024-01-01,2024-01-01,2025-01-01,3,155,-0.1509251077042112,52,-0.2199290658462786,36.53846153846153
4,SPY_Volume_Ratio,2021-01-01,2024-01-01,2024-01-01,2025-01-01,4,150,-0.11393435947540324,28,1.713240259058061,60.71428571428571
5,Signal_Drop,2022-01-01,2025-01-01,2025-01-01,2025-12-20,1,138,0.4035883725194006,59,-0.0963771047406122,33.89830508474576
5,Signal_Drop,2022-01-01,2025-01-01,2025-01-01,2025-12-20,2,137,-0.0027636024109336976,57,0.41103881638235396,45.614035087719294
5,Signal_Drop,2022-01-01,2025-01-01,2025-01-01,2025-12-20,3,137,-0.034716388310418234,39,0.17094261521956539,41.02564102564102
5,Signal_Drop,2022-01-01,2025-01-01,2025-01-01,2025-12-20,4,137,0.3212251445564036,40,-0.05675668844056899,40.0
5,ATR_Pct,2022-01-01,2025-01-01,2025-01-01,2025-12-20,1,138,0.3026033981015875,48,-0.19774206294415025,35.41666666666667
5,ATR_Pct,2022-01-01,2025-01-01,2025-01-01,2025-12-20,2,137,-0.04066500598708725,48,0.17188771746400494,39.58333333333333
5,ATR_Pct,2022-01-01,2025-01-01,2025-01-01,2025-12-20,3,137,0.052512988698210236,60,0.12876111075423635,41.66666666666667
5,ATR_Pct,2022-01-01,2025-01-01,2025-01-01,2025-12-20,4,137,0.3736192621433318,41,0.30226246196134404,41.46341463414634
5,Drop_ATR_Ratio,2022-01-01,2025-01-01,2025-01-01,2025-12-20,1,138,0.30813580571768795,45,0.23866532211332825,42.22222222222222
5,Drop_ATR_Ratio,2022-01-01,2025-01-01,2025-01-01,2025-12-20,2,137,-0.1405717573302032,48,0.2712215381324498,41.66666666666667
5,Drop_ATR_Ratio,2022-01-01,2025-01-01,2025-01-01,2025-12-20,3,137,0.28379168659339404,46,-0.1562601600567582,36.95652173913043
5,Drop_ATR_Ratio,2022-01-01,2025-01-01,2025-01-01,2025-12-20,4,137,0.23667452543781964,58,0.03977263861682452,37.93103448275862
5,Volume_Ratio,2022-01-01,2025-01-01,2025-01-01,2025-12-20,1,138,-0.21806243368535835,48,0.3365937002432004,45.83333333333333
5,Volume_Ratio,2022-01-01,2025-01-01,2025-01-01,2025-12-20,2,137,0.06382433726468102,41,0.3318188493990873,46.34146341463415
5,Volume_Ratio,2022-01-01,2025-01-01,2025-01-01,2025-12-20,3,137,0.19715052528550703,66,0.022663884424247483,37.878787878787875
5,Volume_Ratio,2022-01-01,2025-01-01,2025-01-01,2025-12-20,4,137,0.648958694615205,42,-0.2947492334860531,28.57142857142857
5,Distance_SMA20,2022-01-01,2025-01-01,2025-01-01,2025-12-20,1,138,0.04607613321256707,39,-0.15229039307847522,33.33333333333333
5,Distance_SMA20,2022-01-01,2025-01-01,2025-01-01,2025-12-20,2,137,0.09887290168848353,48,0.3232401854255114,43.75
5,Distance_SMA20,2022-01-01,2025-01-01,2025-01-01,2025-12-20,3,137,0.3559970301599095,66,0.17840423436804573,43.93939393939394
5,Distance_SMA20,2022-01-01,2025-01-01,2025-01-01,2025-12-20,4,137,0.18899703968259318,44,-0.056215091728016524,34.090909090909086
5,Distance_SMA50,2022-01-01,2025-01-01,2025-01-01,2025-12-20,1,138,0.08152793608345428,41,0.37829263265241464,43.90243902439025
5,Distance_SMA50,2022-01-01,2025-01-01,2025-01-01,2025-12-20,2,137,0.22313602300819707,60,-0.2451621809866823,33.33333333333333
5,Distance_SMA50,2022-01-01,2025-01-01,2025-01-01,2025-12-20,3,137,0.028033067652134418,41,-0.5825562271695062,31.70731707317073
5,Distance_SMA50,2022-01-01,2025-01-01,2025-01-01,2025-12-20,4,137,0.3569873057160384,54,0.7029992080930368,48.148148148148145
5,Distance_SMA200,2022-01-01,2025-01-01,2025-01-01,2025-12-20,1,138,0.18459645260100582,55,0.5261168991058174,49.09090909090909
5,Distance_SMA200,2022-01-01,2025-01-01,2025-01-01,2025-12-20,2,137,-0.04524228453000376,47,-0.2551376720441322,31.914893617021278
5,Distance_SMA200,2022-01-01,2025-01-01,2025-01-01,2025-12-20,3,137,0.6213936368249173,47,-0.22606949541366528,38.297872340425535
5,Distance_SMA200,2022-01-01,2025-01-01,2025-01-01,2025-12-20,4,137,-0.07181579737417937,48,0.26161930046497534,37.5
5,Return_3D,2022-01-01,2025-01-01,2025-01-01,2025-12-20,1,138,0.18416432093805024,54,0.5048196254553099,48.148148148148145
5,Return_3D,2022-01-01,2025-01-01,2025-01-01,2025-12-20,2,137,0.0750369247495908,43,-0.03973722092432628,37.2093023255814
5,Return_3D,2022-01-01,2025-01-01,2025-01-01,2025-12-20,3,137,0.12315400983903053,54,-0.24867361612025846,33.33333333333333
5,Return_3D,2022-01-01,2025-01-01,2025-01-01,2025-12-20,4,137,0.3065799062407834,46,0.14683119561468608,39.130434782608695
5,Return_5D,2022-01-01,2025-01-01,2025-01-01,2025-12-20,1,138,0.03845851208560561,51,0.4560779998499525,45.09803921568628
5,Return_5D,2022-01-01,2025-01-01,2025-01-01,2025-12-20,2,137,0.19218105817330894,39,0.28787759412059716,46.15384615384615
5,Return_5D,2022-01-01,2025-01-01,2025-01-01,2025-12-20,3,137,-0.019468321439592703,56,-0.18770585937562956,35.714285714285715
5,Return_5D,2022-01-01,2025-01-01,2025-01-01,2025-12-20,4,137,0.47882745899815105,51,-0.09996582422339831,33.33333333333333
5,Return_10D,2022-01-01,2025-01-01,2025-01-01,2025-12-20,1,138,0.1950205264426246,32,0.30637523972134917,40.625
5,Return_10D,2022-01-01,2025-01-01,2025-01-01,2025-12-20,2,137,-0.09638461997125448,55,-0.14168632448579166,34.54545454545455
5,Return_10D,2022-01-01,2025-01-01,2025-01-01,2025-12-20,3,137,0.4153484411561618,59,0.35228824118206936,47.45762711864407
5,Return_10D,2022-01-01,2025-01-01,2025-01-01,2025-12-20,4,137,0.17487157176397725,51,-0.07684013826440032,35.294117647058826
5,SPY_Return,2022-01-01,2025-01-01,2025-01-01,2025-12-20,1,138,-0.4059282721351888,38,-0.027200995658152663,39.473684210526315
5,SPY_Return,2022-01-01,2025-01-01,2025-01-01,2025-12-20,2,138,0.1876181350115949,26,-0.387701750404515,30.76923076923077
5,SPY_Return,2022-01-01,2025-01-01,2025-01-01,2025-12-20,3,136,0.583490177341727,46,0.6233620409023964,50.0
5,SPY_Return,2022-01-01,2025-01-01,2025-01-01,2025-12-20,4,137,0.3309519437055507,84,-0.055754184920961486,35.714285714285715
5,SPY_Distance_SMA50,2022-01-01,2025-01-01,2025-01-01,2025-12-20,1,140,-0.050614533391740234,26,-0.3832542389424193,30.76923076923077
5,SPY_Distance_SMA50,2022-01-01,2025-01-01,2025-01-01,2025-12-20,2,139,-0.08832643704768367,71,0.004113947587444203,38.028169014084504
5,SPY_Distance_SMA50,2022-01-01,2025-01-01,2025-01-01,2025-12-20,3,133,0.6135136616810375,42,0.09705718585329426,40.476190476190474
5,SPY_Distance_SMA50,2022-01-01,2025-01-01,2025-01-01,2025-12-20,4,137,0.2360173277662266,55,0.4449734023741507,45.45454545454545
5,SPY_Volume_Ratio,2022-01-01,2025-01-01,2025-01-01,2025-12-20,1,138,0.49005268257379725,40,0.33437490203229403,42.5
5,SPY_Volume_Ratio,2022-01-01,2025-01-01,2025-01-01,2025-12-20,2,138,0.5782701002437701,61,-0.37301443905917203,32.78688524590164
5,SPY_Volume_Ratio,2022-01-01,2025-01-01,2025-01-01,2025-12-20,3,139,-0.35532939926671575,45,0.2840333374388137,40.0
5,SPY_Volume_Ratio,2022-01-01,2025-01-01,2025-01-01,2025-12-20,4,134,-0.025891612296055508,47,0.3718043301956045,46.808510638297875
