Entry_Date,Ticker,PnL,Regime,SPY_Return_10D
2022-01-03,TSLA,-148.42532671036884,Q4 - marché fort,0.0387936774018091
2022-01-03,NVDA,-114.59412995212688,Q4 - marché fort,0.0387936774018091
2022-01-03,AMD,-127.88618973223106,Q4 - marché fort,0.0387936774018091
2022-01-06,TSLA,-37.46278829396033,Q2 - faible/neutre,0.0005344720980182
2022-01-21,COP,-46.350263614406686,Q1 - marché faible,-0.0640252467104066
2022-01-25,COP,135.72135501040248,Q1 - marché faible,-0.0666797328042221
2022-01-28,V,44.47006714960071,Q1 - marché faible,-0.0486083100417409
2022-01-28,COP,10.23240545505746,Q1 - marché faible,-0.0486083100417409
2022-01-31,V,47.61841522100485,Q1 - marché faible,-0.0318687550887176
2022-02-01,MA,-21.90670164463336,Q2 - faible/neutre,-0.0077547954221093
2022-02-01,MS,17.93590132268173,Q2 - faible/neutre,-0.0077547954221093
2022-02-01,UPS,-5.8406045159188125,Q2 - faible/neutre,-0.0077547954221093
2022-02-02,AVGO,-39.65950402113731,Q3 - neutre/fort,0.0123962800534047
2022-02-03,COP,-0.5394047178654091,Q2 - faible/neutre,-0.0003358449589824
2022-02-04,AMZN,25.1086515027348,Q3 - neutre/fort,0.0244758962947955
2022-02-04,MA,-61.18943756210501,Q3 - neutre/fort,0.0244758962947955
2022-02-04,GOOGL,-61.13510031524652,Q3 - neutre/fort,0.0244758962947955
2022-02-07,NVDA,110.50668628901916,Q3 - neutre/fort,0.0168697183272554
2022-02-07,AMD,30.56984916361125,Q3 - neutre/fort,0.0168697183272554
2022-02-07,AMZN,2.016493757502303,Q3 - neutre/fort,0.0168697183272554
2022-02-07,MA,-43.139910157279246,Q3 - neutre/fort,0.0168697183272554
2022-02-07,AVGO,0.0593136555933142,Q3 - neutre/fort,0.0168697183272554
2022-02-10,TSLA,-73.5042476653141,Q4 - marché fort,0.0419255194435441
2022-02-10,NFLX,-30.5224849139438,Q4 - marché fort,0.0419255194435441
2022-02-10,AMD,-223.38038747113228,Q4 - marché fort,0.0419255194435441
2022-02-10,NVDA,-132.2500532469744,Q4 - marché fort,0.0419255194435441
2022-02-10,AMZN,-42.62387841048872,Q4 - marché fort,0.0419255194435441
2022-02-14,UPS,-29.32906119358472,Q1 - marché faible,-0.0242049210900915
2022-02-15,NVDA,-100.34003014678206,Q1 - marché faible,-0.0151231918490964
2022-02-16,BA,-153.4905357315488,Q1 - marché faible,-0.0235050172214346
2022-02-17,AMZN,-95.20262564333508,Q1 - marché faible,-0.0213613523775259
2022-02-28,AMD,-125.63618435513833,Q2 - faible/neutre,-0.008695623359754
2022-03-01,COP,76.94031996349304,Q1 - marché faible,-0.0205912729722781
2022-03-04,COP,62.250811315518376,Q1 - marché faible,-0.0111882720057586
2022-03-07,COP,-34.34052579131162,Q1 - marché faible,-0.0340832352680851
2022-03-08,CAT,90.91543130012155,Q1 - marché faible,-0.0310078432438473
2022-03-08,XOM,-85.47692155128834,Q1 - marché faible,-0.0310078432438473
2022-03-09,TSLA,-154.32580738441357,Q3 - neutre/fort,0.0129396173481681
2022-03-09,CRM,-49.36062876346728,Q3 - neutre/fort,0.0129396173481681
2022-03-10,COP,-16.727835202573488,Q2 - faible/neutre,-0.006583917439585
2022-03-11,XOM,-48.93831886476505,Q1 - marché faible,-0.0403882483177583
2022-03-11,CVX,5.244750490143133,Q1 - marché faible,-0.0403882483177583
2022-03-14,CVX,-62.704833345430416,Q1 - marché faible,-0.0449580606901209
2022-03-14,CAT,39.23174761836526,Q1 - marché faible,-0.0449580606901209
2022-03-14,PFE,115.0348956244004,Q1 - marché faible,-0.0449580606901209
2022-03-15,ORCL,75.69424980362624,Q2 - faible/neutre,-0.0088607974001065
2022-03-17,MS,42.92792475066858,Q3 - neutre/fort,0.012301706728842
2022-03-17,AMZN,98.00242601154127,Q3 - neutre/fort,0.012301706728842
2022-03-17,CAT,65.08239410267811,Q3 - neutre/fort,0.012301706728842
2022-03-18,NVDA,135.83796676359407,Q4 - marché fort,0.0317719378389715
2022-03-18,TSLA,85.830843197597,Q4 - marché fort,0.0317719378389715
2022-03-21,AMD,105.55246997365292,Q4 - marché fort,0.0628008359494773
2022-03-21,NVDA,109.9573828523794,Q4 - marché fort,0.0628008359494773
2022-03-21,TSLA,194.85315974019136,Q4 - marché fort,0.0628008359494773
2022-03-21,BA,42.67040960886516,Q4 - marché fort,0.0628008359494773
2022-03-21,NFLX,-14.59445899184243,Q4 - marché fort,0.0628008359494773
2022-03-24,NVDA,146.3449429256941,Q4 - marché fort,0.0620696841699726
2022-03-24,AMD,85.3347327418387,Q4 - marché fort,0.0620696841699726
2022-03-24,TSLA,155.5458019115233,Q4 - marché fort,0.0620696841699726
2022-03-24,BA,15.13067675901425,Q4 - marché fort,0.0620696841699726
2022-03-24,NFLX,-9.4766122619435,Q4 - marché fort,0.0620696841699726
2022-03-28,NVDA,-37.72809092060516,Q4 - marché fort,0.0967060090501974
2022-03-28,AMD,-145.96612551950147,Q4 - marché fort,0.0967060090501974
2022-03-28,TSLA,19.53499052873076,Q4 - marché fort,0.0967060090501974
2022-03-28,ADBE,99.25301836652147,Q4 - marché fort,0.0967060090501974
2022-03-28,NFLX,-7.221538174791249,Q4 - marché fort,0.0967060090501974
2022-03-31,NVDA,-34.00680605756611,Q4 - marché fort,0.0271455743422757
2022-03-31,TSLA,87.65658119366799,Q4 - marché fort,0.0271455743422757
2022-03-31,META,42.838054357278224,Q4 - marché fort,0.0271455743422757
2022-04-04,TSLA,-62.889631812020525,Q4 - marché fort,0.0279258280786218
2022-04-06,ADBE,-64.95390826589824,Q2 - faible/neutre,0.0061289848783645
2022-05-04,META,-139.11484868821776,Q1 - marché faible,-0.0351915927907046
2022-05-04,AMD,-244.20891431614015,Q1 - marché faible,-0.0351915927907046
2022-05-06,COP,-134.14539427866475,Q1 - marché faible,-0.0345038803584172
2022-05-06,XOM,-144.33942595650433,Q1 - marché faible,-0.0345038803584172
2022-05-09,COP,-101.11810135415408,Q1 - marché faible,-0.0708035483001771
2022-05-10,META,-11.726269486973251,Q1 - marché faible,-0.0408796566899261
2022-05-13,AMD,118.60485774514814,Q1 - marché faible,-0.0249513783345531
2022-05-13,COP,90.41968292633668,Q1 - marché faible,-0.0249513783345531
2022-05-13,XOM,72.40234932391922,Q1 - marché faible,-0.0249513783345531
2022-05-13,AVGO,14.375465374165287,Q1 - marché faible,-0.0249513783345531
2022-05-13,CVX,63.57259243829026,Q1 - marché faible,-0.0249513783345531
2022-05-16,COP,24.254724288360197,Q1 - marché faible,-0.0347184089695866
2022-05-16,XOM,42.26045887717851,Q1 - marché faible,-0.0347184089695866
2022-05-16,CVX,-12.465893617119493,Q1 - marché faible,-0.0347184089695866
2022-05-17,AMD,-90.08305142906602,Q1 - marché faible,-0.0193570696188239
2022-05-23,AMD,141.78582819126905,Q2 - faible/neutre,-0.0031393808777111
2022-05-23,NFLX,49.65934481600653,Q2 - faible/neutre,-0.0031393808777111
2022-05-23,COP,123.43420840705426,Q2 - faible/neutre,-0.0031393808777111
2022-05-23,ADBE,17.855349178411416,Q2 - faible/neutre,-0.0031393808777111
2022-05-23,MA,54.83927267348395,Q2 - faible/neutre,-0.0031393808777111
2022-05-26,NVDA,318.11317024880736,Q4 - marché fort,0.0330579963112585
2022-05-26,AMD,226.68301234285968,Q4 - marché fort,0.0330579963112585
2022-05-26,NFLX,115.41659595518628,Q4 - marché fort,0.0330579963112585
2022-05-26,COP,-8.999012139794104,Q4 - marché fort,0.0330579963112585
2022-05-26,ADBE,45.777574098332025,Q4 - marché fort,0.0330579963112585
2022-05-31,AMD,75.07314290661407,Q4 - marché fort,0.0320930111899158
2022-05-31,NVDA,-32.900509479186894,Q4 - marché fort,0.0320930111899158
2022-05-31,BA,126.82198618526172,Q4 - marché fort,0.0320930111899158
2022-05-31,NFLX,25.63286795130989,Q4 - marché fort,0.0320930111899158
2022-05-31,AMZN,104.98010051369738,Q4 - marché fort,0.0320930111899158
2022-06-03,NVDA,-37.7958256821621,Q4 - marché fort,0.0541261880612684
2022-06-03,AMD,-7.35101514041844,Q4 - marché fort,0.0541261880612684
2022-06-03,NFLX,-36.549141972368034,Q4 - marché fort,0.0541261880612684
2022-06-03,BA,6.864310539730468,Q4 - marché fort,0.0541261880612684
2022-06-03,CRM,-29.05764792911259,Q4 - marché fort,0.0541261880612684
2022-06-06,TSLA,-44.92210780046207,Q4 - marché fort,0.0568743351366745
2022-06-06,NVDA,-125.03708643842378,Q4 - marché fort,0.0568743351366745
2022-06-06,AMD,-189.4920996674398,Q4 - marché fort,0.0568743351366745
2022-06-06,NFLX,-101.40420000199606,Q4 - marché fort,0.0568743351366745
2022-06-06,CRM,-24.394730256892217,Q4 - marché fort,0.0568743351366745
2022-06-09,TSLA,-279.07046577929714,Q2 - faible/neutre,0.0102423255992964
2022-06-09,NVDA,-314.46644532806863,Q2 - faible/neutre,0.0102423255992964
2022-06-09,AMD,-293.1896750163048,Q2 - faible/neutre,0.0102423255992964
2022-06-09,AMZN,-276.4409007162226,Q2 - faible/neutre,0.0102423255992964
2022-06-09,CRM,-241.4543647510648,Q2 - faible/neutre,0.0102423255992964
2022-06-24,BA,44.84129428321012,Q1 - marché faible,-0.0241006058234667
2022-06-27,TSLA,-180.13494417459765,Q2 - faible/neutre,0.0012023394149007
2022-06-27,BA,-48.25314536216524,Q2 - faible/neutre,0.0012023394149007
2022-06-28,NFLX,-88.58595538151167,Q3 - neutre/fort,0.0194515711938989
2022-06-28,PLD,-26.669338459622622,Q3 - neutre/fort,0.0194515711938989
2022-06-28,ORCL,3.85567860438232,Q3 - neutre/fort,0.0194515711938989
2022-06-30,AMT,25.566794925785416,Q2 - faible/neutre,-0.0008448281433843
2022-07-01,TSLA,42.27436654846474,Q4 - marché fort,0.0442842989024827
2022-07-01,AMZN,112.56874275212364,Q4 - marché fort,0.0442842989024827
2022-07-01,CRM,74.23096340714233,Q4 - marché fort,0.0442842989024827
2022-07-01,PLD,47.21299691871218,Q4 - marché fort,0.0442842989024827
2022-07-05,TSLA,215.77009316005436,Q4 - marché fort,0.044005832386641
2022-07-05,NFLX,104.30191563148468,Q4 - marché fort,0.044005832386641
2022-07-05,AMZN,128.93023865670716,Q4 - marché fort,0.044005832386641
2022-07-05,CRM,99.0957495439702,Q4 - marché fort,0.044005832386641
2022-07-05,GOOGL,186.3155361674017,Q4 - marché fort,0.044005832386641
2022-07-08,TSLA,-66.72982957233285,Q4 - marché fort,0.0280645329955229
2022-07-08,META,-84.08097303778823,Q4 - marché fort,0.0280645329955229
2022-07-08,GOOGL,-29.650006394089587,Q4 - marché fort,0.0280645329955229
2022-07-12,BA,145.07083730897557,Q1 - marché faible,-0.0199699937672734
2022-07-15,TSLA,0.5237207019722518,Q3 - neutre/fort,0.0208878349666292
2022-07-15,AMD,45.77111621909171,Q3 - neutre/fort,0.0208878349666292
2022-07-15,NFLX,162.9346316064275,Q3 - neutre/fort,0.0208878349666292
2022-07-15,AMZN,17.822344340204154,Q3 - neutre/fort,0.0208878349666292
2022-07-15,BA,-21.766525776103435,Q3 - neutre/fort,0.0208878349666292
2022-07-18,TSLA,208.3524421101872,Q2 - faible/neutre,0.0018622926897855
2022-07-18,NVDA,203.56487784412772,Q2 - faible/neutre,0.0018622926897855
2022-07-18,AMD,204.54689120833405,Q2 - faible/neutre,0.0018622926897855
2022-07-18,NFLX,310.00910016192506,Q2 - faible/neutre,0.0018622926897855
2022-07-18,BA,97.69138232877071,Q2 - faible/neutre,0.0018622926897855
2022-07-21,TSLA,107.82698946610208,Q3 - neutre/fort,0.0251933754882338
2022-07-21,NFLX,38.35308847603847,Q3 - neutre/fort,0.0251933754882338
2022-07-21,NVDA,-109.9541629868504,Q3 - neutre/fort,0.0251933754882338
2022-07-21,AMD,-54.89569557487903,Q3 - neutre/fort,0.0251933754882338
2022-07-21,BA,-32.68739533762528,Q3 - neutre/fort,0.0251933754882338
2022-07-25,NVDA,116.8423497562676,Q4 - marché fort,0.0295137015271733
2022-07-25,NFLX,41.178399968595386,Q4 - marché fort,0.0295137015271733
2022-07-25,TSLA,63.6784413313012,Q4 - marché fort,0.0295137015271733
2022-07-25,AMD,120.85529040234042,Q4 - marché fort,0.0295137015271733
2022-07-25,COP,105.1577957903978,Q4 - marché fort,0.0295137015271733
2022-07-28,NFLX,11.496993181255675,Q4 - marché fort,0.0745152180178236
2022-07-28,NVDA,53.29596305715222,Q4 - marché fort,0.0745152180178236
2022-07-28,TSLA,132.42566867638834,Q4 - marché fort,0.0745152180178236
2022-07-28,BA,213.2940970132522,Q4 - marché fort,0.0745152180178236
2022-07-28,AMD,151.565199349227,Q4 - marché fort,0.0745152180178236
2022-08-01,NFLX,66.67509931625045,Q4 - marché fort,0.0754549006954539
2022-08-01,NVDA,128.46294855028327,Q4 - marché fort,0.0754549006954539
2022-08-01,TSLA,52.67553285258509,Q4 - marché fort,0.0754549006954539
2022-08-01,AMZN,127.43459298971447,Q4 - marché fort,0.0754549006954539
2022-08-01,AMD,196.7591652149522,Q4 - marché fort,0.0754549006954539
2022-08-04,NVDA,-142.27085144229295,Q4 - marché fort,0.0385667792203137
2022-08-04,AMD,59.938327589636174,Q4 - marché fort,0.0385667792203137
2022-08-04,TSLA,-169.91435588259992,Q4 - marché fort,0.0385667792203137
2022-08-04,AMZN,-25.6924702360252,Q4 - marché fort,0.0385667792203137
2022-08-05,COP,140.31859584174936,Q4 - marché fort,0.0465210594313665
2022-08-08,TSLA,-73.64030124384044,Q4 - marché fort,0.0440377225752883
2022-08-08,AMD,-51.68738168899063,Q4 - marché fort,0.0440377225752883
2022-08-08,NFLX,156.69186509008796,Q4 - marché fort,0.0440377225752883
2022-08-08,AMZN,-28.964166080937503,Q4 - marché fort,0.0440377225752883
2022-08-08,BA,16.522835802719783,Q4 - marché fort,0.0440377225752883
2022-08-11,AMD,21.380575566202424,Q4 - marché fort,0.034279565582229
2022-08-11,META,11.03988825646229,Q4 - marché fort,0.034279565582229
2022-08-11,AMZN,-16.233431080585888,Q4 - marché fort,0.034279565582229
2022-08-11,NFLX,38.66555749819236,Q4 - marché fort,0.034279565582229
2022-08-11,COP,71.00197801079594,Q4 - marché fort,0.034279565582229
2022-08-15,META,-63.85857067644292,Q4 - marché fort,0.0440391632700054
2022-08-15,AMZN,-13.52828654470295,Q4 - marché fort,0.0440391632700054
2022-08-15,COP,157.2691214212159,Q4 - marché fort,0.0440391632700054
2022-08-15,NFLX,-34.21774908993439,Q4 - marché fort,0.0440391632700054
2022-08-18,COP,57.19850118333761,Q4 - marché fort,0.0331264417350165
2022-08-18,NFLX,-162.52649798236325,Q4 - marché fort,0.0331264417350165
2022-08-22,COP,193.1608013306168,Q2 - faible/neutre,0.0008714492671375
2022-08-22,DIS,-9.894173393592157,Q2 - faible/neutre,0.0008714492671375
2022-09-12,NFLX,13.813181044759858,Q3 - neutre/fort,0.013964809727978
2022-09-12,TSLA,20.051697187579062,Q3 - neutre/fort,0.013964809727978
2022-09-15,NFLX,136.90263049167245,Q1 - marché faible,-0.0128040668521407
2022-09-15,TSLA,54.84710975928738,Q1 - marché faible,-0.0128040668521407
2022-09-15,COP,-54.23762711980771,Q1 - marché faible,-0.0128040668521407
2022-09-19,NFLX,-87.04213387727759,Q2 - faible/neutre,-0.0053383538811532
2022-09-19,TSLA,-101.16216490482248,Q2 - faible/neutre,-0.0053383538811532
2022-09-28,NFLX,95.77776054258266,Q1 - marché faible,-0.0571414911415162
2022-10-05,COP,6.805105778145844,Q2 - faible/neutre,-0.0007950437121115
2022-10-05,CRM,-112.38955822421758,Q2 - faible/neutre,-0.0007950437121115
2022-10-06,LLY,-36.01409036149698,Q2 - faible/neutre,-0.0027256867423138
2022-10-10,COP,80.90940037494101,Q1 - marché faible,-0.0117756096848317
2022-10-10,XOM,4.280263803894286,Q1 - marché faible,-0.0117756096848317
2022-10-10,CVX,60.07946007597593,Q1 - marché faible,-0.0117756096848317
2022-10-10,LLY,38.88905546125579,Q1 - marché faible,-0.0117756096848317
2022-10-13,BA,184.6812631911093,Q2 - faible/neutre,0.0087653960711837
2022-10-13,COP,80.06705517835735,Q2 - faible/neutre,0.0087653960711837
2022-10-13,ADBE,121.12303281693448,Q2 - faible/neutre,0.0087653960711837
2022-10-13,GE,195.5351023011126,Q2 - faible/neutre,0.0087653960711837
2022-10-13,XOM,68.81420400458182,Q2 - faible/neutre,0.0087653960711837
2022-10-17,NKE,-84.64313164449368,Q2 - faible/neutre,0.0005731050451784
2022-10-17,BA,36.069155339098415,Q2 - faible/neutre,0.0005731050451784
2022-10-17,COP,39.30770184259836,Q2 - faible/neutre,0.0005731050451784
2022-10-17,JPM,11.113205299827314,Q2 - faible/neutre,0.0005731050451784
2022-10-17,GE,33.57439832148293,Q2 - faible/neutre,0.0005731050451784
2022-10-20,NFLX,88.26952570878893,Q1 - marché faible,-0.0208734885080347
2022-10-20,BA,64.86473629917919,Q1 - marché faible,-0.0208734885080347
2022-10-20,BAC,79.15830005267526,Q1 - marché faible,-0.0208734885080347
2022-10-20,JPM,111.7900526049766,Q1 - marché faible,-0.0208734885080347
2022-10-20,GE,91.0927973247194,Q1 - marché faible,-0.0208734885080347
2022-10-24,NVDA,140.12101656498953,Q4 - marché fort,0.0523582091519485
2022-10-24,NFLX,57.63589934810307,Q4 - marché fort,0.0523582091519485
2022-10-24,AMZN,-209.48246782451588,Q4 - marché fort,0.0523582091519485
2022-10-24,CRM,-29.500714789097856,Q4 - marché fort,0.0523582091519485
2022-10-24,BLK,187.7267702912918,Q4 - marché fort,0.0523582091519485
2022-10-27,NVDA,-32.401292283330804,Q4 - marché fort,0.038281732743906
2022-10-27,NFLX,-64.6375271268289,Q4 - marché fort,0.038281732743906
2022-10-27,BA,102.37851122812572,Q4 - marché fort,0.038281732743906
2022-10-27,CRM,7.901264743099546,Q4 - marché fort,0.038281732743906
2022-10-27,BLK,4.213714135436476,Q4 - marché fort,0.038281732743906
2022-10-31,NVDA,-77.00156641629837,Q4 - marché fort,0.0528593518768032
2022-10-31,NFLX,-248.13855146105837,Q4 - marché fort,0.0528593518768032
2022-10-31,AMT,-9.835048553073648,Q4 - marché fort,0.0528593518768032
2022-10-31,CRM,-273.8192310576378,Q4 - marché fort,0.0528593518768032
2022-10-31,BLK,-106.86872172141238,Q4 - marché fort,0.0528593518768032
2022-11-03,NVDA,247.05474122014857,Q3 - neutre/fort,0.0153251194920951
2022-11-03,BA,279.71294659116666,Q3 - neutre/fort,0.0153251194920951
2022-11-03,AMT,-20.887429152913228,Q3 - neutre/fort,0.0153251194920951
2022-11-03,PLD,60.82816311307033,Q3 - neutre/fort,0.0153251194920951
2022-11-03,CAT,198.4744421415376,Q3 - neutre/fort,0.0153251194920951
2022-11-07,AMD,238.1807126486292,Q2 - faible/neutre,0.0028506551217601
2022-11-07,NVDA,290.6905342806531,Q2 - faible/neutre,0.0028506551217601
2022-11-07,BA,272.29372321328174,Q2 - faible/neutre,0.0028506551217601
2022-11-07,NKE,86.31959925068304,Q2 - faible/neutre,0.0028506551217601
2022-11-07,AMT,213.01163655943583,Q2 - faible/neutre,0.0028506551217601
2022-11-10,META,192.0754715895473,Q4 - marché fort,0.0387126198190901
2022-11-10,AMD,426.6188690398794,Q4 - marché fort,0.0387126198190901
2022-11-10,NVDA,302.231478876879,Q4 - marché fort,0.0387126198190901
2022-11-10,BA,19.129735511104627,Q4 - marché fort,0.0387126198190901
2022-11-10,NKE,228.27034970473323,Q4 - marché fort,0.0387126198190901
2022-11-14,META,6.900876289334974,Q3 - neutre/fort,0.0230704259214307
2022-11-14,AMD,-63.33384107772099,Q3 - neutre/fort,0.0230704259214307
2022-11-14,NVDA,-114.01072914030648,Q3 - neutre/fort,0.0230704259214307
2022-11-14,BA,-74.46771249358972,Q3 - neutre/fort,0.0230704259214307
2022-11-14,NKE,-1.5377288192785272,Q3 - neutre/fort,0.0230704259214307
2022-11-17,AMD,79.0671625096652,Q4 - marché fort,0.0626128857299992
2022-11-17,AMZN,-104.09829369952148,Q4 - marché fort,0.0626128857299992
2022-11-17,NVDA,-87.38018394663368,Q4 - marché fort,0.0626128857299992
2022-11-17,META,-22.31484499771659,Q4 - marché fort,0.0626128857299992
2022-11-17,NFLX,-107.7295974849858,Q4 - marché fort,0.0626128857299992
2022-11-21,AMD,120.49631286238356,Q4 - marché fort,0.0385313681117902
2022-11-21,NVDA,225.453886096117,Q4 - marché fort,0.0385313681117902
2022-11-21,NFLX,-65.0301802779959,Q4 - marché fort,0.0385313681117902
2022-11-21,META,-9.31861998021759,Q4 - marché fort,0.0385313681117902
2022-11-21,ADBE,38.77050289211411,Q4 - marché fort,0.0385313681117902
2022-11-25,AMD,-110.78730457645815,Q3 - neutre/fort,0.0193571221944841
2022-11-25,DIS,-106.79989007748736,Q3 - neutre/fort,0.0193571221944841
2022-12-01,AMD,-194.48452425511505,Q4 - marché fort,0.0301680809762003
2022-12-01,NVDA,-78.01731392686497,Q4 - marché fort,0.0301680809762003
2022-12-01,META,78.78375866304486,Q4 - marché fort,0.0301680809762003
2022-12-02,TSLA,-158.629386314959,Q4 - marché fort,0.0321377994409055
2022-12-02,NFLX,14.95608440174965,Q4 - marché fort,0.0321377994409055
2022-12-05,NVDA,84.17923858448421,Q2 - faible/neutre,0.0089892263353656
2022-12-05,NFLX,-66.33253930902674,Q2 - faible/neutre,0.0089892263353656
2022-12-06,TSLA,-42.3086825806854,Q2 - faible/neutre,-0.0019261593155175
2022-12-08,NFLX,53.820480960268014,Q1 - marché faible,-0.0153572392631584
2022-12-12,NVDA,-21.53928706893112,Q2 - faible/neutre,0.0076786262955697
2022-12-12,NFLX,-292.6896104112361,Q2 - faible/neutre,0.0076786262955697
2022-12-12,META,19.824607913547425,Q2 - faible/neutre,0.0076786262955697
2022-12-13,BA,-111.73503355860794,Q3 - neutre/fort,0.0170534461646842
2022-12-20,BA,40.39670406506502,Q1 - marché faible,-0.0293083975316141
2022-12-21,META,-1.393272137763233,Q1 - marché faible,-0.0131156728163678
2022-12-21,NKE,14.771103746972583,Q1 - marché faible,-0.0131156728163678
2022-12-23,COP,121.66702134420213,Q1 - marché faible,-0.0218970056697305
2022-12-23,BA,12.436023027210013,Q1 - marché faible,-0.0218970056697305
2022-12-27,COP,-4.021012862162479,Q1 - marché faible,-0.0396004679953753
2022-12-29,NKE,63.60146394899903,Q1 - marché faible,-0.035551561693594
2023-01-04,NFLX,166.98384838199263,Q2 - faible/neutre,0.0098416251115427
2023-01-04,META,44.243843221296174,Q2 - faible/neutre,0.0098416251115427
2023-01-09,AMD,207.6157940416788,Q3 - neutre/fort,0.0187537566613937
2023-01-09,NFLX,123.93399218105787,Q3 - neutre/fort,0.0187537566613937
2023-01-11,TSLA,235.24050796612076,Q4 - marché fort,0.0370214010492786
2023-01-11,NVDA,363.0668617722731,Q4 - marché fort,0.0370214010492786
2023-01-12,AMD,62.81931640531366,Q4 - marché fort,0.0538948154398399
2023-01-12,NFLX,-66.77037852312651,Q4 - marché fort,0.0538948154398399
2023-01-12,AMZN,-34.59033421231561,Q4 - marché fort,0.0538948154398399
2023-01-17,TSLA,194.2365201291705,Q4 - marché fort,0.040112044462597
2023-01-17,NVDA,176.88066121246266,Q4 - marché fort,0.040112044462597
2023-01-17,AMD,-44.24836752281817,Q4 - marché fort,0.040112044462597
2023-01-17,NFLX,108.36998344216543,Q4 - marché fort,0.040112044462597
2023-01-17,AMZN,-51.352706103155015,Q4 - marché fort,0.040112044462597
2023-01-20,TSLA,385.1394783011797,Q4 - marché fort,0.0434918528279715
2023-01-20,NVDA,425.49777129705535,Q4 - marché fort,0.0434918528279715
2023-01-20,AMD,419.3627133076666,Q4 - marché fort,0.0434918528279715
2023-01-20,AMZN,126.5790403545452,Q4 - marché fort,0.0434918528279715
2023-01-20,NFLX,189.00764886252364,Q4 - marché fort,0.0434918528279715
2023-01-23,TSLA,648.9417928715125,Q4 - marché fort,0.032338819701053
2023-01-23,NVDA,348.19987972121226,Q4 - marché fort,0.032338819701053
2023-01-23,AMD,144.81606244174554,Q4 - marché fort,0.032338819701053
2023-01-23,NFLX,248.8532639817745,Q4 - marché fort,0.032338819701053
2023-01-23,AMZN,50.9659831863496,Q4 - marché fort,0.032338819701053
2023-01-26,TSLA,156.96760932191,Q3 - neutre/fort,0.0233364064224199
2023-01-26,NVDA,-115.7660243225755,Q3 - neutre/fort,0.0233364064224199
2023-01-26,AMD,-216.810009864741,Q3 - neutre/fort,0.0233364064224199
2023-01-26,CRM,155.16148623502613,Q3 - neutre/fort,0.0233364064224199
2023-01-26,NFLX,-175.56501662203118,Q3 - neutre/fort,0.0233364064224199
2023-01-30,TSLA,216.21548530705604,Q2 - faible/neutre,0.00524463762953
2023-01-30,NVDA,331.94717970927195,Q2 - faible/neutre,0.00524463762953
2023-01-31,AMZN,77.44934529756256,Q3 - neutre/fort,0.0218970131165598
2023-02-01,AMD,256.5495425919239,Q4 - marché fort,0.049324423035032
2023-02-02,TSLA,158.18619665937695,Q4 - marché fort,0.0724064134233832
2023-02-02,NVDA,9.399094184650494,Q4 - marché fort,0.0724064134233832
2023-02-02,META,48.04604594185093,Q4 - marché fort,0.0724064134233832
2023-02-03,AMZN,-123.22833175329652,Q4 - marché fort,0.0416036080544324
2023-02-06,TSLA,295.5909199195203,Q3 - neutre/fort,0.0229640285798229
2023-02-06,NVDA,293.78220740451343,Q3 - neutre/fort,0.0229640285798229
2023-02-06,AMD,-77.27416214970617,Q3 - neutre/fort,0.0229640285798229
2023-02-06,META,-197.6726283240928,Q3 - neutre/fort,0.0229640285798229
2023-02-07,AMZN,-151.25716049380253,Q4 - marché fort,0.0374562570379515
2023-02-09,TSLA,-269.8371409542315,Q2 - faible/neutre,0.005781470371295
2023-02-09,META,-157.0586692959996,Q2 - faible/neutre,0.005781470371295
2023-02-09,AMD,-139.36165624524756,Q2 - faible/neutre,0.005781470371295
2023-02-09,NVDA,-155.41269886386,Q2 - faible/neutre,0.005781470371295
2023-02-13,TSLA,148.24565961624148,Q4 - marché fort,0.0305550465367154
2023-02-13,META,-137.25941681983613,Q4 - marché fort,0.0305550465367154
2023-02-13,NVDA,77.98397769759003,Q4 - marché fort,0.0305550465367154
2023-02-13,AMD,-81.05899356532154,Q4 - marché fort,0.0305550465367154
2023-02-16,TSLA,-261.679884623984,Q1 - marché faible,-0.020394451187527
2023-02-23,NVDA,2.36143812710543,Q1 - marché faible,-0.0243272067127073
2023-02-27,TSLA,-224.7103524195304,Q1 - marché faible,-0.025267180432773
2023-02-27,NVDA,-67.43475910733923,Q1 - marché faible,-0.025267180432773
2023-03-03,NVDA,31.14435780987833,Q1 - marché faible,-0.0100178028608713
2023-03-06,NVDA,-81.09459690087442,Q2 - faible/neutre,-0.0068507444732184
2023-03-07,AMD,68.51489315637582,Q2 - faible/neutre,-0.0020546398898114
2023-03-10,AMD,-120.80396911464686,Q1 - marché faible,-0.0264139269699973
2023-03-10,CRM,-72.46031176450606,Q1 - marché faible,-0.0264139269699973
2023-03-13,CRM,358.5962803370076,Q1 - marché faible,-0.0311016011369171
2023-03-14,AMD,651.8908732024252,Q1 - marché faible,-0.0114322069139323
2023-03-14,META,160.35454321350653,Q1 - marché faible,-0.0114322069139323
2023-03-15,NVDA,351.39814600770114,Q1 - marché faible,-0.0138318895906771
2023-03-17,AMD,-1.8656840267367445,Q1 - marché faible,-0.03144942327471
2023-03-17,META,-65.22479700050962,Q1 - marché faible,-0.03144942327471
2023-03-20,AMD,162.5428776498875,Q1 - marché faible,-0.0228130836497619
2023-03-20,META,112.59961114611816,Q1 - marché faible,-0.0228130836497619
2023-03-20,NVDA,246.01704770990185,Q1 - marché faible,-0.0228130836497619
2023-03-21,TSLA,38.7476756693568,Q2 - faible/neutre,0.0054295767768552
2023-03-23,AMD,-154.77180376177057,Q2 - faible/neutre,0.0079441168199732
2023-03-23,NFLX,312.3934613980364,Q2 - faible/neutre,0.0079441168199732
2023-03-23,NVDA,-101.16997809953136,Q2 - faible/neutre,0.0079441168199732
2023-03-23,META,-8.445330305590687,Q2 - faible/neutre,0.0079441168199732
2023-03-24,TSLA,-4.903328724614767,Q4 - marché fort,0.0294119203825786
2023-03-27,TSLA,10.298386496431704,Q4 - marché fort,0.0328087459952797
2023-03-27,AMD,-14.54963480299648,Q4 - marché fort,0.0328087459952797
2023-03-27,NFLX,131.9785545986806,Q4 - marché fort,0.0328087459952797
2023-03-27,NVDA,77.54631070666528,Q4 - marché fort,0.0328087459952797
2023-03-27,META,53.9453848220428,Q4 - marché fort,0.0328087459952797
2023-03-30,TSLA,-26.450301586191927,Q3 - neutre/fort,0.0230509808547441
2023-03-30,NFLX,92.67829358437848,Q3 - neutre/fort,0.0230509808547441
2023-03-30,NVDA,107.5576155528288,Q3 - neutre/fort,0.0230509808547441
2023-03-31,COP,369.5160293974859,Q4 - marché fort,0.0497448453410733
2023-04-03,TSLA,-336.6998220108808,Q4 - marché fort,0.0437090666076218
2023-04-03,NFLX,-40.897536672259776,Q4 - marché fort,0.0437090666076218
2023-04-03,COP,38.53462683555336,Q4 - marché fort,0.0437090666076218
2023-04-06,NFLX,-13.184266600704175,Q4 - marché fort,0.0407454783763623
2023-05-08,AMD,334.46708846602,Q2 - faible/neutre,0.0002664516765844
2023-05-08,TSLA,-50.24719463657766,Q2 - faible/neutre,0.0002664516765844
2023-05-11,AMD,-42.87771161377623,Q2 - faible/neutre,-0.0006789739791144
2023-05-11,TSLA,-69.93807442931757,Q2 - faible/neutre,-0.0006789739791144
2023-05-15,AMD,576.5974898921286,Q2 - faible/neutre,-0.0060166610756332
2023-05-17,TSLA,532.3439951250466,Q3 - neutre/fort,0.0176708926571
2023-05-18,AMD,166.3069418715604,Q4 - marché fort,0.0348035963376134
2023-05-22,AMD,684.1260737549983,Q3 - neutre/fort,0.0146581795629308
2023-05-22,TSLA,87.902804063031,Q3 - neutre/fort,0.0146581795629308
2023-05-25,AMD,315.1821504415075,Q2 - faible/neutre,0.0061148405348305
2023-05-25,NVDA,188.64755444005183,Q2 - faible/neutre,0.0061148405348305
2023-05-25,TSLA,366.2459239750088,Q2 - faible/neutre,0.0061148405348305
2023-05-30,NVDA,-164.85324673318428,Q3 - neutre/fort,0.017360236768293
2023-05-30,AMD,-486.32906004883534,Q3 - neutre/fort,0.017360236768293
2023-05-30,TSLA,330.3085985868711,Q3 - neutre/fort,0.017360236768293
2023-05-30,AVGO,-145.79963082477752,Q3 - neutre/fort,0.017360236768293
2023-05-30,NFLX,26.89927764258482,Q3 - neutre/fort,0.017360236768293
2023-06-02,NVDA,-122.27202075303376,Q3 - neutre/fort,0.0207284583783573
2023-06-02,AMD,-123.03961323132626,Q3 - neutre/fort,0.0207284583783573
2023-06-02,AVGO,61.53648387121757,Q3 - neutre/fort,0.0207284583783573
2023-06-02,TSLA,162.5690472843953,Q3 - neutre/fort,0.0207284583783573
2023-06-02,NFLX,-1.894153926963554,Q3 - neutre/fort,0.0207284583783573
2023-06-05,NVDA,-59.16194861316944,Q3 - neutre/fort,0.0202569290416583
2023-06-05,AMD,176.6559068233346,Q3 - neutre/fort,0.0202569290416583
2023-06-05,AVGO,-39.94981659824953,Q3 - neutre/fort,0.0202569290416583
2023-06-05,TSLA,372.0139605271106,Q3 - neutre/fort,0.0202569290416583
2023-06-05,NFLX,97.86501689133912,Q3 - neutre/fort,0.0202569290416583
2023-06-08,NVDA,221.9602294510305,Q4 - marché fort,0.0438833531961377
2023-06-08,AMD,449.9418405609613,Q4 - marché fort,0.0438833531961377
2023-06-08,AVGO,371.6036057084557,Q4 - marché fort,0.0438833531961377
2023-06-08,TSLA,564.3786757605976,Q4 - marché fort,0.0438833531961377
2023-06-08,ADBE,568.9666622934628,Q4 - marché fort,0.0438833531961377
2023-06-12,AVGO,471.569970068058,Q4 - marché fort,0.0328079615508731
2023-06-12,TSLA,164.633452950402,Q4 - marché fort,0.0328079615508731
2023-06-12,ADBE,310.2648110679402,Q4 - marché fort,0.0328079615508731
2023-06-14,NVDA,397.0031130505768,Q4 - marché fort,0.0462605715263158
2023-06-14,AMD,-317.4809067796514,Q4 - marché fort,0.0462605715263158
2023-06-15,AVGO,-115.53513994608876,Q4 - marché fort,0.0492625879013386
2023-06-15,TSLA,578.8592401093892,Q4 - marché fort,0.0492625879013386
2023-06-15,ADBE,112.34916136127504,Q4 - marché fort,0.0492625879013386
2023-06-20,TSLA,-118.86140692899698,Q4 - marché fort,0.027403343197299
2023-06-20,ADBE,-22.429153104262696,Q4 - marché fort,0.027403343197299
2023-06-20,NVDA,-117.75390305610472,Q4 - marché fort,0.027403343197299
2023-06-23,TSLA,-410.8828961587833,Q3 - neutre/fort,0.0132576192579669
2023-06-23,ADBE,67.24877785537683,Q3 - neutre/fort,0.0132576192579669
2023-06-26,ADBE,-2.406007552769552,Q2 - faible/neutre,0.0073102601682861
2023-06-27,NVDA,195.92449953976663,Q2 - faible/neutre,0.0091983925002694
2023-07-03,TSLA,-10.289296169022236,Q2 - faible/neutre,0.0098529123544122
2023-07-06,TSLA,-183.51226570930797,Q3 - neutre/fort,0.0108519971788287
2023-07-11,TSLA,254.62483226630135,Q3 - neutre/fort,0.0255422623358514
2023-07-14,TSLA,261.9149151338252,Q3 - neutre/fort,0.0254960454536219
2023-07-24,NVDA,137.88302040085,Q4 - marché fort,0.0330710010489592
2023-08-04,META,17.670174061297075,Q1 - marché faible,-0.0118756878423449
2023-08-07,AMD,-314.1430763315975,Q2 - faible/neutre,-0.0076838693978629
2023-08-07,META,-148.9585342449118,Q2 - faible/neutre,-0.0076838693978629
2023-08-23,NVDA,108.0972698081514,Q2 - faible/neutre,-0.0061020952372289
2023-08-28,NVDA,339.33672407663653,Q1 - marché faible,-0.011938874151938
2023-08-29,TSLA,142.92929486966932,Q3 - neutre/fort,0.0141570559480361
2023-08-31,NVDA,-109.9785029126133,Q4 - marché fort,0.0322261860723287
2023-09-01,TSLA,-28.715702175860315,Q4 - marché fort,0.0336541092217153
2023-09-01,AVGO,-198.8624585940479,Q4 - marché fort,0.0336541092217153
2023-09-05,TSLA,70.04975123393979,Q3 - neutre/fort,0.0225339755928315
2023-09-08,TSLA,497.37646000888617,Q3 - neutre/fort,0.0197531530175478
2023-09-11,TSLA,247.38827071698412,Q3 - neutre/fort,0.0192740317733315
2023-09-14,TSLA,-142.31716279644024,Q2 - faible/neutre,-0.0014413065636094
2023-09-18,TSLA,-344.4798041756585,Q1 - marché faible,-0.0132875036385124
2023-10-05,AMD,187.02828083827265,Q1 - marché faible,-0.015971612201719
2023-10-06,TSLA,118.5261018550209,Q2 - faible/neutre,-0.0020446319391163
2023-10-09,AMD,141.19373745603843,Q2 - faible/neutre,0.0001388295927728
2023-10-10,TSLA,-162.49615091978012,Q3 - neutre/fort,0.0203344575406372
2023-10-19,NEE,-204.0808046115044,Q2 - faible/neutre,0.0045464212204495
2023-10-19,NFLX,18.494135270275365,Q2 - faible/neutre,0.0045464212204495
2023-10-23,NFLX,-8.431837091109628,Q1 - marché faible,-0.0273658598313669
2023-10-24,NEE,180.67582607378156,Q1 - marché faible,-0.0251070246044904
2023-10-26,NFLX,-30.776569163128443,Q1 - marché faible,-0.0486787785547432
2023-10-30,NFLX,311.5796430708806,Q1 - marché faible,-0.0468992987130355
2023-11-01,AMD,772.0055716635243,Q1 - marché faible,-0.0175496432180316
2023-11-02,NFLX,180.9173410963249,Q2 - faible/neutre,0.0101542633478963
2023-11-03,NVDA,226.54993268350967,Q4 - marché fort,0.0320520410992783
2023-11-06,AMD,36.08251808454315,Q4 - marché fort,0.0362222022191454
2023-11-06,NVDA,212.1818049357989,Q4 - marché fort,0.0362222022191454
2023-11-09,AMD,132.96532180343183,Q4 - marché fort,0.0516059350635698
2023-11-10,LLY,172.42174307330606,Q4 - marché fort,0.0728791043985703
2023-11-13,TSLA,506.90204159171753,Q4 - marché fort,0.0591930314477007
2023-11-13,AMD,66.38895462231358,Q4 - marché fort,0.0591930314477007
2023-11-13,LLY,-59.98285356002907,Q4 - marché fort,0.0591930314477007
2023-11-16,TSLA,-115.43221958796768,Q4 - marché fort,0.0451990616186828
2023-11-16,AMD,219.94431976101623,Q4 - marché fort,0.0451990616186828
2023-11-20,TSLA,25.532479818306456,Q4 - marché fort,0.0426220049339769
2023-11-24,TSLA,50.60358754554909,Q4 - marché fort,0.0494652595122979
2023-11-27,TSLA,72.94276826006444,Q4 - marché fort,0.0314791185285148
2023-12-12,AMD,319.9629109210837,Q3 - neutre/fort,0.0201569755363899
2023-12-15,AMD,-41.5210540819935,Q3 - neutre/fort,0.0264274212960731
2023-12-15,TSLA,9.403558788870214,Q3 - neutre/fort,0.0264274212960731
2023-12-18,AMD,22.26159505106898,Q4 - marché fort,0.0376481378827946
2023-12-18,TSLA,5.369147349540981,Q4 - marché fort,0.0376481378827946
2023-12-21,AMD,232.80201610576205,Q4 - marché fort,0.0357604762782239
2023-12-26,AMD,326.9355870954396,Q4 - marché fort,0.0337418896882126
2024-01-16,AMD,1027.0360230299766,Q2 - faible/neutre,-0.0007995305998708
2024-01-19,AMD,83.46541677852201,Q4 - marché fort,0.0324216830442034
2024-01-22,AMD,217.16100450574504,Q4 - marché fort,0.0331894252592768
2024-01-25,AMD,-221.04945351973856,Q3 - neutre/fort,0.0240682652584833
2024-01-29,AMD,-327.63928203333853,Q4 - marché fort,0.0306077244655826
2024-02-06,META,45.98363236240402,Q3 - neutre/fort,0.0188096837629818
2024-02-09,TSLA,-85.84947101632588,Q4 - marché fort,0.0282923735761029
2024-02-09,META,-71.20525675958379,Q4 - marché fort,0.0282923735761029
2024-02-12,META,212.7973939814592,Q3 - neutre/fort,0.019765034283032
2024-02-14,AMD,-313.83762938895507,Q4 - marché fort,0.0324924467738938
2024-02-15,TSLA,150.67349889759953,Q3 - neutre/fort,0.026185469527028
2024-02-15,META,-64.41264714469344,Q3 - neutre/fort,0.026185469527028
2024-02-15,NVDA,-423.6098830253486,Q3 - neutre/fort,0.026185469527028
2024-02-20,TSLA,-153.1543949579409,Q2 - faible/neutre,0.008547513165523
2024-02-22,NVDA,344.83113013468574,Q3 - neutre/fort,0.0188716888753734
2024-02-22,AMD,94.79696679967763,Q3 - neutre/fort,0.0188716888753734
2024-02-26,NVDA,-62.42450565940908,Q2 - faible/neutre,0.0095569723790507
2024-02-27,TSLA,-58.82835582802454,Q3 - neutre/fort,0.0118767066568921
2024-02-29,AMD,928.0017047525116,Q3 - neutre/fort,0.0190745352640042
2024-02-29,NVDA,508.4301905999637,Q3 - neutre/fort,0.0190745352640042
2024-03-04,AMD,195.8746453191161,Q3 - neutre/fort,0.0256051573970954
2024-03-04,NVDA,688.6191016634057,Q3 - neutre/fort,0.0256051573970954
2024-03-07,AMD,-485.8764604174785,Q3 - neutre/fort,0.0144038342826222
2024-03-07,NVDA,-358.70355466050296,Q3 - neutre/fort,0.0144038342826222
2024-03-11,NVDA,107.53001621928524,Q3 - neutre/fort,0.0104547736768623
2024-03-11,AMD,-557.0321409911085,Q3 - neutre/fort,0.0104547736768623
2024-03-14,NVDA,-99.3094912823808,Q3 - neutre/fort,0.0135215549457148
2024-03-22,NVDA,275.09757238701513,Q3 - neutre/fort,0.0217099361633645
2024-03-25,NVDA,-275.96607423527985,Q3 - neutre/fort,0.0197641028542054
2024-03-27,TSLA,-246.20529599311067,Q3 - neutre/fort,0.0171047736312288
2024-03-28,AVGO,152.7292772927185,Q3 - neutre/fort,0.0189244554162522
2024-04-01,TSLA,-208.8391927464272,Q3 - neutre/fort,0.0241844920147702
2024-04-10,GE,79.13638087917207,Q2 - faible/neutre,-0.0090399112277032
2024-04-15,GE,-197.05324965872296,Q1 - marché faible,-0.0339167021793802
2024-04-23,GE,179.31456785861792,Q1 - marché faible,-0.026322623287116
2024-04-29,TSLA,-315.62376307570867,Q3 - neutre/fort,0.0111210351335244
2024-05-02,TSLA,56.24044819538358,Q3 - neutre/fort,0.0110305847146634
2024-05-03,NVDA,318.2305823915858,Q4 - marché fort,0.0325753078983843
2024-05-03,AVGO,259.8379819856127,Q4 - marché fort,0.0325753078983843
2024-05-06,TSLA,-453.3664227849649,Q4 - marché fort,0.0337188469424611
2024-05-06,NVDA,-62.8701737957208,Q4 - marché fort,0.0337188469424611
2024-05-06,AVGO,90.23259186753056,Q4 - marché fort,0.0337188469424611
2024-05-09,NVDA,-23.195866152257626,Q4 - marché fort,0.0331288680380295
2024-05-09,META,-41.89676180760307,Q4 - marché fort,0.0331288680380295
2024-05-13,META,-6.645901937384224,Q3 - neutre/fort,0.0212720121828928
2024-05-14,NVDA,202.8318928160079,Q4 - marché fort,0.0424718700280761
2024-05-15,AMD,457.8590601224341,Q4 - marché fort,0.0588187615707653
2024-05-20,AMD,-226.0236932468224,Q3 - neutre/fort,0.026114617220613
2024-05-24,TSLA,60.83714917640191,Q3 - neutre/fort,0.0165115110862608
2024-05-24,AMD,419.25938609271,Q3 - neutre/fort,0.0165115110862608
2024-05-28,AMD,-116.69418475402836,Q3 - neutre/fort,0.0170855610114977
2024-05-29,NVDA,104.87170006534052,Q2 - faible/neutre,0.0053504574483307
2024-06-03,NVDA,434.9450158792606,Q2 - faible/neutre,-0.0031163823114315
2024-06-06,NVDA,-141.41418700780468,Q2 - faible/neutre,0.0091157671551052
2024-06-10,NVDA,521.761756161719,Q3 - neutre/fort,0.011748189455671
2024-06-13,NVDA,72.77373922326115,Q4 - marché fort,0.0379634638773991
2024-06-17,TSLA,131.24483908669208,Q4 - marché fort,0.0365667378831946
2024-06-17,NVDA,-133.39196482370517,Q4 - marché fort,0.0365667378831946
2024-06-17,AVGO,-273.90415441346613,Q4 - marché fort,0.0365667378831946
2024-06-17,ADBE,-49.23111169541244,Q4 - marché fort,0.0365667378831946
2024-06-20,NVDA,-1103.9250861963774,Q3 - neutre/fort,0.0230610306226393
2024-06-20,AVGO,-806.5009454374494,Q3 - neutre/fort,0.0230610306226393
2024-06-24,AVGO,-237.3937241649619,Q3 - neutre/fort,0.0196268493524369
2024-06-25,TSLA,468.7165247875546,Q3 - neutre/fort,0.0204004950311993
2024-06-27,AVGO,191.6056951781211,Q3 - neutre/fort,0.0125105075341624
2024-06-28,TSLA,332.71967397425124,Q2 - faible/neutre,0.0064994994829588
2024-07-01,TSLA,1693.1900657098222,Q2 - faible/neutre,0.0079576724073817
2024-07-03,AMD,612.2509004372614,Q2 - faible/neutre,0.0086586809827975
2024-07-05,TSLA,75.7660495335067,Q3 - neutre/fort,0.0172380205898261
2024-07-08,TSLA,-210.58775334542224,Q3 - neutre/fort,0.0197791356246703
2024-07-08,AMD,279.1651004977339,Q3 - neutre/fort,0.0197791356246703
2024-07-08,AVGO,-10.589879110289983,Q3 - neutre/fort,0.0197791356246703
2024-07-09,NVDA,-77.76144423599362,Q3 - neutre/fort,0.0240998502292608
2024-07-11,TSLA,-307.8708781501182,Q3 - neutre/fort,0.020109507046488
2024-07-11,AMD,-178.3161777030473,Q3 - neutre/fort,0.020109507046488
2024-07-11,AVGO,-217.3672499425047,Q3 - neutre/fort,0.020109507046488
2024-07-15,TSLA,-201.87508957991577,Q4 - marché fort,0.031806833704197
2024-07-15,AMD,-1118.9805128228072,Q4 - marché fort,0.031806833704197
2024-07-31,GE,-516.0789214281285,Q1 - marché faible,-0.0110065401359362
2024-08-07,META,158.6738149765406,Q1 - marché faible,-0.0417014576603851
2024-08-09,LLY,179.05798267941373,Q1 - marché faible,-0.021030732908269
2024-08-12,LLY,202.77035325623365,Q1 - marché faible,-0.0210917840930204
2024-08-12,META,255.4870749095444,Q1 - marché faible,-0.0210917840930204
2024-08-13,NVDA,726.8727856349287,Q2 - faible/neutre,7.366192083324563e-05
2024-08-13,AVGO,631.6314320653282,Q2 - faible/neutre,7.366192083324563e-05
2024-08-15,AMD,601.708717200614,Q3 - neutre/fort,0.0185263214578137
2024-08-15,LLY,-123.8515050296437,Q3 - neutre/fort,0.0185263214578137
2024-08-15,META,-43.24310621824316,Q3 - neutre/fort,0.0185263214578137
2024-08-16,NVDA,461.9997303081891,Q4 - marché fort,0.0401764777608943
2024-08-16,AVGO,128.08989152169488,Q4 - marché fort,0.0401764777608943
2024-08-19,NVDA,-46.92306998711865,Q4 - marché fort,0.0816228441943642
2024-08-19,AVGO,-128.95870183927764,Q4 - marché fort,0.0816228441943642
2024-08-19,AMD,149.88549102679465,Q4 - marché fort,0.0816228441943642
2024-08-19,TSLA,-238.1028253644636,Q4 - marché fort,0.0816228441943642
2024-08-19,LLY,231.81508754093105,Q4 - marché fort,0.0816228441943642
2024-08-22,NVDA,-217.0331519528336,Q4 - marché fort,0.0481858824388239
2024-08-22,TSLA,-361.34266563369965,Q4 - marché fort,0.0481858824388239
2024-08-22,AVGO,-489.0599336416826,Q4 - marché fort,0.0481858824388239
2024-08-22,AMD,-414.137864448664,Q4 - marché fort,0.0481858824388239
2024-08-22,LLY,-24.98465503840725,Q4 - marché fort,0.0481858824388239
2024-08-26,NVDA,-669.3329147073982,Q4 - marché fort,0.0516060729402385
2024-08-26,TSLA,-416.02569676204894,Q4 - marché fort,0.0516060729402385
2024-08-26,AVGO,-355.4364601587022,Q4 - marché fort,0.0516060729402385
2024-08-26,AMD,-428.694958948654,Q4 - marché fort,0.0516060729402385
2024-09-10,TSLA,298.2898187677938,Q1 - marché faible,-0.0213983574400629
2024-09-13,AVGO,-124.03301598455256,Q2 - faible/neutre,0.0065552883477542
2024-09-13,TSLA,-49.84301019690429,Q2 - faible/neutre,0.0065552883477542
2024-09-16,TSLA,416.0821880953808,Q2 - faible/neutre,-0.0014903968827361
2024-09-16,ORCL,92.46043340466348,Q2 - faible/neutre,-0.0014903968827361
2024-09-17,NVDA,-137.39687818206767,Q3 - neutre/fort,0.0199062957533635
2024-09-17,AVGO,237.0495815978129,Q3 - neutre/fort,0.0199062957533635
2024-09-17,AMD,91.1686315647903,Q3 - neutre/fort,0.0199062957533635
2024-09-19,TSLA,456.60850273584674,Q4 - marché fort,0.0388819909951223
2024-09-19,ORCL,-67.80197923708329,Q4 - marché fort,0.0388819909951223
2024-09-20,NVDA,-61.01929756100253,Q4 - marché fort,0.0548395753861616
2024-09-20,AVGO,223.64148330253735,Q4 - marché fort,0.0548395753861616
2024-09-20,AMD,18.99973888007025,Q4 - marché fort,0.0548395753861616
2024-09-23,AVGO,233.52810266708,Q4 - marché fort,0.0457667322100847
2024-09-23,TSLA,320.83322100929126,Q4 - marché fort,0.0457667322100847
2024-09-23,NVDA,438.2184266409604,Q4 - marché fort,0.0457667322100847
2024-09-23,ORCL,22.50742569256454,Q4 - marché fort,0.0457667322100847
2024-09-23,AMD,472.7237825600168,Q4 - marché fort,0.0457667322100847
2024-09-26,AVGO,-259.5610503204889,Q4 - marché fort,0.0267674486332254
2024-09-26,TSLA,14.203073643060634,Q4 - marché fort,0.0267674486332254
2024-09-30,AVGO,-13.65140348184741,Q3 - neutre/fort,0.0225284159784873
2024-09-30,TSLA,-528.4031951997003,Q3 - neutre/fort,0.0225284159784873
2024-10-04,NVDA,144.3839710618422,Q2 - faible/neutre,0.0083237620738725
2024-10-07,NVDA,548.1585924822521,Q2 - faible/neutre,-0.0032826736021739
2024-10-10,NVDA,324.89274199822376,Q2 - faible/neutre,0.0066922316802784
2024-10-15,NVDA,-7.768345942390624,Q3 - neutre/fort,0.0196264828310861
2024-10-17,AVGO,-70.37487586941643,Q3 - neutre/fort,0.0255891551162348
2024-10-18,NVDA,251.34964445886544,Q3 - neutre/fort,0.0202624622040381
2024-10-24,TSLA,522.1813756160318,Q2 - faible/neutre,0.0053981359029824
2024-10-28,TSLA,-572.634703539692,Q2 - faible/neutre,-0.0059727391771352
2024-10-31,TSLA,-446.8325117324312,Q1 - marché faible,-0.0235424333798508
2024-11-04,TSLA,1541.4443482297083,Q1 - marché faible,-0.0236793881560901
2024-11-07,TSLA,1587.5630431750433,Q4 - marché fort,0.0282610404535514
2024-11-11,TSLA,-816.3346162078196,Q4 - marché fort,0.0308696449956509
2024-11-14,TSLA,245.2059183108022,Q4 - marché fort,0.0434544239444614
2024-11-18,TSLA,-40.46372736662579,Q4 - marché fort,0.0321861737649353
2024-11-21,TSLA,-133.55424170198967,Q2 - faible/neutre,-0.0032570459083046
2024-11-29,TSLA,468.662925210162,Q3 - neutre/fort,0.0155051194356521
2024-12-02,TSLA,364.9038495241102,Q4 - marché fort,0.0305249631370307
2024-12-05,TSLA,641.9106580684893,Q4 - marché fort,0.0273664441491796
2024-12-09,TSLA,398.1962175448525,Q3 - neutre/fort,0.0153984625176573
2024-12-12,TSLA,713.3787487162936,Q2 - faible/neutre,0.0091845686597944
2024-12-12,AVGO,3072.729170205512,Q2 - faible/neutre,0.0091845686597944
2024-12-16,AVGO,-533.4959252111821,Q2 - faible/neutre,0.0052348646318491
2024-12-16,TSLA,-118.56674964842932,Q2 - faible/neutre,0.0052348646318491
2024-12-19,AVGO,176.73056852915033,Q1 - marché faible,-0.0338903538376649
2024-12-19,TSLA,-425.6068322676583,Q1 - marché faible,-0.0338903538376649
2024-12-23,AVGO,698.6824429907938,Q1 - marché faible,-0.0132109199228526
2024-12-23,TSLA,451.3531800413766,Q1 - marché faible,-0.0132109199228526
2024-12-23,BA,93.31989874573264,Q1 - marché faible,-0.0132109199228526
2024-12-26,AVGO,-182.6041577880933,Q2 - faible/neutre,-0.006743139016782
2024-12-26,TSLA,-939.9108833063448,Q2 - faible/neutre,-0.006743139016782
2025-01-02,NVDA,843.5314766048887,Q1 - marché faible,-0.029261170745756
2025-01-06,AVGO,-475.8720405468357,Q3 - neutre/fort,0.0192180875117502
2025-01-06,NVDA,-775.9771085316652,Q3 - neutre/fort,0.0192180875117502
2025-01-06,AMD,-915.584995922708,Q3 - neutre/fort,0.0192180875117502
2025-01-17,TSLA,34.62193842327724,Q3 - neutre/fort,0.0221333334749134
2025-01-22,NFLX,-238.562681311676,Q3 - neutre/fort,0.0186106747568741
2025-01-23,NVDA,-1565.954306682961,Q4 - marché fort,0.0358799454153526
2025-01-23,AVGO,-1304.5005470459328,Q4 - marché fort,0.0358799454153526
2025-01-24,ORCL,-1374.9485561889742,Q4 - marché fort,0.0313492330531941
2025-01-27,NFLX,1.5239155711806234,Q4 - marché fort,0.0325242073666196
2025-01-27,META,714.0518140178292,Q4 - marché fort,0.0325242073666196
2025-01-28,ORCL,317.7480838525471,Q4 - marché fort,0.0397841447073585
2025-01-28,NEE,-97.23268331712552,Q4 - marché fort,0.0397841447073585
2025-01-29,LLY,16.57355833870588,Q4 - marché fort,0.0337002859122861
2025-01-30,NFLX,-77.17541830440041,Q3 - neutre/fort,0.0206821141069661
2025-01-30,BA,41.35006807712216,Q3 - neutre/fort,0.0206821141069661
2025-01-31,ORCL,-97.93013090376644,Q3 - neutre/fort,0.0172062209334169
2025-01-31,CRM,-210.68225933460965,Q3 - neutre/fort,0.0172062209334169
2025-02-03,NFLX,321.83221580135705,Q2 - faible/neutre,0.000317890503551
2025-02-03,META,395.3901563272275,Q2 - faible/neutre,0.000317890503551
2025-02-04,CRM,-461.27574952458144,Q2 - faible/neutre,-0.0021060177878103
2025-02-10,NVDA,293.85063107486803,Q2 - faible/neutre,0.0091429237863198
2025-02-10,AVGO,270.7057582454672,Q2 - faible/neutre,0.0091429237863198
2025-02-10,ORCL,-110.87393473220165,Q2 - faible/neutre,0.0091429237863198
2025-02-12,BA,273.4487439657287,Q2 - faible/neutre,0.0025754856513666
2025-02-13,NVDA,454.3793452294258,Q2 - faible/neutre,0.0077515951727675
2025-02-13,AVGO,-268.93517023856657,Q2 - faible/neutre,0.0077515951727675
2025-02-18,AVGO,-409.68026915622886,Q3 - neutre/fort,0.022951981801671
2025-02-18,NVDA,-398.763123546295,Q3 - neutre/fort,0.022951981801671
2025-02-18,UPS,106.75407206157524,Q3 - neutre/fort,0.022951981801671
2025-02-21,NKE,273.94968306367355,Q1 - marché faible,-0.0105222418125188
2025-03-07,UNH,-40.91616337845062,Q1 - marché faible,-0.040037574612178
2025-03-17,AMD,330.69534845821363,Q1 - marché faible,-0.0284701410676725
2025-03-17,COP,226.4919348830408,Q1 - marché faible,-0.0284701410676725
2025-03-19,BA,729.861431265851,Q1 - marché faible,-0.0273212605153947
2025-03-20,AVGO,-27.327372347865094,Q1 - marché faible,-0.0126065759715843
2025-03-20,NVDA,317.5441802480718,Q1 - marché faible,-0.0126065759715843
2025-03-20,AMD,650.3775102419659,Q1 - marché faible,-0.0126065759715843
2025-03-20,COP,64.15063106959497,Q1 - marché faible,-0.0126065759715843
2025-03-24,TSLA,466.5570423981935,Q4 - marché fort,0.0271629380934625
2025-03-24,NVDA,-609.902756270064,Q4 - marché fort,0.0271629380934625
2025-03-24,NFLX,44.42909866669106,Q4 - marché fort,0.0271629380934625
2025-03-24,AMD,-253.6740481939123,Q4 - marché fort,0.0271629380934625
2025-03-24,BA,-141.77400513864995,Q4 - marché fort,0.0271629380934625
2025-03-27,TSLA,-416.5771373010448,Q4 - marché fort,0.0314930649374043
2025-03-27,AMD,-276.46324950492453,Q4 - marché fort,0.0314930649374043
2025-03-27,MS,-172.14270511597897,Q4 - marché fort,0.0314930649374043
2025-03-27,BA,-382.6956252873115,Q4 - marché fort,0.0314930649374043
2025-03-27,NFLX,-365.8391476679917,Q4 - marché fort,0.0314930649374043
2025-03-31,TSLA,551.102960262002,Q1 - marché faible,-0.0107154483327207
2025-03-31,BA,-932.5700871992412,Q1 - marché faible,-0.0107154483327207
2025-04-03,TSLA,-955.0211220301352,Q1 - marché faible,-0.0480567444838339
2025-04-09,WMT,1024.1690267040303,Q1 - marché faible,-0.0351220716503324
2025-04-09,UNH,355.1104545109529,Q1 - marché faible,-0.0351220716503324
2025-04-11,AVGO,199.23101907707405,Q1 - marché faible,-0.0390885160706218
2025-04-14,AVGO,-618.2225159347136,Q1 - marché faible,-0.0362357887152396
2025-04-14,WMT,-19.9340870373735,Q1 - marché faible,-0.0362357887152396
2025-04-14,UNH,-1880.870803576712,Q1 - marché faible,-0.0362357887152396
2025-04-15,NFLX,297.049749322372,Q1 - marché faible,-0.0416420300736533
2025-04-17,AVGO,-439.07663084320575,Q1 - marché faible,-0.0191728038713487
2025-04-17,BA,89.26593142844376,Q1 - marché faible,-0.0191728038713487
2025-04-17,LLY,-216.57732561372904,Q1 - marché faible,-0.0191728038713487
2025-04-17,WMT,29.858580862018243,Q1 - marché faible,-0.0191728038713487
2025-04-21,AVGO,918.1265653064792,Q3 - neutre/fort,0.0170202666699332
2025-04-21,MS,492.5647622723845,Q3 - neutre/fort,0.0170202666699332
2025-04-21,GS,564.8051524661396,Q3 - neutre/fort,0.0170202666699332
2025-04-21,BA,728.6418488518557,Q3 - neutre/fort,0.0170202666699332
2025-04-21,BAC,480.0943645655925,Q3 - neutre/fort,0.0170202666699332
2025-04-24,GS,276.8232740820422,Q2 - faible/neutre,-0.0035178721374982
2025-04-24,BA,505.9006134297733,Q2 - faible/neutre,-0.0035178721374982
2025-04-24,LLY,383.7118721163779,Q2 - faible/neutre,-0.0035178721374982
2025-04-24,BAC,219.5637654850152,Q2 - faible/neutre,-0.0035178721374982
2025-04-24,GE,243.32343915281672,Q2 - faible/neutre,-0.0035178721374982
2025-04-28,TSLA,-260.31747841512606,Q4 - marché fort,0.0316701562196073
2025-04-28,AVGO,279.71626414670027,Q4 - marché fort,0.0316701562196073
2025-04-28,NKE,-156.42674931686545,Q4 - marché fort,0.0316701562196073
2025-04-28,AAPL,114.66691609000918,Q4 - marché fort,0.0316701562196073
2025-04-28,MS,113.57159639829295,Q4 - marché fort,0.0316701562196073
2025-05-01,TSLA,-9.25371229773009,Q4 - marché fort,0.0624169087603878
2025-05-01,LLY,-239.4949334153216,Q4 - marché fort,0.0624169087603878
2025-05-01,NVDA,37.43409126023653,Q4 - marché fort,0.0624169087603878
2025-05-01,AMD,92.83301824749287,Q4 - marché fort,0.0624169087603878
2025-05-01,AVGO,90.06978227764102,Q4 - marché fort,0.0624169087603878
2025-05-05,TSLA,-9.366672259582629,Q4 - marché fort,0.0965788718530555
2025-05-05,NVDA,311.5506947606136,Q4 - marché fort,0.0965788718530555
2025-05-05,AMD,210.25369923216567,Q4 - marché fort,0.0965788718530555
2025-05-05,META,79.1332656878385,Q4 - marché fort,0.0965788718530555
2025-05-05,AVGO,297.4256263893403,Q4 - marché fort,0.0965788718530555
2025-05-08,TSLA,1162.6190653635003,Q4 - marché fort,0.0336021866023057
2025-05-08,AMD,502.5610667327619,Q4 - marché fort,0.0336021866023057
2025-05-08,NVDA,325.8393840205172,Q4 - marché fort,0.0336021866023057
2025-05-08,META,448.7969502349479,Q4 - marché fort,0.0336021866023057
2025-05-08,AVGO,534.6642969383483,Q4 - marché fort,0.0336021866023057
2025-05-12,TSLA,570.8775277496243,Q4 - marché fort,0.0583462014395423
2025-05-12,AMD,357.7846348233379,Q4 - marché fort,0.0583462014395423
2025-05-12,NVDA,935.5161143122132,Q4 - marché fort,0.0583462014395423
2025-05-12,META,167.92967489931107,Q4 - marché fort,0.0583462014395423
2025-05-12,AVGO,525.8565024586605,Q4 - marché fort,0.0583462014395423
2025-05-15,TSLA,30.194271633312383,Q4 - marché fort,0.0572814549444338
2025-05-15,AMD,-206.89204946216705,Q4 - marché fort,0.0572814549444338
2025-05-15,META,-222.29458007914585,Q4 - marché fort,0.0572814549444338
2025-05-15,NVDA,71.99447301717919,Q4 - marché fort,0.0572814549444338
2025-05-15,AMZN,-32.59466461026386,Q4 - marché fort,0.0572814549444338
2025-05-19,TSLA,115.42481989959016,Q4 - marché fort,0.0556158618205837
2025-05-19,AMD,-378.0102236934854,Q4 - marché fort,0.0556158618205837
2025-05-19,META,107.57099503136853,Q4 - marché fort,0.0556158618205837
2025-05-19,AVGO,356.5603686509476,Q4 - marché fort,0.0556158618205837
2025-05-19,NVDA,12.45889672373778,Q4 - marché fort,0.0556158618205837
2025-05-22,TSLA,876.046827154214,Q4 - marché fort,0.0319080010651189
2025-05-22,AMD,209.82675340657624,Q4 - marché fort,0.0319080010651189
2025-05-22,GOOGL,39.50259868611647,Q4 - marché fort,0.0319080010651189
2025-05-22,NVDA,218.2632948879691,Q4 - marché fort,0.0319080010651189
2025-05-22,AVGO,284.90346726302414,Q4 - marché fort,0.0319080010651189
2025-05-27,TSLA,-45.24855417191248,Q3 - neutre/fort,0.0139968555672587
2025-05-27,AMD,-236.48363762792175,Q3 - neutre/fort,0.0139968555672587
2025-05-27,GOOGL,72.99039078034912,Q3 - neutre/fort,0.0139968555672587
2025-05-27,NVDA,53.30924285958463,Q3 - neutre/fort,0.0139968555672587
2025-05-27,AVGO,359.2275446111835,Q3 - neutre/fort,0.0139968555672587
2025-05-30,UNH,205.55425219649808,Q2 - faible/neutre,-0.0018120778706056
2025-06-05,NVDA,12.327230111101017,Q3 - neutre/fort,0.017482690505322
2025-06-06,AVGO,-292.7789366593788,Q4 - marché fort,0.0275258972140479
2025-06-06,AMD,321.6676025376473,Q4 - marché fort,0.0275258972140479
2025-06-09,AVGO,429.8082722626186,Q4 - marché fort,0.0355199097440186
2025-06-09,AMD,-77.03815355348888,Q4 - marché fort,0.0355199097440186
2025-06-12,AVGO,56.73350847373331,Q3 - neutre/fort,0.0232183099743927
2025-06-16,AMD,795.8330526717873,Q3 - neutre/fort,0.0168210245576807
2025-06-17,ORCL,-286.9853604830824,Q2 - faible/neutre,0.0024156773880239
2025-06-20,TSLA,623.4867783999835,Q2 - faible/neutre,0.0050365685833924
2025-06-20,AMD,25.30871175074208,Q2 - faible/neutre,0.0050365685833924
2025-06-20,ORCL,-320.02308994049235,Q2 - faible/neutre,0.0050365685833924
2025-06-23,TSLA,-75.61459838608425,Q2 - faible/neutre,0.0046469479656081
2025-06-23,AMD,1030.3871488364491,Q2 - faible/neutre,0.0046469479656081
2025-06-23,ORCL,347.9591422212379,Q2 - faible/neutre,0.0046469479656081
2025-06-24,AVGO,410.2773643886867,Q3 - neutre/fort,0.0148310824793183
2025-06-26,ORCL,310.3551130012329,Q3 - neutre/fort,0.020485109897258
2025-06-26,AMD,-317.0400740995501,Q3 - neutre/fort,0.020485109897258
2025-06-27,NKE,167.68701929935924,Q3 - neutre/fort,0.0214956064821942
2025-06-30,AMD,-470.6645693401442,Q4 - marché fort,0.0379842872473406
2025-06-30,NKE,711.1718412808095,Q4 - marché fort,0.0379842872473406
2025-07-01,AVGO,-29.61994269467141,Q4 - marché fort,0.0278686766943485
2025-07-02,ORCL,692.0374944581454,Q4 - marché fort,0.0414276664100572
2025-07-03,AMD,-358.4703106635316,Q4 - marché fort,0.0497936835998404
2025-07-03,NKE,15.260156776026632,Q4 - marché fort,0.0497936835998404
2025-07-07,AMD,576.0863948157476,Q4 - marché fort,0.0444234521334985
2025-07-07,ORCL,-3.708662855931834,Q4 - marché fort,0.0444234521334985
2025-07-07,NKE,-220.82296174561816,Q4 - marché fort,0.0444234521334985
2025-07-10,NKE,-150.23504304842572,Q4 - marché fort,0.0308010319527849
2025-07-10,ORCL,-503.7637114508052,Q4 - marché fort,0.0308010319527849
2025-07-14,ORCL,876.7333069950746,Q3 - neutre/fort,0.0160998101317717
2025-07-15,AMD,204.56256358491555,Q2 - faible/neutre,0.0069433235583185
2025-07-16,TSLA,523.5420489330154,Q3 - neutre/fort,0.0106371690646855
2025-07-17,ORCL,-12.967542517322729,Q3 - neutre/fort,0.0122329795223836
2025-07-18,AMD,-200.9965875489397,Q2 - faible/neutre,0.0035821531228108
2025-07-21,TSLA,-975.2484061210434,Q3 - neutre/fort,0.0130341910509459
2025-07-21,AMD,289.7397665442677,Q3 - neutre/fort,0.0130341910509459
2025-07-24,AMD,966.8708830286688,Q3 - neutre/fort,0.0137418451644495
2025-07-28,AMD,448.79549900179154,Q3 - neutre/fort,0.0194140034936336
2025-07-31,AMD,-341.7928601723106,Q2 - faible/neutre,0.0064328122061401
2025-08-04,AMD,-161.72522110644786,Q2 - faible/neutre,0.0038168107503155
2025-08-05,AVGO,243.02287402834008,Q2 - faible/neutre,-0.0014154594193259
2025-08-07,AMD,337.9267137171428,Q2 - faible/neutre,-0.0034204808244328
2025-08-07,TSLA,646.3728520247296,Q2 - faible/neutre,-0.0034204808244328
2025-08-08,AVGO,-27.93018639071306,Q2 - faible/neutre,0.0001256313654154
2025-08-12,TSLA,-492.9368395530237,Q3 - neutre/fort,0.0116959922145234
2025-08-14,UNH,1472.2733556251733,Q3 - neutre/fort,0.0203613196727481
2025-08-15,TSLA,-107.23759120700925,Q4 - marché fort,0.0349354765385925
2025-08-15,AVGO,-215.0470836853492,Q4 - marché fort,0.0349354765385925
2025-08-18,UNH,-379.6668443868057,Q3 - neutre/fort,0.0192183783705566
2025-08-18,TSLA,-349.7082256351805,Q3 - neutre/fort,0.0192183783705566
2025-08-21,LLY,-179.5833860042112,Q2 - faible/neutre,0.0052195834523314
2025-08-21,UNH,73.03740724689487,Q2 - faible/neutre,0.0052195834523314
2025-08-25,LLY,307.85288460070115,Q2 - faible/neutre,0.0103000242704007
2025-08-25,UNH,-246.46465896219888,Q2 - faible/neutre,0.0103000242704007
2025-08-28,UNH,145.27564057849486,Q2 - faible/neutre,0.0061554521742293
2025-09-04,AVGO,1473.7098300686066,Q3 - neutre/fort,0.017254079965989
2025-09-05,TSLA,-75.65250985788043,Q3 - neutre/fort,0.0183934186887753
2025-09-08,AVGO,544.4769429191783,Q2 - faible/neutre,0.005454583359074
2025-09-10,ORCL,-648.5096724398336,Q3 - neutre/fort,0.0109274872298545
2025-09-11,AVGO,-243.69252078731552,Q3 - neutre/fort,0.0170112778008306
2025-09-11,TSLA,1938.6813044617395,Q3 - neutre/fort,0.0170112778008306
2025-09-15,ORCL,-403.5566390778058,Q3 - neutre/fort,0.0245871872094045
2025-09-15,AVGO,-499.9900092222306,Q3 - neutre/fort,0.0245871872094045
2025-09-15,TSLA,-199.28783662181195,Q3 - neutre/fort,0.0245871872094045
2025-09-18,ORCL,939.697347297657,Q3 - neutre/fort,0.0202428414645554
2025-09-18,AVGO,-374.54993200433455,Q3 - neutre/fort,0.0202428414645554
2025-09-18,TSLA,120.551312046955,Q3 - neutre/fort,0.0202428414645554
2025-09-18,ADBE,-109.88467756703903,Q3 - neutre/fort,0.0202428414645554
2025-09-18,UNH,-97.43661251657431,Q3 - neutre/fort,0.0202428414645554
2025-09-22,ORCL,-715.9733482498596,Q4 - marché fort,0.0306071981443287
2025-09-22,TSLA,-236.02157768298093,Q4 - marché fort,0.0306071981443287
2025-09-22,AMD,266.52360732045054,Q4 - marché fort,0.0306071981443287
2025-09-22,UNH,371.1923093999976,Q4 - marché fort,0.0306071981443287
2025-09-25,TSLA,190.07627302696164,Q2 - faible/neutre,0.0034128360508993
2025-09-29,TSLA,-243.1263869508657,Q2 - faible/neutre,0.0069753705105342
2025-10-02,AMD,2394.760182967895,Q3 - neutre/fort,0.0133109271448816
2025-10-06,AMD,320.4590056312263,Q2 - faible/neutre,0.0071530917979345
2025-10-09,AMD,-1049.5868552808388,Q3 - neutre/fort,0.0199224681943217
2025-10-13,AMD,757.0305158436331,Q2 - faible/neutre,-0.0009643571734172
2025-10-13,ORCL,547.375438557503,Q2 - faible/neutre,-0.0009643571734172
2025-10-13,AVGO,22.92516749247261,Q2 - faible/neutre,-0.0009643571734172
2025-10-16,AMD,196.70028611346245,Q1 - marché faible,-0.0128207462550138
2025-10-16,ORCL,-1160.970489169389,Q1 - marché faible,-0.0128207462550138
2025-10-20,AMD,-99.53358819280038,Q2 - faible/neutre,-0.0004615493304785
2025-10-21,CRM,-8.511073713842052,Q2 - faible/neutre,0.0032429599671031
2025-10-24,AMD,781.9769395343083,Q4 - marché fort,0.0371045899098563
2025-10-24,AVGO,303.71412524602783,Q4 - marché fort,0.0371045899098563
2025-10-24,CRM,-116.15401306700552,Q4 - marché fort,0.0371045899098563
2025-10-27,AMD,-168.53122243690814,Q4 - marché fort,0.0334821300120493
2025-10-28,TSLA,23.360177486049,Q4 - marché fort,0.0374945264414694
2025-10-28,AVGO,212.24859486119567,Q4 - marché fort,0.0374945264414694
2025-10-28,CRM,213.48227893372496,Q4 - marché fort,0.0374945264414694
2025-10-28,NVDA,567.4444235234077,Q4 - marché fort,0.0374945264414694
2025-10-30,AMD,-36.65276422526949,Q4 - marché fort,0.0290476337747187
2025-10-31,AVGO,-538.063556983212,Q4 - marché fort,0.0265958732754947
2025-10-31,CRM,290.92332089881893,Q4 - marché fort,0.0265958732754947
2025-11-03,AMD,-1053.3760062785605,Q3 - neutre/fort,0.0179353965262483
2025-11-04,NVDA,-920.0935393651416,Q2 - faible/neutre,0.005884190225506
2025-11-05,TSLA,-208.58802876968912,Q3 - neutre/fort,0.014645206689833
2025-11-05,AVGO,237.45476509996297,Q3 - neutre/fort,0.014645206689833
2025-11-05,CAT,397.1558585553176,Q3 - neutre/fort,0.014645206689833
2025-11-06,AMZN,-58.59546780162236,Q2 - faible/neutre,-0.0021584544289998
2025-11-10,CAT,-370.7364711288428,Q2 - faible/neutre,-0.0055455358472353
2025-11-10,AMZN,-544.5873368683515,Q2 - faible/neutre,-0.0055455358472353
2025-11-10,LLY,1038.5413363710177,Q2 - faible/neutre,-0.0055455358472353
2025-11-13,AMZN,-528.2759330385506,Q1 - marché faible,-0.0114587789746437
2025-11-13,LLY,131.51564981159936,Q1 - marché faible,-0.0114587789746437
2025-11-17,LLY,447.4858384466843,Q1 - marché faible,-0.0258583307463925
2025-11-20,LLY,260.0385146544577,Q1 - marché faible,-0.0265250474655072
2025-11-21,GOOGL,878.7283498698635,Q1 - marché faible,-0.0177950833557816
2025-11-24,AVGO,1925.0145210932424,Q1 - marché faible,-0.0186516287313598
2025-11-24,GOOGL,338.1737787163893,Q1 - marché faible,-0.0186516287313598
2025-11-24,MRK,697.4322903877055,Q1 - marché faible,-0.0186516287313598
2025-11-28,TSLA,81.305679488436,Q3 - neutre/fort,0.0168888368753372
2025-11-28,AVGO,-453.9421131065683,Q3 - neutre/fort,0.0168888368753372
2025-11-28,GOOGL,-364.2670586231052,Q3 - neutre/fort,0.0168888368753372
2025-11-28,MRK,-395.4963078424244,Q3 - neutre/fort,0.0168888368753372
2025-12-01,AVGO,-467.7025257898968,Q3 - neutre/fort,0.012412118871905
2025-12-01,TSLA,838.8431445722726,Q3 - neutre/fort,0.012412118871905
2025-12-01,GOOGL,-28.418720806575948,Q3 - neutre/fort,0.012412118871905
2025-12-01,MRK,-485.3687174638508,Q3 - neutre/fort,0.012412118871905
2025-12-04,AVGO,291.4520986805637,Q4 - marché fort,0.0328388929319856
2025-12-04,TSLA,116.57153177846703,Q4 - marché fort,0.0328388929319856
2025-12-04,GOOGL,-62.936097211590095,Q4 - marché fort,0.0328388929319856
2025-12-04,MRK,-318.8268176344736,Q4 - marché fort,0.0328388929319856
2025-12-04,BA,-84.61079009745663,Q4 - marché fort,0.0328388929319856
