Window,Train_Start,Train_End,Test_Start,Test_End,Signal,Horizon,Observations,Coverage_pct,Avg_Return_pct,Win_Rate_pct,Excess_vs_Baseline_pp,ATR_Q80,Return10_Q80,Score_Q80,Score_Q90,Score_Q95
W1,2018-10-16,2021-12-31,2022-01-01,2022-12-31,ATR_Q80,1,4342,36.80596761888616,0.05646132934495261,51.704283740211885,0.05432257060571832,0.032140927658263777,0.050548994091881086,0.6687662730452623,0.7986061068300766,0.8806801146674382
W1,2018-10-16,2021-12-31,2022-01-01,2022-12-31,ATR_Q80,3,4342,36.80596761888616,0.15362102278050246,52.09580838323353,0.22826241065864714,0.032140927658263777,0.050548994091881086,0.6687662730452623,0.7986061068300766,0.8806801146674382
W1,2018-10-16,2021-12-31,2022-01-01,2022-12-31,ATR_Q80,5,4342,36.80596761888616,0.238024549602869,53.615845232611704,0.3702035876581571,0.032140927658263777,0.050548994091881086,0.6687662730452623,0.7986061068300766,0.8806801146674382
W1,2018-10-16,2021-12-31,2022-01-01,2022-12-31,COMBO_Q80,1,994,8.425870984148512,0.03325890895418468,50.50301810865191,0.0311201502149504,0.032140927658263777,0.050548994091881086,0.6687662730452623,0.7986061068300766,0.8806801146674382
W1,2018-10-16,2021-12-31,2022-01-01,2022-12-31,COMBO_Q80,3,994,8.425870984148512,-0.03313692104533474,52.41448692152918,0.04150446683280993,0.032140927658263777,0.050548994091881086,0.6687662730452623,0.7986061068300766,0.8806801146674382
W1,2018-10-16,2021-12-31,2022-01-01,2022-12-31,COMBO_Q80,5,994,8.425870984148512,0.028682758909151625,53.52112676056338,0.1608617969644397,0.032140927658263777,0.050548994091881086,0.6687662730452623,0.7986061068300766,0.8806801146674382
W1,2018-10-16,2021-12-31,2022-01-01,2022-12-31,SCORE_TOP20,1,3328,28.21056200728999,0.08707241383489671,52.94471153846154,0.08493365509566242,0.032140927658263777,0.050548994091881086,0.6687662730452623,0.7986061068300766,0.8806801146674382
W1,2018-10-16,2021-12-31,2022-01-01,2022-12-31,SCORE_TOP20,3,3328,28.21056200728999,0.11955405858693831,54.567307692307686,0.194195446465083,0.032140927658263777,0.050548994091881086,0.6687662730452623,0.7986061068300766,0.8806801146674382
W1,2018-10-16,2021-12-31,2022-01-01,2022-12-31,SCORE_TOP20,5,3328,28.21056200728999,0.2019889157751451,55.28846153846154,0.3341679538304332,0.032140927658263777,0.050548994091881086,0.6687662730452623,0.7986061068300766,0.8806801146674382
W1,2018-10-16,2021-12-31,2022-01-01,2022-12-31,SCORE_TOP10,1,1672,14.173094854624058,0.05791641592835174,52.03349282296651,0.05577765718911746,0.032140927658263777,0.050548994091881086,0.6687662730452623,0.7986061068300766,0.8806801146674382
W1,2018-10-16,2021-12-31,2022-01-01,2022-12-31,SCORE_TOP10,3,1672,14.173094854624058,0.07434559532941215,53.05023923444976,0.14898698320755682,0.032140927658263777,0.050548994091881086,0.6687662730452623,0.7986061068300766,0.8806801146674382
W1,2018-10-16,2021-12-31,2022-01-01,2022-12-31,SCORE_TOP10,5,1672,14.173094854624058,0.11241155435148306,53.289473684210535,0.2445905924067711,0.032140927658263777,0.050548994091881086,0.6687662730452623,0.7986061068300766,0.8806801146674382
W1,2018-10-16,2021-12-31,2022-01-01,2022-12-31,SCORE_TOP5,1,695,5.891328303806052,-0.02004228073595019,48.776978417266186,-0.022181039475184475,0.032140927658263777,0.050548994091881086,0.6687662730452623,0.7986061068300766,0.8806801146674382
W1,2018-10-16,2021-12-31,2022-01-01,2022-12-31,SCORE_TOP5,3,695,5.891328303806052,-0.14831483264613401,51.07913669064749,-0.07367344476798933,0.032140927658263777,0.050548994091881086,0.6687662730452623,0.7986061068300766,0.8806801146674382
W1,2018-10-16,2021-12-31,2022-01-01,2022-12-31,SCORE_TOP5,5,695,5.891328303806052,-0.09092011301477959,52.51798561151079,0.04125892504050848,0.032140927658263777,0.050548994091881086,0.6687662730452623,0.7986061068300766,0.8806801146674382
W2,2019-01-02,2022-12-30,2023-01-01,2023-12-31,ATR_Q80,1,1029,8.757446808510638,0.3224706722350948,54.61613216715258,0.23708232513360933,0.033575298654529,0.0521360871522922,0.668904086457278,0.7959673674434313,0.8751081771361027
W2,2019-01-02,2022-12-30,2023-01-01,2023-12-31,ATR_Q80,3,1029,8.757446808510638,1.0954204771990015,59.37803692905733,0.7998763010959775,0.033575298654529,0.0521360871522922,0.668904086457278,0.7959673674434313,0.8751081771361027
W2,2019-01-02,2022-12-30,2023-01-01,2023-12-31,ATR_Q80,5,1029,8.757446808510638,1.8019178720001745,60.05830903790087,1.3060525441482624,0.033575298654529,0.0521360871522922,0.668904086457278,0.7959673674434313,0.8751081771361027
W2,2019-01-02,2022-12-30,2023-01-01,2023-12-31,COMBO_Q80,1,399,3.3957446808510636,0.5234573576915601,58.1453634085213,0.43806901059007464,0.033575298654529,0.0521360871522922,0.668904086457278,0.7959673674434313,0.8751081771361027
W2,2019-01-02,2022-12-30,2023-01-01,2023-12-31,COMBO_Q80,3,399,3.3957446808510636,1.625219990759515,63.90977443609023,1.329675814656491,0.033575298654529,0.0521360871522922,0.668904086457278,0.7959673674434313,0.8751081771361027
W2,2019-01-02,2022-12-30,2023-01-01,2023-12-31,COMBO_Q80,5,399,3.3957446808510636,2.759369813356186,65.16290726817043,2.263504485504274,0.033575298654529,0.0521360871522922,0.668904086457278,0.7959673674434313,0.8751081771361027
W2,2019-01-02,2022-12-30,2023-01-01,2023-12-31,SCORE_TOP20,1,1736,14.774468085106381,0.23325126557244683,54.26267281105991,0.14786291847096134,0.033575298654529,0.0521360871522922,0.668904086457278,0.7959673674434313,0.8751081771361027
W2,2019-01-02,2022-12-30,2023-01-01,2023-12-31,SCORE_TOP20,3,1736,14.774468085106381,0.8185069810797108,57.48847926267281,0.5229628049766868,0.033575298654529,0.0521360871522922,0.668904086457278,0.7959673674434313,0.8751081771361027
W2,2019-01-02,2022-12-30,2023-01-01,2023-12-31,SCORE_TOP20,5,1736,14.774468085106381,1.333970531593776,59.61981566820277,0.8381052037418641,0.033575298654529,0.0521360871522922,0.668904086457278,0.7959673674434313,0.8751081771361027
W2,2019-01-02,2022-12-30,2023-01-01,2023-12-31,SCORE_TOP10,1,699,5.948936170212766,0.3728798572280331,55.93705293276109,0.2874915101265476,0.033575298654529,0.0521360871522922,0.668904086457278,0.7959673674434313,0.8751081771361027
W2,2019-01-02,2022-12-30,2023-01-01,2023-12-31,SCORE_TOP10,3,699,5.948936170212766,1.188045958477745,58.941344778254646,0.892501782374721,0.033575298654529,0.0521360871522922,0.668904086457278,0.7959673674434313,0.8751081771361027
W2,2019-01-02,2022-12-30,2023-01-01,2023-12-31,SCORE_TOP10,5,699,5.948936170212766,2.037545051362818,62.517882689556515,1.541679723510906,0.033575298654529,0.0521360871522922,0.668904086457278,0.7959673674434313,0.8751081771361027
W2,2019-01-02,2022-12-30,2023-01-01,2023-12-31,SCORE_TOP5,1,334,2.842553191489362,0.42005016902813525,55.688622754491014,0.3346618219266498,0.033575298654529,0.0521360871522922,0.668904086457278,0.7959673674434313,0.8751081771361027
W2,2019-01-02,2022-12-30,2023-01-01,2023-12-31,SCORE_TOP5,3,334,2.842553191489362,1.6171816744560679,62.27544910179641,1.321637498353044,0.033575298654529,0.0521360871522922,0.668904086457278,0.7959673674434313,0.8751081771361027
W2,2019-01-02,2022-12-30,2023-01-01,2023-12-31,SCORE_TOP5,5,334,2.842553191489362,2.7970068293588906,64.67065868263472,2.3011415015069785,0.033575298654529,0.0521360871522922,0.668904086457278,0.7959673674434313,0.8751081771361027
W3,2020-01-02,2023-12-29,2024-01-01,2024-12-31,ATR_Q80,1,1090,9.202971968929416,-0.01089451697559421,50.825688073394495,-0.011836852690682045,0.03381765756147774,0.053488893821379585,0.6721902626792438,0.7949526246774671,0.8752051520663254
W3,2020-01-02,2023-12-29,2024-01-01,2024-12-31,ATR_Q80,3,1090,9.202971968929416,0.4247885367976816,53.11926605504587,0.23925789834188696,0.03381765756147774,0.053488893821379585,0.6721902626792438,0.7949526246774671,0.8752051520663254
W3,2020-01-02,2023-12-29,2024-01-01,2024-12-31,ATR_Q80,5,1090,9.202971968929416,0.8848739507111295,55.96330275229357,0.5231552023685341,0.03381765756147774,0.053488893821379585,0.6721902626792438,0.7949526246774671,0.8752051520663254
W3,2020-01-02,2023-12-29,2024-01-01,2024-12-31,COMBO_Q80,1,327,2.7608915906788245,-0.08072887101559971,48.01223241590214,-0.08167120673068755,0.03381765756147774,0.053488893821379585,0.6721902626792438,0.7949526246774671,0.8752051520663254
W3,2020-01-02,2023-12-29,2024-01-01,2024-12-31,COMBO_Q80,3,327,2.7608915906788245,0.2346609007370154,47.706422018348626,0.04913026228122079,0.03381765756147774,0.053488893821379585,0.6721902626792438,0.7949526246774671,0.8752051520663254
W3,2020-01-02,2023-12-29,2024-01-01,2024-12-31,COMBO_Q80,5,327,2.7608915906788245,0.6091896275647216,53.51681957186545,0.2474708792221262,0.03381765756147774,0.053488893821379585,0.6721902626792438,0.7949526246774671,0.8752051520663254
W3,2020-01-02,2023-12-29,2024-01-01,2024-12-31,SCORE_TOP20,1,1290,10.891590678824722,-0.06855185782457615,49.37984496124031,-0.06949419353966399,0.03381765756147774,0.053488893821379585,0.6721902626792438,0.7949526246774671,0.8752051520663254
W3,2020-01-02,2023-12-29,2024-01-01,2024-12-31,SCORE_TOP20,3,1290,10.891590678824722,0.24385767624429278,51.55038759689923,0.05832703778849819,0.03381765756147774,0.053488893821379585,0.6721902626792438,0.7949526246774671,0.8752051520663254
W3,2020-01-02,2023-12-29,2024-01-01,2024-12-31,SCORE_TOP20,5,1290,10.891590678824722,0.6261037249954013,54.88372093023256,0.26438497665280597,0.03381765756147774,0.053488893821379585,0.6721902626792438,0.7949526246774671,0.8752051520663254
W3,2020-01-02,2023-12-29,2024-01-01,2024-12-31,SCORE_TOP10,1,553,4.66903073286052,-0.09555841769840928,49.36708860759494,-0.09650075341349712,0.03381765756147774,0.053488893821379585,0.6721902626792438,0.7949526246774671,0.8752051520663254
W3,2020-01-02,2023-12-29,2024-01-01,2024-12-31,SCORE_TOP10,3,553,4.66903073286052,0.25318024289893837,48.64376130198915,0.06764960444314376,0.03381765756147774,0.053488893821379585,0.6721902626792438,0.7949526246774671,0.8752051520663254
W3,2020-01-02,2023-12-29,2024-01-01,2024-12-31,SCORE_TOP10,5,553,4.66903073286052,0.6497064355914253,53.8878842676311,0.2879876872488299,0.03381765756147774,0.053488893821379585,0.6721902626792438,0.7949526246774671,0.8752051520663254
W3,2020-01-02,2023-12-29,2024-01-01,2024-12-31,SCORE_TOP5,1,290,2.448497129348193,-0.04837981945475716,49.310344827586206,-0.04932215516984499,0.03381765756147774,0.053488893821379585,0.6721902626792438,0.7949526246774671,0.8752051520663254
W3,2020-01-02,2023-12-29,2024-01-01,2024-12-31,SCORE_TOP5,3,290,2.448497129348193,0.251668112423687,47.241379310344826,0.06613747396789238,0.03381765756147774,0.053488893821379585,0.6721902626792438,0.7949526246774671,0.8752051520663254
W3,2020-01-02,2023-12-29,2024-01-01,2024-12-31,SCORE_TOP5,5,290,2.448497129348193,0.5044816003232089,52.06896551724138,0.14276285198061345,0.03381765756147774,0.053488893821379585,0.6721902626792438,0.7949526246774671,0.8752051520663254
W4,2021-01-04,2024-12-31,2025-01-01,2025-12-31,ATR_Q80,1,2417,22.07104374029769,0.17020665635305635,52.66859743483657,0.12772095759094518,0.03057970522665621,0.04928391110128499,0.6705726685720335,0.7903482587064676,0.8681835503334391
W4,2021-01-04,2024-12-31,2025-01-01,2025-12-31,ATR_Q80,3,2417,22.07104374029769,0.6512344808058892,57.92304509722796,0.45749732633402235,0.03057970522665621,0.04928391110128499,0.6705726685720335,0.7903482587064676,0.8681835503334391
W4,2021-01-04,2024-12-31,2025-01-01,2025-12-31,ATR_Q80,5,2417,22.07104374029769,1.0388163863798654,60.81919735208937,0.6806793334799798,0.03057970522665621,0.04928391110128499,0.6705726685720335,0.7903482587064676,0.8681835503334391
W4,2021-01-04,2024-12-31,2025-01-01,2025-12-31,COMBO_Q80,1,646,5.899004657108939,0.1325702749861305,54.024767801857585,0.09008457622401932,0.03057970522665621,0.04928391110128499,0.6705726685720335,0.7903482587064676,0.8681835503334391
W4,2021-01-04,2024-12-31,2025-01-01,2025-12-31,COMBO_Q80,3,646,5.899004657108939,0.4742920966343502,57.73993808049536,0.28055494216248333,0.03057970522665621,0.04928391110128499,0.6705726685720335,0.7903482587064676,0.8681835503334391
W4,2021-01-04,2024-12-31,2025-01-01,2025-12-31,COMBO_Q80,5,646,5.899004657108939,0.7217843812023036,60.216718266253864,0.36364732830241786,0.03057970522665621,0.04928391110128499,0.6705726685720335,0.7903482587064676,0.8681835503334391
W4,2021-01-04,2024-12-31,2025-01-01,2025-12-31,SCORE_TOP20,1,2297,20.975253401515843,0.031108950006100446,51.76316935132782,-0.011376748756010744,0.03057970522665621,0.04928391110128499,0.6705726685720335,0.7903482587064676,0.8681835503334391
W4,2021-01-04,2024-12-31,2025-01-01,2025-12-31,SCORE_TOP20,3,2297,20.975253401515843,0.34325422875520595,55.420113191118844,0.14951707428333905,0.03057970522665621,0.04928391110128499,0.6705726685720335,0.7903482587064676,0.8681835503334391
W4,2021-01-04,2024-12-31,2025-01-01,2025-12-31,SCORE_TOP20,5,2297,20.975253401515843,0.5540132876147678,57.42272529386155,0.195876234714882,0.03057970522665621,0.04928391110128499,0.6705726685720335,0.7903482587064676,0.8681835503334391
W4,2021-01-04,2024-12-31,2025-01-01,2025-12-31,SCORE_TOP10,1,1180,10.775271664688155,0.06666955169012749,52.20338983050847,0.024183852928016294,0.03057970522665621,0.04928391110128499,0.6705726685720335,0.7903482587064676,0.8681835503334391
W4,2021-01-04,2024-12-31,2025-01-01,2025-12-31,SCORE_TOP10,3,1180,10.775271664688155,0.31240890819064204,54.57627118644067,0.11867175371877517,0.03057970522665621,0.04928391110128499,0.6705726685720335,0.7903482587064676,0.8681835503334391
W4,2021-01-04,2024-12-31,2025-01-01,2025-12-31,SCORE_TOP10,5,1180,10.775271664688155,0.5798536221696675,56.69491525423729,0.22171656926978173,0.03057970522665621,0.04928391110128499,0.6705726685720335,0.7903482587064676,0.8681835503334391
W4,2021-01-04,2024-12-31,2025-01-01,2025-12-31,SCORE_TOP5,1,628,5.734636106291663,0.12542015252485805,53.503184713375795,0.08293445376274686,0.03057970522665621,0.04928391110128499,0.6705726685720335,0.7903482587064676,0.8681835503334391
W4,2021-01-04,2024-12-31,2025-01-01,2025-12-31,SCORE_TOP5,3,628,5.734636106291663,0.4676835436214762,57.80254777070064,0.27394638914960934,0.03057970522665621,0.04928391110128499,0.6705726685720335,0.7903482587064676,0.8681835503334391
W4,2021-01-04,2024-12-31,2025-01-01,2025-12-31,SCORE_TOP5,5,628,5.734636106291663,0.7851676433827195,60.828025477707,0.42703059048283376,0.03057970522665621,0.04928391110128499,0.6705726685720335,0.7903482587064676,0.8681835503334391
