Factor,Target,Quantile,Trades,Average_Future_Return,Median_Future_Return,Win_Rate,Std_Future_Return,Min_Future_Return,Max_Future_Return,Average_Future_Return_Pct,Median_Future_Return_Pct,Win_Rate_Pct
Return_1D,Future_Return_1D,1,16873,0.0011522522061395521,0.0007126446947842,0.5195875066674569,0.020417620057794898,-0.1278971220645359,0.2224185161030107,0.11522522061395521,0.07126446947842001,51.958750666745686
Return_1D,Future_Return_1D,2,16873,0.00011840606866552806,0.0004359464087899,0.5131274817756178,0.014559832225531383,-0.1203373730798194,0.1502150768116916,0.011840606866552805,0.043594640878989996,51.31274817756179
Return_1D,Future_Return_1D,3,16873,0.0006771289610868781,0.0006264702277563,0.522847152255082,0.013651238790019695,-0.0898562267465722,0.1582283057612832,0.0677128961086878,0.06264702277563,52.28471522550821
Return_1D,Future_Return_1D,4,16873,2.889805700575612e-05,0.0003513013079465,0.5125348189415042,0.01379905948783266,-0.09342880225762,0.1535825164889992,0.002889805700575612,0.03513013079465,51.25348189415042
Return_1D,Future_Return_1D,5,16873,-0.0005572614448078062,0.0,0.4978367806554851,0.01870296284322227,-0.1685545990292773,0.157802559050403,-0.05572614448078062,0.0,49.78367806554851
Return_1D,Future_Return_3D,1,16873,0.0031469772810584617,0.0027595669288518,0.5381971196586262,0.04114060291551509,-0.3466666821186049,0.6073923617978638,0.3146977281058462,0.27595669288518,53.819711965862616
Return_1D,Future_Return_3D,2,16873,0.001842697276595469,0.0018340154673055,0.5323890238843122,0.029223516606111943,-0.3451172971949461,0.3037149295755048,0.1842697276595469,0.18340154673055,53.23890238843122
Return_1D,Future_Return_3D,3,16873,0.001682247181470602,0.0019923217257131,0.5364783974396966,0.02772975623587451,-0.2959265768303462,0.2536113685125956,0.1682247181470602,0.19923217257130998,53.64783974396966
Return_1D,Future_Return_3D,4,16873,0.0013003519354932314,0.0015539184498163,0.5298405736976234,0.028413168673390474,-0.2522453112196082,0.3076383494245076,0.13003519354932314,0.15539184498163,52.98405736976234
Return_1D,Future_Return_3D,5,16873,0.0014679225909761478,0.001982725519257,0.5299591062644462,0.03784400046327562,-0.3180966360711365,0.4598156743714217,0.14679225909761479,0.1982725519257,52.99591062644462
Return_1D,Future_Return_5D,1,16873,0.0051604550771715595,0.0044858090304575,0.5498725774906655,0.054912342989117714,-0.4531223602938753,0.8082123766737199,0.516045507717156,0.44858090304575,54.98725774906655
Return_1D,Future_Return_5D,2,16873,0.0034945821951869577,0.0034555380459022,0.5484501866887928,0.03866419958553692,-0.3700558157936853,0.47896388138874,0.34945821951869577,0.34555380459022,54.84501866887928
Return_1D,Future_Return_5D,3,16873,0.0031855871282827344,0.0038793541737793,0.5539026847626385,0.036902225635313674,-0.3130990361795991,0.3238443047894535,0.3185587128282734,0.38793541737793,55.39026847626385
Return_1D,Future_Return_5D,4,16873,0.002593420097652509,0.0032411882140168,0.5481538552717359,0.0377264934933075,-0.3144059031411338,0.3796307897680839,0.2593420097652509,0.32411882140167997,54.81538552717359
Return_1D,Future_Return_5D,5,16873,0.003181886206882416,0.0040425556833492,0.5457832039352812,0.05020113802638145,-0.4432934376807571,0.5408639892685674,0.3181886206882416,0.40425556833492,54.578320393528124
Return_1D,Future_Return_10D,1,16873,0.010811211328279745,0.010928039832657,0.5725715640372192,0.07554401832451917,-0.6148600699257925,0.5491964714904667,1.0811211328279744,1.0928039832657,57.25715640372192
Return_1D,Future_Return_10D,2,16873,0.006269455128692342,0.0068570894170369,0.559473715403307,0.05668525342321549,-0.4517910843093392,0.5873561692906928,0.6269455128692342,0.68570894170369,55.94737154033071
Return_1D,Future_Return_10D,3,16873,0.006351313171255338,0.0068688210813427,0.5619036330231731,0.054016590865976044,-0.4368815195133849,0.5263834340483209,0.6351313171255338,0.68688210813427,56.190363302317316
Return_1D,Future_Return_10D,4,16873,0.005974534291003111,0.0066925885407003,0.5631482249748119,0.05496076628299636,-0.6305522454304135,0.3915507665183437,0.5974534291003111,0.6692588540700299,56.31482249748119
Return_1D,Future_Return_10D,5,16873,0.008759653469591492,0.0087515487499836,0.5703787115509986,0.0716195140792062,-0.5561301348960563,0.552755472521202,0.8759653469591492,0.8751548749983599,57.037871155099864
Return_3D,Future_Return_1D,1,16873,0.0008542467305629937,0.0006913397010954,0.5178687844485272,0.021310605953127344,-0.1685545990292773,0.2224185161030107,0.08542467305629937,0.06913397010953999,51.786878444852725
Return_3D,Future_Return_1D,2,16873,0.00037067061901046363,0.0005696928321781,0.5202394357849819,0.014349238387913615,-0.1117039308351921,0.1117360071482391,0.03706706190104636,0.05696928321781,52.02394357849819
Return_3D,Future_Return_1D,3,16873,0.0002642993843475845,0.0004735371121373,0.5174539204646477,0.013303970444316963,-0.1071172213137221,0.096211721024459,0.026429938434758448,0.04735371121373,51.745392046464765
Return_3D,Future_Return_1D,4,16873,8.110491076004998e-05,0.0003650081795056,0.5111124281396313,0.01401741608568183,-0.1246763134896399,0.1535825164889992,0.008110491076004998,0.03650081795056,51.11124281396313
Return_3D,Future_Return_1D,5,16873,-0.00015089779659118358,0.0,0.49925917145735793,0.017973821783027838,-0.1260493714132426,0.1621927744588069,-0.015089779659118358,0.0,49.925917145735795
Return_3D,Future_Return_3D,1,16873,0.003289961270517901,0.0028953298079781,0.5401529070112013,0.04210896971049686,-0.3466666821186049,0.6073923617978638,0.3289961270517901,0.28953298079781004,54.015290701120136
Return_3D,Future_Return_3D,2,16873,0.0020111400044397097,0.0022852796681192,0.538315652225449,0.02916497036046517,-0.3451172971949461,0.2436577306110772,0.20111400044397096,0.22852796681192,53.831565222544896
Return_3D,Future_Return_3D,3,16873,0.0016773713978870692,0.0017604835336442,0.5337521484027736,0.02758650308862009,-0.2247026652955853,0.2488196769349404,0.1677371397887069,0.17604835336441998,53.375214840277366
Return_3D,Future_Return_3D,4,16873,0.001269370457546601,0.0015196835198212,0.5289515794464529,0.028696573845191944,-0.2899123281211184,0.3817499257886472,0.1269370457546601,0.15196835198212,52.89515794464529
Return_3D,Future_Return_3D,5,16873,0.0011923531352026314,0.0016712489663797,0.5256919338588277,0.036687453157597805,-0.2767678937302569,0.4598156743714217,0.11923531352026313,0.16712489663797,52.56919338588277
Return_3D,Future_Return_5D,1,16873,0.005379087599216587,0.0048807180490246,0.548805784389261,0.05698064140607348,-0.4531223602938753,0.8082123766737199,0.5379087599216588,0.48807180490246005,54.8805784389261
Return_3D,Future_Return_5D,2,16873,0.0030688239361159487,0.0037924800203967,0.5509986368754816,0.03904232075625237,-0.3782020303601848,0.5408639892685674,0.30688239361159486,0.37924800203967,55.09986368754816
Return_3D,Future_Return_5D,3,16873,0.0030204799312639023,0.0033388355683128,0.5511764357257156,0.03667647971444944,-0.2348916539554028,0.4123753660089984,0.30204799312639025,0.33388355683128,55.11764357257156
Return_3D,Future_Return_5D,4,16873,0.0028847089682427613,0.003707707808604,0.5535470870621704,0.03830743810015465,-0.3213839150478167,0.4967532467532467,0.2884708968242761,0.3707707808604,55.35470870621704
Return_3D,Future_Return_5D,5,16873,0.003262830270336977,0.0034130470899365,0.5416345640964855,0.047235364663894865,-0.342394572327278,0.405995088904534,0.3262830270336977,0.34130470899365,54.163456409648546
Return_3D,Future_Return_10D,1,16873,0.009914014913013457,0.0101453823412946,0.5675931962306644,0.07706239840125144,-0.6148600699257925,0.5491964714904667,0.9914014913013457,1.01453823412946,56.75931962306644
Return_3D,Future_Return_10D,2,16873,0.006569566699240355,0.0070930545039795,0.5606590410715344,0.05565313904024935,-0.4314859960017148,0.552755472521202,0.6569566699240355,0.70930545039795,56.06590410715344
Return_3D,Future_Return_10D,3,16873,0.006623042584081983,0.0071648138631703,0.5655781425946779,0.05352283754521396,-0.3889480000820344,0.4019554761350727,0.6623042584081983,0.71648138631703,56.55781425946779
Return_3D,Future_Return_10D,4,16873,0.0061933805455658955,0.0070525470886242,0.5656374088780892,0.05619418380577645,-0.5275113994965994,0.5199414882953679,0.6193380545565895,0.70525470886242,56.56374088780892
Return_3D,Future_Return_10D,5,16873,0.008866162646920334,0.0084151492470121,0.568008060214544,0.0702585221809589,-0.6305522454304135,0.5873561692906928,0.8866162646920334,0.84151492470121,56.8008060214544
Return_5D,Future_Return_1D,1,16873,0.0007587507150997906,0.0007435114515723,0.5202394357849819,0.021835977016360777,-0.1685545990292773,0.2224185161030107,0.07587507150997906,0.07435114515723,52.02394357849819
Return_5D,Future_Return_1D,2,16873,7.319734165046474e-05,0.0003361100802345,0.5115865584069224,0.014285883987180555,-0.1260493714132426,0.1065573528807477,0.0073197341650464735,0.033611008023450004,51.158655840692234
Return_5D,Future_Return_1D,3,16873,0.00036136034339837904,0.0005225845163807,0.5184021809992295,0.01334151588043934,-0.0869178249411386,0.1147155593263524,0.036136034339837905,0.052258451638070004,51.84021809992295
Return_5D,Future_Return_1D,4,16873,0.00018228229178720562,0.0003650081795056,0.5137201446097315,0.013428953355543925,-0.1210250153681585,0.1016948974464724,0.01822822917872056,0.03650081795056,51.37201446097315
Return_5D,Future_Return_1D,5,16873,4.383315615406804e-05,0.0001081649429934,0.5019854204942809,0.017820627737619322,-0.1246763134896399,0.157802559050403,0.004383315615406804,0.01081649429934,50.198542049428085
Return_5D,Future_Return_3D,1,16873,0.0030486010349215762,0.0025493526169904,0.5335150832691282,0.04285271373554688,-0.3466666821186049,0.6073923617978638,0.30486010349215764,0.25493526169904,53.35150832691282
Return_5D,Future_Return_3D,2,16873,0.0015920830373869258,0.0021259425770636,0.5355301369051146,0.029358091683688067,-0.1806547819014108,0.2893123652396401,0.15920830373869257,0.21259425770636,53.55301369051146
Return_5D,Future_Return_3D,3,16873,0.0016094880112362021,0.0019009308960571,0.535589403188526,0.027286478046058955,-0.2414091320250451,0.1986563614777747,0.1609488011236202,0.19009308960571,53.5589403188526
Return_5D,Future_Return_3D,4,16873,0.0015604479719589306,0.001755604346707,0.5357079357553488,0.02771865033530046,-0.2441505001764768,0.2759039518403952,0.15604479719589306,0.17556043467069998,53.57079357553488
Return_5D,Future_Return_3D,5,16873,0.0016295762100902772,0.0018080573518435,0.5265216618265869,0.03666491489416645,-0.2767678937302569,0.3860311989178897,0.16295762100902772,0.18080573518435,52.65216618265869
Return_5D,Future_Return_5D,1,16873,0.004927536290597684,0.0048738557728975,0.5485094529722041,0.05708192955740537,-0.4531223602938753,0.8082123766737199,0.4927536290597684,0.48738557728975,54.85094529722041
Return_5D,Future_Return_5D,2,16873,0.002700912843464442,0.0034645148299796,0.547205594737154,0.03903163011147835,-0.2395354035132908,0.288573524872181,0.2700912843464442,0.34645148299795997,54.720559473715404
Return_5D,Future_Return_5D,3,16873,0.0028992901473060837,0.0034974140187711,0.5520654299768861,0.036686743810202996,-0.3866896407387643,0.3142981677315803,0.2899290147306084,0.34974140187711,55.206542997688615
Return_5D,Future_Return_5D,4,16873,0.003041410817332554,0.0033423343833212,0.5515912997095952,0.03730819970893204,-0.2850012294885817,0.3964904421792461,0.30414108173325544,0.33423343833212,55.15912997095952
Return_5D,Future_Return_5D,5,16873,0.004046780606475413,0.0040283774075378,0.5467907307532744,0.04791765195595323,-0.342394572327278,0.5408639892685674,0.4046780606475413,0.40283774075378,54.679073075327445
Return_5D,Future_Return_10D,1,16873,0.009423741532486547,0.0098041700106175,0.566407870562437,0.07774607018428056,-0.6305522454304135,0.5491964714904667,0.9423741532486547,0.9804170010617499,56.6407870562437
Return_5D,Future_Return_10D,2,16873,0.007147252973221353,0.0077318719261507,0.5648076809103301,0.05539409934407902,-0.3431178013857048,0.552755472521202,0.7147252973221353,0.77318719261507,56.480768091033006
Return_5D,Future_Return_10D,3,16873,0.0061314515118291325,0.0068552918370496,0.5637408878089255,0.05361384610153233,-0.4434535942292547,0.4990454274757443,0.6131451511829132,0.68552918370496,56.37408878089255
Return_5D,Future_Return_10D,4,16873,0.006067291334041742,0.0066297969903532,0.5625555621406981,0.05540880674278865,-0.3889480000820344,0.5199414882953679,0.6067291334041742,0.66297969903532,56.25555621406981
Return_5D,Future_Return_10D,5,16873,0.009396430037243247,0.0089378925559824,0.569963847567119,0.07026219539031506,-0.3945793433537728,0.5873561692906928,0.9396430037243247,0.89378925559824,56.996384756711905
Return_10D,Future_Return_1D,1,16873,0.0007703931459182925,0.0005955926146516,0.5152018016950157,0.022094771477896447,-0.1685545990292773,0.2224185161030107,0.07703931459182925,0.059559261465159996,51.52018016950157
Return_10D,Future_Return_1D,2,16873,0.00019790278842393333,0.0004893078351968,0.5160315296627749,0.014520237414422604,-0.1195563219976546,0.1016948974464724,0.019790278842393334,0.04893078351968,51.60315296627749
Return_10D,Future_Return_1D,3,16873,0.00019147538251094596,0.0004192968017564,0.5159129970959521,0.013247130944849342,-0.1071172213137221,0.1016386861774292,0.019147538251094595,0.04192968017564,51.591299709595205
Return_10D,Future_Return_1D,4,16873,-6.855926405664188e-06,0.0002488202434904,0.508801043086588,0.013512604571593732,-0.1004194768859833,0.1147155593263524,-0.0006855926405664188,0.02488202434904,50.8801043086588
Return_10D,Future_Return_1D,5,16873,0.0002665084576424003,0.0003655054334339,0.5099863687548154,0.01731234188600029,-0.1278971220645359,0.157802559050403,0.026650845764240032,0.03655054334339,50.99863687548154
Return_10D,Future_Return_3D,1,16873,0.002524409208979918,0.0020796643995222,0.5264623955431755,0.04345585384637411,-0.3466666821186049,0.6073923617978638,0.2524409208979918,0.20796643995222003,52.64623955431755
Return_10D,Future_Return_3D,2,16873,0.0011236088808731556,0.0015207191152946,0.5268772595270551,0.0296976508491832,-0.2516808605258517,0.2048370963300485,0.11236088808731556,0.15207191152946,52.68772595270551
Return_10D,Future_Return_3D,3,16873,0.0016547025321474247,0.0023840939031072,0.5444793457002312,0.026991941926217445,-0.2767678937302569,0.3686687554163514,0.16547025321474249,0.23840939031072,54.447934570023115
Return_10D,Future_Return_3D,4,16873,0.0011508070063102021,0.0014175572007342,0.5266994606768209,0.027529571367613026,-0.1919225859442197,0.3037149295755048,0.11508070063102022,0.14175572007342,52.66994606768209
Return_10D,Future_Return_3D,5,16873,0.0029866686372832115,0.0026892762117087,0.5423457594974219,0.036021271660740845,-0.2733377060862555,0.3860311989178897,0.29866686372832113,0.26892762117087,54.234575949742194
Return_10D,Future_Return_5D,1,16873,0.004632974604864167,0.0048932641545031,0.5512949682925383,0.05787764373396556,-0.4531223602938753,0.8082123766737199,0.46329746048641673,0.48932641545031,55.12949682925383
Return_10D,Future_Return_5D,2,16873,0.0021252814409561793,0.0029577734228629,0.5381378533752148,0.03881110179206369,-0.288202914514255,0.2750882656565692,0.21252814409561793,0.29577734228629,53.81378533752148
Return_10D,Future_Return_5D,3,16873,0.0026842464825590335,0.002988002169362,0.5450127422509334,0.036668897791134185,-0.3283510414608989,0.3808842843678932,0.26842464825590334,0.2988002169362,54.50127422509334
Return_10D,Future_Return_5D,4,16873,0.0025932564779634557,0.0032624195445232,0.547205594737154,0.03689347168861268,-0.252157494131809,0.4154445688308925,0.2593256477963456,0.32624195445231996,54.720559473715404
Return_10D,Future_Return_5D,5,16873,0.00558017169883334,0.0050950104977465,0.5645113494932733,0.04741764988491471,-0.342394572327278,0.5408639892685674,0.558017169883334,0.5095010497746499,56.45113494932733
Return_10D,Future_Return_10D,1,16873,0.009580749986725682,0.010609286476934,0.5714455046524033,0.07926709937807744,-0.6305522454304135,0.4934908720017419,0.9580749986725682,1.0609286476934,57.14455046524033
Return_10D,Future_Return_10D,2,16873,0.0059227317046124375,0.0065075825777369,0.5550880104308659,0.055847605038423453,-0.4021369725057523,0.4086488795418774,0.5922731704612437,0.65075825777369,55.508801043086585
Return_10D,Future_Return_10D,3,16873,0.005975908874850875,0.0067571171196241,0.5615480353227049,0.053588298681564506,-0.3258496086575402,0.552755472521202,0.5975908874850875,0.67571171196241,56.15480353227049
Return_10D,Future_Return_10D,4,16873,0.0063397719337098275,0.0070993882233452,0.5682451253481894,0.05454687209124134,-0.2760162062664464,0.5873561692906928,0.6339771933709828,0.70993882233452,56.824512534818936
Return_10D,Future_Return_10D,5,16873,0.010347004888923202,0.0091993499221716,0.5711491732353464,0.06883149120061004,-0.3154682454946046,0.5511024961523845,1.0347004888923201,0.91993499221716,57.11491732353464
Return_20D,Future_Return_1D,1,16873,0.0009512301792659419,0.0007556744195271,0.5187577786996977,0.021997839102244593,-0.1685545990292773,0.2224185161030107,0.0951230179265942,0.07556744195271001,51.875777869969774
Return_20D,Future_Return_1D,2,16873,0.00011074792833860841,0.0004211912333642,0.5149647365613702,0.014950986618806686,-0.1195563219976546,0.2114469235364153,0.011074792833860841,0.04211912333642,51.49647365613702
Return_20D,Future_Return_1D,3,16873,-2.882489374075715e-05,0.0001634069005076,0.5051265335150833,0.013753816764295797,-0.1099999886971931,0.1300499586491523,-0.002882489374075715,0.01634069005076,50.51265335150833
Return_20D,Future_Return_1D,4,16873,4.05396822214266e-05,0.0003299550462632,0.5115272921235109,0.01347842539382686,-0.0947930246669218,0.1016386861774292,0.00405396822214266,0.032995504626320005,51.15272921235109
Return_20D,Future_Return_1D,5,16873,0.00034573095200468855,0.0005172978051792,0.515557399395484,0.016680506361159343,-0.1278971220645359,0.157802559050403,0.034573095200468855,0.05172978051792,51.555739939548396
Return_20D,Future_Return_3D,1,16873,0.003346091203733386,0.0030186968264878,0.5390861139097968,0.04378272012687945,-0.3466666821186049,0.6073923617978638,0.33460912037333856,0.30186968264878,53.90861139097968
Return_20D,Future_Return_3D,2,16873,0.0011505409429029443,0.0014906098437166,0.52622533040953,0.029983592888876212,-0.2136055958230157,0.28307076945448,0.11505409429029444,0.14906098437166,52.622533040953
Return_20D,Future_Return_3D,3,16873,0.0011312621343104524,0.001929902948021,0.5352930717714692,0.02797862717918415,-0.246658711843975,0.2366646066423277,0.11312621343104523,0.1929902948021,53.529307177146926
Return_20D,Future_Return_3D,4,16873,0.0010652407863996033,0.0013956992142918,0.5278847863450483,0.02712073621772844,-0.1989584056333716,0.3817499257886472,0.10652407863996033,0.13956992142918,52.788478634504834
Return_20D,Future_Return_3D,5,16873,0.0027470611982475268,0.0024996918721791,0.5383749185088603,0.03490261181134529,-0.2733377060862555,0.3860311989178897,0.2747061198247527,0.24996918721790998,53.83749185088603
Return_20D,Future_Return_5D,1,16873,0.005889732745951079,0.0062355349227682,0.5642742843596278,0.0580348240321498,-0.4531223602938753,0.8082123766737199,0.5889732745951078,0.62355349227682,56.42742843596278
Return_20D,Future_Return_5D,2,16873,0.0023025297128264335,0.0026991301904422,0.5355301369051146,0.040052404205104655,-0.3782020303601848,0.405995088904534,0.23025297128264335,0.26991301904422,53.55301369051146
Return_20D,Future_Return_5D,3,16873,0.0022099903428576748,0.0031108234125607,0.5442422805665856,0.03736555656729048,-0.342317963329568,0.4150562188974311,0.22099903428576748,0.31108234125607,54.42422805665856
Return_20D,Future_Return_5D,4,16873,0.0020963066674399267,0.0026928157803765,0.5408048361287263,0.036744609465824814,-0.2253853011214992,0.4123753660089984,0.20963066674399267,0.26928157803764996,54.080483612872634
Return_20D,Future_Return_5D,5,16873,0.005117371236101064,0.0049094904757942,0.5613109701890594,0.04568696669885736,-0.342394572327278,0.5408639892685674,0.5117371236101064,0.49094904757942,56.13109701890594
Return_20D,Future_Return_10D,1,16873,0.012941748149432,0.0140099853619009,0.5955668820008297,0.07921263394931283,-0.6305522454304135,0.5491964714904667,1.2941748149432,1.40099853619009,59.556688200082974
Return_20D,Future_Return_10D,2,16873,0.006462185646560318,0.0070100380396558,0.5601256445208321,0.05896905075082681,-0.4368815195133849,0.5199414882953679,0.6462185646560318,0.70100380396558,56.01256445208321
Return_20D,Future_Return_10D,3,16873,0.004732226990874356,0.0055243821148149,0.5493391809399633,0.055216308123075146,-0.4517910843093392,0.4568470369369621,0.4732226990874356,0.55243821148149,54.933918093996326
Return_20D,Future_Return_10D,4,16873,0.004527356726202546,0.0059009305884776,0.5544360813133409,0.055054321568925195,-0.4425556917832614,0.5873561692906928,0.4527356726202546,0.5900930588477601,55.44360813133409
Return_20D,Future_Return_10D,5,16873,0.009502649875752806,0.0084561935204925,0.568008060214544,0.06420788279823261,-0.44711802590132,0.552755472521202,0.9502649875752806,0.8456193520492501,56.8008060214544
Distance_SMA20,Future_Return_1D,1,16873,0.0009383820150954722,0.0007473537556808,0.5185207135660522,0.0224003294754107,-0.1685545990292773,0.2224185161030107,0.09383820150954722,0.07473537556808,51.85207135660522
Distance_SMA20,Future_Return_1D,2,16873,-0.0001350286837943429,0.0002281275992157,0.5074379185681266,0.014456845134403363,-0.117181863535917,0.1025640658613815,-0.01350286837943429,0.02281275992157,50.743791856812656
Distance_SMA20,Future_Return_1D,3,16873,0.0002746073884473097,0.0004031943946829,0.5148462039945475,0.01338348357276872,-0.1099999886971931,0.1117360071482391,0.02746073884473097,0.04031943946829,51.48462039945475
Distance_SMA20,Future_Return_1D,4,16873,3.162928859625954e-05,0.000405739331895,0.5151425354116044,0.01317425901879535,-0.1071172213137221,0.1016386861774292,0.003162928859625954,0.0405739331895,51.514253541160436
Distance_SMA20,Future_Return_1D,5,16873,0.00030983383974520965,0.000330750080369,0.5099863687548154,0.017117993054235024,-0.1278971220645359,0.157802559050403,0.030983383974520964,0.0330750080369,50.99863687548154
Distance_SMA20,Future_Return_3D,1,16873,0.0030707140461550034,0.0025436600029249,0.5322112250340781,0.043924674653303394,-0.3466666821186049,0.6073923617978638,0.30707140461550037,0.25436600029249,53.22112250340781
Distance_SMA20,Future_Return_3D,2,16873,0.001204293587090217,0.0015951304444603,0.5285367154625733,0.029537301953297332,-0.2441505001764768,0.3686687554163514,0.12042935870902172,0.15951304444603,52.85367154625733
Distance_SMA20,Future_Return_3D,3,16873,0.0012209572328871281,0.0018056323672961,0.5332187518520713,0.02743632105483908,-0.2767678937302569,0.28307076945448,0.12209572328871282,0.18056323672961,53.32187518520713
Distance_SMA20,Future_Return_3D,4,16873,0.0013004320341586824,0.0018181669017225,0.5346411426539441,0.02713018730052744,-0.246658711843975,0.2893123652396401,0.13004320341586825,0.18181669017225,53.464114265394414
Distance_SMA20,Future_Return_3D,5,16873,0.0026437993653028818,0.0024504548160548,0.5382563859420376,0.03554257265658805,-0.2733377060862555,0.3860311989178897,0.2643799365302882,0.24504548160548,53.82563859420376
Distance_SMA20,Future_Return_5D,1,16873,0.00529854533152441,0.0053516820326908,0.5555621406981568,0.058684116857563765,-0.4531223602938753,0.8082123766737199,0.529854533152441,0.53516820326908,55.55621406981568
Distance_SMA20,Future_Return_5D,2,16873,0.002153966636408558,0.0028428683666921,0.5379600545249807,0.03910642785515146,-0.2850012294885817,0.2409031151907765,0.2153966636408558,0.28428683666921,53.79600545249807
Distance_SMA20,Future_Return_5D,3,16873,0.0021759179084867653,0.0028038141547026,0.5398565755941445,0.03617679871278265,-0.3283510414608989,0.4154445688308925,0.21759179084867653,0.28038141547026,53.98565755941445
Distance_SMA20,Future_Return_5D,4,16873,0.002705738426436968,0.0033164610977367,0.550761571741836,0.03652850486803944,-0.2770352626217084,0.4150562188974311,0.27057384264369677,0.33164610977367,55.07615717418361
Distance_SMA20,Future_Return_5D,5,16873,0.005281762402319474,0.0048391400410419,0.5620221655899958,0.046823554404347885,-0.342394572327278,0.5408639892685674,0.5281762402319474,0.48391400410419005,56.20221655899959
Distance_SMA20,Future_Return_10D,1,16873,0.010771081611198798,0.0116096126260811,0.5782611272447105,0.07983332657747512,-0.6305522454304135,0.5491964714904667,1.0771081611198798,1.16096126260811,57.826112724471045
Distance_SMA20,Future_Return_10D,2,16873,0.006167736496263527,0.0063137159026769,0.5550287441474545,0.05700894333828009,-0.4045750758492011,0.5263834340483209,0.6167736496263527,0.6313715902676901,55.50287441474545
Distance_SMA20,Future_Return_10D,3,16873,0.004942598597693559,0.0060585324865358,0.5510579031588929,0.05363554900495137,-0.3378224235522874,0.5449375535808829,0.4942598597693559,0.6058532486535799,55.105790315889294
Distance_SMA20,Future_Return_10D,4,16873,0.005932794490846952,0.0073529127445681,0.5684821904818349,0.05424463337644618,-0.3954563964258994,0.552755472521202,0.5932794490846952,0.7352912744568101,56.84821904818349
Distance_SMA20,Future_Return_10D,5,16873,0.010351956192819187,0.0089841457769976,0.5746458839566171,0.0673307008448327,-0.3146087225822187,0.5873561692906928,1.0351956192819187,0.8984145776997601,57.46458839566171
Distance_SMA50,Future_Return_1D,1,16873,0.001054571733913652,0.0008143129109701,0.5202394357849819,0.02263203776957004,-0.1685545990292773,0.2224185161030107,0.1054571733913652,0.08143129109701,52.02394357849819
Distance_SMA50,Future_Return_1D,2,16873,0.00011988406098640818,0.000375454051614,0.5128904166419724,0.014446436400593938,-0.1246763134896399,0.0869352069526681,0.011988406098640818,0.0375454051614,51.28904166419724
Distance_SMA50,Future_Return_1D,3,16873,-0.00017550543197542156,0.0002056028407959,0.5058969951994311,0.013751426173766703,-0.1071172213137221,0.113874438940497,-0.017550543197542155,0.020560284079590003,50.58969951994311
Distance_SMA50,Future_Return_1D,4,16873,0.00023250891364636137,0.0005041846926383,0.5191726426835773,0.013160094600442712,-0.1195563219976546,0.1016948974464724,0.023250891364636136,0.05041846926383,51.917264268357734
Distance_SMA50,Future_Return_1D,5,16873,0.000187964571518908,0.0002537644960911,0.5077342499851835,0.016525906454134057,-0.1278971220645359,0.157802559050403,0.0187964571518908,0.02537644960911,50.773424998518344
Distance_SMA50,Future_Return_3D,1,16873,0.0037147158193983477,0.003432015656567,0.5432940200320038,0.04483337316148025,-0.3466666821186049,0.6073923617978638,0.37147158193983476,0.3432015656567,54.32940200320038
Distance_SMA50,Future_Return_3D,2,16873,0.0013477772190632399,0.0016098950638354,0.5287145143128075,0.029671219638351655,-0.2767678937302569,0.3686687554163514,0.13477772190632398,0.16098950638353998,52.87145143128075
Distance_SMA50,Future_Return_3D,3,16873,0.0005906933654943677,0.0013289458936691,0.522847152255082,0.027846477922153102,-0.2136055958230157,0.2392196132127457,0.059069336549436774,0.13289458936691,52.28471522550821
Distance_SMA50,Future_Return_3D,4,16873,0.0013037269007201906,0.0020128755774388,0.5387305162093285,0.026709878385301738,-0.1835919116708473,0.3817499257886472,0.13037269007201904,0.20128755774388,53.873051620932856
Distance_SMA50,Future_Return_3D,5,16873,0.002483282960917766,0.0020061290871196,0.5332780181354827,0.03423252812147908,-0.2733377060862555,0.3860311989178897,0.24832829609177662,0.20061290871196,53.32780181354827
Distance_SMA50,Future_Return_5D,1,16873,0.006738705347705906,0.0069504330282947,0.5680673264979553,0.059411047155006357,-0.4531223602938753,0.8082123766737199,0.6738705347705906,0.69504330282947,56.806732649795535
Distance_SMA50,Future_Return_5D,2,16873,0.002103807321973392,0.0028145605232876,0.5366561962899307,0.03961357190256448,-0.3781611300234865,0.3964904421792461,0.21038073219733922,0.28145605232876003,53.66561962899306
Distance_SMA50,Future_Return_5D,3,16873,0.0015305871768308884,0.0022960039464174,0.5336928821193623,0.037135062635599105,-0.2419157225849044,0.405995088904534,0.15305871768308885,0.22960039464174,53.36928821193623
Distance_SMA50,Future_Return_5D,4,16873,0.0023804457198959815,0.0034772418003972,0.5526580928109999,0.03588717157316253,-0.2253853011214992,0.4150562188974311,0.23804457198959816,0.34772418003972,55.26580928109999
Distance_SMA50,Future_Return_5D,5,16873,0.00486238513877001,0.0042997242661877,0.5550880104308659,0.045100382589569894,-0.342394572327278,0.5408639892685674,0.48623851387700096,0.42997242661877,55.508801043086585
Distance_SMA50,Future_Return_10D,1,16873,0.013864572185394235,0.0152000839243466,0.6016120429087892,0.08068947441647513,-0.6305522454304135,0.5491964714904667,1.3864572185394235,1.5200083924346601,60.16120429087892
Distance_SMA50,Future_Return_10D,2,16873,0.005696212980529533,0.0064201545155984,0.5540804836128727,0.057740638789595386,-0.4021369725057523,0.4990454274757443,0.5696212980529534,0.64201545155984,55.408048361287264
Distance_SMA50,Future_Return_10D,3,16873,0.004312413842624795,0.0053474492907148,0.5457239376518699,0.05536512939707877,-0.3275480378221318,0.5873561692906928,0.4312413842624795,0.53474492907148,54.57239376518699
Distance_SMA50,Future_Return_10D,4,16873,0.005007866868391215,0.0062985909037442,0.5607775736383571,0.053791291791481725,-0.3945793433537728,0.4900999013539469,0.5007866868391215,0.62985909037442,56.077757363835715
Distance_SMA50,Future_Return_10D,5,16873,0.009285101511882242,0.0078053820695744,0.565281811177621,0.06433323842258204,-0.5009187830273503,0.552755472521202,0.9285101511882242,0.7805382069574399,56.5281811177621
Distance_SMA200,Future_Return_1D,1,16873,0.0010529229427158283,0.0006987293148934,0.5167427250637112,0.022163065392446137,-0.1685545990292773,0.2224185161030107,0.10529229427158283,0.06987293148934,51.674272506371125
Distance_SMA200,Future_Return_1D,2,16873,0.00022396325966940066,0.0004637787307517,0.5147276714277248,0.014529062421628281,-0.0916395816048202,0.141286356256997,0.022396325966940064,0.04637787307517,51.47276714277248
Distance_SMA200,Future_Return_1D,3,16873,0.00022670466947386032,0.0004663194141429,0.5182243821489955,0.013101143725696467,-0.1099999886971931,0.1046112942454151,0.02267046694738603,0.04663194141429,51.82243821489955
Distance_SMA200,Future_Return_1D,4,16873,-3.8697268284486826e-06,0.0003386750937315,0.5112902269898655,0.013199124131361033,-0.1195563219976546,0.1040229600933329,-0.00038697268284486824,0.03386750937315,51.129022698986546
Distance_SMA200,Future_Return_1D,5,16873,-8.029729694073266e-05,0.0001656805765684,0.5049487346648491,0.017555116398251552,-0.1278971220645359,0.157802559050403,-0.008029729694073265,0.01656805765684,50.49487346648491
Distance_SMA200,Future_Return_3D,1,16873,0.0037777019972705292,0.0035127785196633,0.540271439578024,0.04444056526400987,-0.3466666821186049,0.6073923617978638,0.37777019972705295,0.35127785196633,54.0271439578024
Distance_SMA200,Future_Return_3D,2,16873,0.001369030765793267,0.0018267879760347,0.5323890238843122,0.03002532502348947,-0.1989584056333716,0.2893123652396401,0.13690307657932668,0.18267879760347,53.23890238843122
Distance_SMA200,Future_Return_3D,3,16873,0.0014215522925631711,0.0021586619165905,0.542523558347656,0.026796036922374,-0.2733377060862555,0.2397641799284771,0.14215522925631713,0.21586619165905002,54.252355834765595
Distance_SMA200,Future_Return_3D,4,16873,0.0011508347489161564,0.0013824485871234,0.5268772595270551,0.026680245492555498,-0.2136055958230157,0.2488196769349404,0.11508347489161563,0.13824485871234,52.68772595270551
Distance_SMA200,Future_Return_3D,5,16873,0.001721076461050788,0.0015153401172915,0.5248029396076572,0.03530090460014047,-0.2959265768303462,0.3860311989178897,0.1721076461050788,0.15153401172915001,52.48029396076572
Distance_SMA200,Future_Return_5D,1,16873,0.006428007908150739,0.0066488649626514,0.5616073016061163,0.05884879697678684,-0.4531223602938753,0.8082123766737199,0.6428007908150739,0.6648864962651401,56.16073016061163
Distance_SMA200,Future_Return_5D,2,16873,0.0026924528957043797,0.0034236467519197,0.5461980679191608,0.039897124669687804,-0.2577004374958124,0.4391513779716041,0.269245289570438,0.34236467519197,54.61980679191608
Distance_SMA200,Future_Return_5D,3,16873,0.0025534411284977602,0.0036014867071283,0.5533100219285249,0.035159187984160456,-0.2787045707866431,0.2452770164907887,0.25534411284977604,0.36014867071283,55.33100219285249
Distance_SMA200,Future_Return_5D,4,16873,0.0023588610158707768,0.0028594135955253,0.5441830142831743,0.035835041705900905,-0.2851596567830289,0.3345371233601024,0.23588610158707768,0.28594135955253,54.41830142831743
Distance_SMA200,Future_Return_5D,5,16873,0.0035831677569525206,0.0032816125603756,0.5408641024121378,0.04725008537161748,-0.3781611300234865,0.5408639892685674,0.35831677569525205,0.32816125603755997,54.08641024121378
Distance_SMA200,Future_Return_10D,1,16873,0.013175816234351493,0.0139371868955002,0.5866176732057132,0.08030771346207981,-0.6305522454304135,0.5873561692906928,1.3175816234351494,1.39371868955002,58.66176732057132
Distance_SMA200,Future_Return_10D,2,16873,0.006401200867995117,0.0081681295635116,0.5664671368458484,0.05763250759752233,-0.3972043620507587,0.3236385933646195,0.6401200867995117,0.81681295635116,56.64671368458484
Distance_SMA200,Future_Return_10D,3,16873,0.005063641902018516,0.0066309248415346,0.564629882060096,0.051913980656503274,-0.4104099178456304,0.3795643271108675,0.5063641902018516,0.66309248415346,56.4629882060096
Distance_SMA200,Future_Return_10D,4,16873,0.005435462985598041,0.0057907919630635,0.5584069223019025,0.05286694065025648,-0.3378224235522874,0.5199414882953679,0.5435462985598041,0.57907919630635,55.84069223019025
Distance_SMA200,Future_Return_10D,5,16873,0.008090045398858856,0.0067565908580207,0.5513542345759498,0.06856297326927793,-0.5009187830273503,0.552755472521202,0.8090045398858856,0.67565908580207,55.13542345759498
SMA20_vs_SMA50,Future_Return_1D,1,16873,0.0011618312932730084,0.0009046596787776,0.5243880756237776,0.02156831951745406,-0.1685545990292773,0.2224185161030107,0.11618312932730084,0.09046596787776,52.43880756237777
SMA20_vs_SMA50,Future_Return_1D,2,16873,0.00010896942583018183,0.0002854694731662,0.5082083802524744,0.0150834708337458,-0.1117039308351921,0.1294252881602249,0.010896942583018184,0.02854694731662,50.82083802524744
SMA20_vs_SMA50,Future_Return_1D,3,16873,1.7314019043909337e-05,0.0003628738352645,0.5132460143424405,0.013923118164574507,-0.1071172213137221,0.1282209523809525,0.0017314019043909337,0.036287383526449994,51.32460143424405
SMA20_vs_SMA50,Future_Return_1D,4,16873,3.80871107127012e-06,0.0002772498172118,0.509275173353879,0.013676542093554596,-0.0946902834911965,0.141286356256997,0.00038087110712701203,0.02772498172118,50.9275173353879
SMA20_vs_SMA50,Future_Return_1D,5,16873,0.0001275003988715384,0.0003550151396081,0.5108160967225746,0.01680975651497983,-0.1278971220645359,0.157802559050403,0.01275003988715384,0.03550151396081,51.08160967225746
SMA20_vs_SMA50,Future_Return_3D,1,16873,0.004541466225595131,0.004109389119866,0.5543768150299295,0.042879630683986106,-0.3466666821186049,0.6073923617978638,0.4541466225595131,0.4109389119866,55.43768150299295
SMA20_vs_SMA50,Future_Return_3D,2,16873,0.0011139409139322653,0.0014365415951398,0.5265809281099982,0.031052662397179038,-0.3451172971949461,0.3686687554163514,0.11139409139322652,0.14365415951398,52.658092810999825
SMA20_vs_SMA50,Future_Return_3D,3,16873,0.0011326751930423472,0.0016693592588703,0.5294849759971553,0.028435240905116968,-0.2959265768303462,0.2115337403611192,0.11326751930423472,0.16693592588703,52.94849759971553
SMA20_vs_SMA50,Future_Return_3D,4,16873,0.0009506681497038645,0.0015099883211062,0.5295442422805666,0.028041940896815318,-0.2136055958230157,0.3037149295755048,0.09506681497038645,0.15099883211062,52.95442422805666
SMA20_vs_SMA50,Future_Return_3D,5,16873,0.0017014457833203042,0.0016912438823162,0.5268772595270551,0.033914037297370844,-0.276974805399957,0.3860311989178897,0.17014457833203042,0.16912438823162,52.68772595270551
SMA20_vs_SMA50,Future_Return_5D,1,16873,0.007927113390829289,0.0073442503513394,0.5745866176732057,0.05637728790358936,-0.4531223602938753,0.8082123766737199,0.7927113390829289,0.7344250351339401,57.45866176732057
SMA20_vs_SMA50,Future_Return_5D,2,16873,0.0022280977069073634,0.0032268800958983,0.5434125525988265,0.0416349866580387,-0.3896728490324742,0.4967532467532467,0.22280977069073635,0.32268800958982996,54.34125525988265
SMA20_vs_SMA50,Future_Return_5D,3,16873,0.0025563567827361416,0.003440158889914,0.5487465181058496,0.03812641550085661,-0.3130990361795991,0.47896388138874,0.25563567827361416,0.3440158889914,54.874651810584965
SMA20_vs_SMA50,Future_Return_5D,4,16873,0.0017504657628314366,0.0023578389454292,0.5370117939903989,0.037608597713173965,-0.3031430864844552,0.4391513779716041,0.17504657628314366,0.23578389454291998,53.70117939903989
SMA20_vs_SMA50,Future_Return_5D,5,16873,0.0031538970618719465,0.0033022921529044,0.5424050257808333,0.044878628538062966,-0.3781611300234865,0.5408639892685674,0.31538970618719464,0.33022921529044,54.24050257808333
SMA20_vs_SMA50,Future_Return_10D,1,16873,0.015431367224818535,0.0153502920991372,0.6014342440585551,0.07674151483560962,-0.5543459799722277,0.5873561692906928,1.5431367224818535,1.53502920991372,60.143424405855505
SMA20_vs_SMA50,Future_Return_10D,2,16873,0.006296365358934951,0.0078027307345815,0.5664671368458484,0.061357771113569104,-0.6305522454304135,0.5199414882953679,0.6296365358934951,0.78027307345815,56.64671368458484
SMA20_vs_SMA50,Future_Return_10D,3,16873,0.005739821114731979,0.0071689614535543,0.5676524625140758,0.05471996169982484,-0.4431618216294961,0.4257271322890803,0.5739821114731979,0.71689614535543,56.765246251407575
SMA20_vs_SMA50,Future_Return_10D,4,16873,0.004096471614518135,0.0049345071676691,0.5473241273039767,0.05439134940512511,-0.4074119805507435,0.4226138571323836,0.4096471614518135,0.49345071676691005,54.73241273039767
SMA20_vs_SMA50,Future_Return_10D,5,16873,0.006602142075818422,0.0058397300954384,0.5445978782670539,0.06571974078349861,-0.5009187830273503,0.552755472521202,0.6602142075818422,0.58397300954384,54.45978782670539
SMA50_vs_SMA200,Future_Return_1D,1,16873,0.0005590016799213452,0.0005979209957398,0.5150240028447816,0.019544363451509214,-0.1685545990292773,0.2224185161030107,0.05590016799213452,0.059792099573980004,51.502400284478156
SMA50_vs_SMA200,Future_Return_1D,2,16873,0.000463960187945432,0.000518870803545,0.5166241924968885,0.014697092824313036,-0.105630786649527,0.1599260179921549,0.0463960187945432,0.0518870803545,51.66241924968885
SMA50_vs_SMA200,Future_Return_1D,3,16873,0.0002446446357360255,0.0003659037970371,0.5140164760267883,0.014134384748186932,-0.1210250153681585,0.2114469235364153,0.024464463573602546,0.03659037970371,51.401647602678835
SMA50_vs_SMA200,Future_Return_1D,4,16873,0.00012321598327894257,0.0002915756002599,0.5094529722041131,0.01461702775057922,-0.1514904295915263,0.1535825164889992,0.012321598327894256,0.02915756002599,50.94529722041131
SMA50_vs_SMA200,Future_Return_1D,5,16873,2.8601361208162924e-05,0.0003428191743304,0.5108160967225746,0.018588226740679642,-0.1278971220645359,0.157802559050403,0.0028601361208162924,0.03428191743304,51.08160967225746
SMA50_vs_SMA200,Future_Return_3D,1,16873,0.0028807025640965943,0.0028589526043503,0.5352930717714692,0.04084292935532094,-0.3466666821186049,0.6073923617978638,0.28807025640965944,0.28589526043503,53.529307177146926
SMA50_vs_SMA200,Future_Return_3D,2,16873,0.0020842723087027425,0.0024013193515555,0.5444200794168198,0.029288727040180238,-0.2767678937302569,0.249090934758615,0.20842723087027426,0.24013193515554998,54.44200794168198
SMA50_vs_SMA200,Future_Return_3D,3,16873,0.0015331556015656396,0.0018241289885356,0.536063533455817,0.027784197868566084,-0.2899123281211184,0.2836554456451456,0.15331556015656395,0.18241289885356,53.6063533455817
SMA50_vs_SMA200,Future_Return_3D,4,16873,0.0009034461803661313,0.0013566196875578,0.5265216618265869,0.029443166125786176,-0.2522453112196082,0.3037149295755048,0.09034461803661313,0.13566196875578002,52.65216618265869
SMA50_vs_SMA200,Future_Return_3D,5,16873,0.0020386196108628054,0.0016959324188157,0.5245658744740117,0.03728474516986885,-0.2959265768303462,0.3860311989178897,0.20386196108628055,0.16959324188157002,52.45658744740117
SMA50_vs_SMA200,Future_Return_5D,1,16873,0.005056842763891758,0.0050031226864946,0.5496355123570201,0.05419115685002037,-0.4531223602938753,0.8082123766737199,0.5056842763891758,0.50031226864946,54.96355123570201
SMA50_vs_SMA200,Future_Return_5D,2,16873,0.0038911926299002248,0.0044567241096913,0.5636816215255142,0.03877837118308367,-0.3283510414608989,0.3197798170138464,0.3891192629900225,0.44567241096913,56.36816215255141
SMA50_vs_SMA200,Future_Return_5D,3,16873,0.0027590849913701255,0.0034203182127594,0.5528358916612339,0.03681702912528783,-0.3866896407387643,0.3336399135540842,0.27590849913701254,0.34203182127594,55.28358916612339
SMA50_vs_SMA200,Future_Return_5D,4,16873,0.001902272298009526,0.0027965253918731,0.5403307058614354,0.039051287772278495,-0.30526315479249,0.3358840716088185,0.19022722980095258,0.27965253918731003,54.03307058614354
SMA50_vs_SMA200,Future_Return_5D,5,16873,0.004006538022004541,0.0036074369474108,0.5396787767439104,0.049924004223258336,-0.3781611300234865,0.5408639892685674,0.4006538022004541,0.36074369474108,53.96787767439104
SMA50_vs_SMA200,Future_Return_10D,1,16873,0.010184782191596312,0.0105735273607909,0.5689563207491258,0.07626002079646076,-0.6305522454304135,0.5873561692906928,1.018478219159631,1.05735273607909,56.895632074912584
SMA50_vs_SMA200,Future_Return_10D,2,16873,0.008870610767079332,0.0097675974574082,0.5843655544360813,0.054978371732778045,-0.3299672596499535,0.356665213963192,0.8870610767079332,0.9767597457408199,58.43655544360813
SMA50_vs_SMA200,Future_Return_10D,3,16873,0.005389229036155459,0.0062860671222171,0.5621406981568186,0.05272035093607189,-0.5275113994965994,0.4180606799950759,0.538922903615546,0.62860671222171,56.21406981568185
SMA50_vs_SMA200,Future_Return_10D,4,16873,0.004882975884857127,0.005775088778831,0.5548509452972205,0.05617812736333675,-0.4104099178456304,0.4154285798138293,0.4882975884857127,0.5775088778831,55.48509452972205
SMA50_vs_SMA200,Future_Return_10D,5,16873,0.008838569509133795,0.0078315553768053,0.5571623303502637,0.07217928118538036,-0.5009187830273503,0.552755472521202,0.8838569509133796,0.7831555376805299,55.71623303502638
Volume_Ratio,Future_Return_1D,1,16873,0.00045284324963131147,0.0005109979068871,0.5185207135660522,0.014469308343295734,-0.1246763134896399,0.1147155593263524,0.045284324963131145,0.051099790688710005,51.85207135660522
Volume_Ratio,Future_Return_1D,2,16873,0.00032455790411483926,0.0004745444968123,0.5147869377111361,0.014748443631632606,-0.0896538836385302,0.157802559050403,0.03245579041148393,0.04745444968123,51.47869377111361
Volume_Ratio,Future_Return_1D,3,16873,0.0004924657663699953,0.0005282612018913,0.5187577786996977,0.015472271469456287,-0.1195563219976546,0.1213727165912594,0.04924657663699954,0.05282612018913001,51.875777869969774
Volume_Ratio,Future_Return_1D,4,16873,0.00018888891126236194,0.000356768770491,0.5102827001718723,0.01697393477599148,-0.1278971220645359,0.2114469235364153,0.018888891126236193,0.0356768770491,51.028270017187225
Volume_Ratio,Future_Return_1D,5,16873,-3.9331983288600004e-05,0.0001591329180619,0.5035856101463877,0.0200643342002268,-0.1685545990292773,0.2224185161030107,-0.003933198328860001,0.01591329180619,50.35856101463877
Volume_Ratio,Future_Return_3D,1,16873,0.0021053296808011468,0.0020539114985589,0.5354708706217033,0.029815579331448055,-0.2733377060862555,0.2893123652396401,0.21053296808011468,0.20539114985589002,53.54708706217033
Volume_Ratio,Future_Return_3D,2,16873,0.00218891901428976,0.0023398348847309,0.5405677709950809,0.030662470491483445,-0.2767678937302569,0.3076383494245076,0.218891901428976,0.23398348847309,54.05677709950809
Volume_Ratio,Future_Return_3D,3,16873,0.002019204856854625,0.0020382794307924,0.5347004089373555,0.03212032637538696,-0.3347353093764361,0.2937305340028753,0.2019204856854625,0.20382794307924001,53.47004089373555
Volume_Ratio,Future_Return_3D,4,16873,0.001581526773411745,0.0017655380369467,0.5301369051146803,0.03423292338445332,-0.3451172971949461,0.2959383973652352,0.1581526773411745,0.17655380369467,53.01369051146803
Volume_Ratio,Future_Return_3D,5,16873,0.0015452159402366361,0.0016444892615585,0.5259882652758846,0.039038438047591724,-0.3466666821186049,0.6073923617978638,0.1545215940236636,0.16444892615585,52.59882652758846
Volume_Ratio,Future_Return_5D,1,16873,0.004316382221444529,0.0042671393283373,0.557043797783441,0.04075611173677467,-0.3782020303601848,0.5408639892685674,0.4316382221444529,0.42671393283373,55.704379778344105
Volume_Ratio,Future_Return_5D,2,16873,0.0034471435445976337,0.0038149668189355,0.5493984472233746,0.04125769035900216,-0.3781611300234865,0.4154445688308925,0.34471435445976334,0.38149668189355,54.93984472233746
Volume_Ratio,Future_Return_5D,3,16873,0.003502411796519486,0.003572718195336,0.5474426598707995,0.04256801989595749,-0.3661176457124597,0.4967532467532467,0.3502411796519486,0.3572718195336,54.744265987079956
Volume_Ratio,Future_Return_5D,4,16873,0.0032366805576384745,0.0036348047657983,0.5480945889883245,0.045231857372245755,-0.3866896407387643,0.4123753660089984,0.32366805576384744,0.36348047657983,54.80945889883245
Volume_Ratio,Future_Return_5D,5,16873,0.0031133125849760533,0.0034495711458824,0.5441830142831743,0.0509625232837232,-0.4531223602938753,0.8082123766737199,0.31133125849760535,0.34495711458824,54.41830142831743
Volume_Ratio,Future_Return_10D,1,16873,0.00845781117954655,0.0083005021767639,0.5689563207491258,0.05999777757257031,-0.5009187830273503,0.5873561692906928,0.845781117954655,0.83005021767639,56.895632074912584
Volume_Ratio,Future_Return_10D,2,16873,0.007902368866781848,0.0080259993226987,0.5694897172998281,0.06033808578041702,-0.4517910843093392,0.552755472521202,0.7902368866781848,0.80259993226987,56.94897172998281
Volume_Ratio,Future_Return_10D,3,16873,0.007802977208212941,0.0073819260921559,0.5619036330231731,0.06143110662532789,-0.4401176677030676,0.5263834340483209,0.7802977208212941,0.7381926092155899,56.190363302317316
Volume_Ratio,Future_Return_10D,4,16873,0.007598388853652621,0.00771656303193,0.5665856694126711,0.0638953757019325,-0.6305522454304135,0.5511024961523845,0.7598388853652621,0.771656303193,56.65856694126711
Volume_Ratio,Future_Return_10D,5,16873,0.006404621280628065,0.0077827354660662,0.5605405085047117,0.0700461523603188,-0.6148600699257925,0.4934908720017419,0.6404621280628066,0.7782735466066201,56.05405085047117
ATR_Pct,Future_Return_1D,1,16873,0.00011398158923326285,0.0003360856717826,0.515557399395484,0.009609047810769877,-0.0721487880738314,0.0731707263361873,0.011398158923326285,0.03360856717826,51.555739939548396
ATR_Pct,Future_Return_1D,2,16873,7.194286962306163e-05,0.0003622402700937,0.5128904166419724,0.011747991746310681,-0.0861773898404688,0.1016386861774292,0.007194286962306163,0.036224027009370004,51.28904166419724
ATR_Pct,Future_Return_1D,3,16873,-6.108171126643391e-06,0.0003361421472884,0.5102234338884608,0.013525938009893925,-0.1071172213137221,0.0873661311333577,-0.0006108171126643391,0.03361421472884,51.02234338884608
ATR_Pct,Future_Return_1D,4,16873,0.00027882050458971625,0.0005132041256823,0.5149647365613702,0.016032591664466706,-0.0946902834911965,0.1117360071482391,0.027882050458971623,0.05132041256823,51.49647365613702
ATR_Pct,Future_Return_1D,5,16873,0.0009607870557705107,0.0007372934834402,0.5122977538078587,0.026195182622222927,-0.1685545990292773,0.2224185161030107,0.09607870557705106,0.07372934834402,51.22977538078587
ATR_Pct,Future_Return_3D,1,16873,0.0008676528768955979,0.0014464806695628,0.5360042671724056,0.019366535710783405,-0.1495829016007578,0.1417799250327178,0.0867652876895598,0.14464806695628,53.60042671724056
ATR_Pct,Future_Return_3D,2,16873,0.0009417775560225905,0.0014546746535439,0.5277662537782256,0.024405078436840675,-0.1602587674341898,0.19266577251001,0.09417775560225905,0.14546746535439,52.77662537782256
ATR_Pct,Future_Return_3D,3,16873,0.0010433063603650847,0.0016978973559484,0.5288330468796302,0.027791090591415706,-0.2017210766367367,0.2210539260351594,0.10433063603650847,0.16978973559484,52.88330468796302
ATR_Pct,Future_Return_3D,4,16873,0.0021423823186945755,0.0022322699482242,0.5315000296331417,0.032977789483724734,-0.1926259491117554,0.3686687554163514,0.21423823186945753,0.22322699482242,53.15000296331417
ATR_Pct,Future_Return_3D,5,16873,0.004445077153616064,0.0045023515533517,0.5427606234813015,0.05212798328073111,-0.3466666821186049,0.6073923617978638,0.4445077153616064,0.45023515533517006,54.27606234813015
ATR_Pct,Future_Return_5D,1,16873,0.0017007496317327788,0.00266608126598,0.5511764357257156,0.02592407749393567,-0.2230334866863424,0.2086015522216362,0.1700749631732779,0.266608126598,55.11764357257156
ATR_Pct,Future_Return_5D,2,16873,0.001817789372144948,0.0025898814846372,0.5368932614235761,0.032803758148204396,-0.2395354035132908,0.2001989345722208,0.1817789372144948,0.25898814846372004,53.68932614235761
ATR_Pct,Future_Return_5D,3,16873,0.0022701881839199294,0.0032348134413262,0.5441830142831743,0.0369167056485621,-0.2082374681492294,0.2308132138719578,0.22701881839199295,0.32348134413262,54.41830142831743
ATR_Pct,Future_Return_5D,4,16873,0.004094042302157309,0.0046383391350712,0.5496355123570201,0.04411046338125817,-0.2886405345302315,0.405995088904534,0.40940423021573086,0.46383391350712,54.96355123570201
ATR_Pct,Future_Return_5D,5,16873,0.007733161215221212,0.008206637806027,0.5642742843596278,0.0688237440903341,-0.4531223602938753,0.8082123766737199,0.7733161215221213,0.8206637806027,56.42742843596278
ATR_Pct,Future_Return_10D,1,16873,0.003992592308935645,0.0057218451161609,0.5685414567652463,0.03764640855134138,-0.2867176736810967,0.3283098563571673,0.3992592308935645,0.57218451161609,56.854145676524624
ATR_Pct,Future_Return_10D,2,16873,0.0037779720085287945,0.0055747451854593,0.5515320334261838,0.04797757460015812,-0.255369535516579,0.3274828754273702,0.37779720085287943,0.55747451854593,55.15320334261838
ATR_Pct,Future_Return_10D,3,16873,0.004703921515730345,0.0062017071200577,0.5535470870621704,0.054606023196596284,-0.3248720417624751,0.4180606799950759,0.47039215157303454,0.62017071200577,55.35470870621704
ATR_Pct,Future_Return_10D,4,16873,0.008758566115206786,0.0087929494685483,0.5642742843596278,0.0646790988093495,-0.4431618216294961,0.5199414882953679,0.8758566115206786,0.87929494685483,56.42742843596278
ATR_Pct,Future_Return_10D,5,16873,0.016933115440420452,0.0184463194566408,0.5895809873762816,0.09485151667050244,-0.6305522454304135,0.5873561692906928,1.6933115440420452,1.84463194566408,58.95809873762816
Positive_Days_5,Future_Return_1D,1,38225,0.00042687386161157254,0.0005247930164538,0.5159712230215827,0.017859496562847806,-0.1685545990292773,0.2224185161030107,0.042687386161157255,0.05247930164538,51.59712230215827
Positive_Days_5,Future_Return_1D,2,27750,0.00033281503509190706,0.00042411142382409997,0.514054054054054,0.015556892844534775,-0.1520696122102607,0.1621927744588069,0.03328150350919071,0.04241114238241,51.4054054054054
Positive_Days_5,Future_Return_1D,3,15157,-0.00010409916272144542,0.0002125883523882,0.5068945041894835,0.014724891507548177,-0.1071172213137221,0.157802559050403,-0.010409916272144541,0.02125883523882,50.68945041894835
Positive_Days_5,Future_Return_1D,4,3233,-7.76399186910345e-06,9.472568129642588e-05,0.5023198267862666,0.014722229639845274,-0.1075723243582577,0.1030059355461239,-0.000776399186910345,0.009472568129642587,50.231982678626665
Positive_Days_5,Future_Return_3D,1,38225,0.002231192327271319,0.0021988873275831,0.5351994767822106,0.035886730009174424,-0.3466666821186049,0.6073923617978638,0.22311923272713188,0.21988873275831,53.51994767822106
Positive_Days_5,Future_Return_3D,2,27750,0.0019776612334499923,0.00220577109554835,0.5366126126126126,0.031451614787189865,-0.2899123281211184,0.3860311989178897,0.19776612334499924,0.220577109554835,53.66126126126126
Positive_Days_5,Future_Return_3D,3,15157,0.0014248505691450315,0.0016204908055843,0.5290624793824635,0.03062883546073167,-0.2767678937302569,0.3076383494245076,0.14248505691450314,0.16204908055843,52.90624793824635
Positive_Days_5,Future_Return_3D,4,3233,-0.0007669206388334674,0.0001584696255989,0.5041756882152799,0.02961397258957427,-0.2347168431300451,0.2366646066423277,-0.07669206388334673,0.01584696255989,50.41756882152799
Positive_Days_5,Future_Return_5D,1,38225,0.003829432892837266,0.0040150693895004,0.5490647482014388,0.04767490056639356,-0.4531223602938753,0.8082123766737199,0.3829432892837266,0.40150693895004,54.90647482014388
Positive_Days_5,Future_Return_5D,2,27750,0.003551885519262268,0.0037483026747942502,0.551027027027027,0.04217990655786252,-0.4432934376807571,0.5408639892685674,0.3551885519262268,0.37483026747942505,55.1027027027027
Positive_Days_5,Future_Return_5D,3,15157,0.0031589148191457574,0.0035519500410281,0.5489212904928416,0.04040053583999814,-0.342394572327278,0.4967532467532467,0.3158914819145757,0.35519500410281,54.89212904928416
Positive_Days_5,Future_Return_5D,4,3233,0.0013637585482254703,0.0026751491375884,0.5372718836993504,0.03798712829911966,-0.2260880747464101,0.2774332122592327,0.13637585482254702,0.26751491375883996,53.72718836993504
Positive_Days_5,Future_Return_10D,1,38225,0.008274396710009343,0.0087182328628725,0.5669849574885546,0.06726384951041035,-0.6305522454304135,0.552755472521202,0.8274396710009343,0.87182328628725,56.69849574885546
Positive_Days_5,Future_Return_10D,2,27750,0.007605447964111035,0.007904391555789,0.567963963963964,0.06097728558162532,-0.6007983103519728,0.5873561692906928,0.7605447964111035,0.7904391555789,56.796396396396396
Positive_Days_5,Future_Return_10D,3,15157,0.006514218253407206,0.006645470095977,0.561654681005476,0.05766347204244713,-0.3258496086575402,0.5263834340483209,0.6514218253407206,0.6645470095977001,56.1654681005476
Positive_Days_5,Future_Return_10D,4,3233,0.005537191784878626,0.0047561650303167,0.5446953294154037,0.05826354015618289,-0.2760162062664464,0.3772634400031383,0.5537191784878626,0.47561650303167,54.469532941540365
Positive_Days_10,Future_Return_1D,1,26834,0.0005830841559354201,0.000568264551909,0.5169188343146754,0.018774747829611655,-0.1685545990292773,0.2224185161030107,0.058308415593542,0.0568264551909,51.691883431467545
Positive_Days_10,Future_Return_1D,2,20335,0.00012810937134157913,0.0003508022450424,0.5118268994344726,0.016218816559169964,-0.1520696122102607,0.1621927744588069,0.012810937134157912,0.03508022450424,51.18268994344726
Positive_Days_10,Future_Return_1D,3,19157,3.1809334590313124e-05,0.0002459319435259,0.5074385342172574,0.014878389460419212,-0.1278971220645359,0.1117360071482391,0.0031809334590313125,0.02459319435259,50.74385342172574
Positive_Days_10,Future_Return_1D,4,11958,0.0003404876365840134,0.0004838792149548,0.5176450911523666,0.014752881027315777,-0.1004194768859833,0.157802559050403,0.03404876365840134,0.04838792149548,51.764509115236656
Positive_Days_10,Future_Return_1D,5,6081,0.00016731322170706863,0.0003390037407311,0.5106068080907745,0.014300597318197121,-0.1075723243582577,0.1064828485361317,0.01673132217070686,0.03390037407311,51.06068080907745
Positive_Days_10,Future_Return_3D,1,26834,0.0020395064562071315,0.00192354655814495,0.5300365208317805,0.03791200836063497,-0.3466666821186049,0.6073923617978638,0.20395064562071316,0.19235465581449498,53.00365208317805
Positive_Days_10,Future_Return_3D,2,20335,0.00215047627771821,0.0023567138010007,0.5379395131546595,0.0324546076765121,-0.3180966360711365,0.2891757701117163,0.21504762777182101,0.23567138010007002,53.79395131546595
Positive_Days_10,Future_Return_3D,3,19157,0.0016694751894702207,0.0018205056099269,0.5306676410711489,0.03045676835503429,-0.2767678937302569,0.3860311989178897,0.16694751894702206,0.18205056099269,53.06676410711489
Positive_Days_10,Future_Return_3D,4,11958,0.0017176782428736956,0.00205833668520025,0.5368790767686904,0.029885256620346756,-0.1894690656275593,0.3076383494245076,0.17176782428736956,0.205833668520025,53.68790767686904
Positive_Days_10,Future_Return_3D,5,6081,0.0013656055917019316,0.0015510651532057,0.5344515704653839,0.029583144820815414,-0.2347168431300451,0.2893123652396401,0.13656055917019316,0.15510651532057,53.44515704653839
Positive_Days_10,Future_Return_5D,1,26834,0.0037194473149539716,0.0039432896016043505,0.5478124767086532,0.05074313404019151,-0.4531223602938753,0.8082123766737199,0.37194473149539714,0.39432896016043506,54.78124767086532
Positive_Days_10,Future_Return_5D,2,20335,0.003923613711499564,0.0039750139998,0.5478239488566511,0.04344814300591473,-0.4432934376807571,0.5408639892685674,0.39236137114995645,0.39750139998,54.782394885665106
Positive_Days_10,Future_Return_5D,3,19157,0.003115985633430746,0.0034018037374923,0.5479459205512346,0.04000110058788401,-0.3283510414608989,0.4123753660089984,0.3115985633430746,0.34018037374923,54.79459205512346
Positive_Days_10,Future_Return_5D,4,11958,0.003273761944737527,0.00392097983153045,0.5556113062385014,0.039286696291588194,-0.342394572327278,0.4967532467532467,0.3273761944737527,0.392097983153045,55.56113062385014
Positive_Days_10,Future_Return_5D,5,6081,0.0030913801349802604,0.0033794276805569,0.5517184673573425,0.038641782666569674,-0.2239464110027952,0.288573524872181,0.30913801349802605,0.33794276805569,55.171846735734256
Positive_Days_10,Future_Return_10D,1,26834,0.008528195221551309,0.009151751985460099,0.5699485727062682,0.07141283167563638,-0.6305522454304135,0.5873561692906928,0.8528195221551309,0.9151751985460098,56.99485727062682
Positive_Days_10,Future_Return_10D,2,20335,0.008935144892660715,0.0083412995387606,0.5684288173100566,0.06235997147978564,-0.4274182826140613,0.552755472521202,0.8935144892660716,0.83412995387606,56.842881731005654
Positive_Days_10,Future_Return_10D,3,19157,0.006885508014482473,0.0072174215081681,0.5626663882653861,0.057784500068275714,-0.3258496086575402,0.5199414882953679,0.6885508014482473,0.72174215081681,56.2666388265386
Positive_Days_10,Future_Return_10D,4,11958,0.0057133537343884875,0.00698515959461115,0.5623013881920054,0.05636706847360217,-0.3146087225822187,0.5263834340483209,0.5713353734388488,0.698515959461115,56.23013881920053
Positive_Days_10,Future_Return_10D,5,6081,0.005461276006408855,0.0052040402310566,0.5512251274461437,0.056668109433776884,-0.2496291970891028,0.4180606799950759,0.5461276006408855,0.52040402310566,55.12251274461437
Momentum_Acceleration_5D,Future_Return_1D,1,16873,0.0007482790665616175,0.0007908179138924,0.5220766905707344,0.020616026526572313,-0.1685545990292773,0.2224185161030107,0.07482790665616175,0.07908179138924,52.20766905707344
Momentum_Acceleration_5D,Future_Return_1D,2,16873,0.00028919692496858477,0.0005225661203851,0.5178095181651159,0.014369679279711127,-0.0944489771006058,0.1213727165912594,0.02891969249685848,0.05225661203851,51.78095181651159
Momentum_Acceleration_5D,Future_Return_1D,3,16873,0.00010834460432326911,0.0003247148195399,0.5121199549576246,0.01374694943225038,-0.1117039308351921,0.1046112942454151,0.010834460432326911,0.03247148195399,51.211995495762466
Momentum_Acceleration_5D,Future_Return_1D,4,16873,0.0001975617321808716,0.00035000325198,0.5118236235405678,0.014123718052263114,-0.1203373730798194,0.157802559050403,0.01975617321808716,0.035000325198000004,51.18236235405678
Momentum_Acceleration_5D,Future_Return_1D,5,16873,7.604152005556513e-05,0.0001091436527702,0.5021039530611036,0.018354410992654793,-0.1246763134896399,0.1621927744588069,0.007604152005556513,0.01091436527702,50.21039530611036
Momentum_Acceleration_5D,Future_Return_3D,1,16873,0.002864436195886394,0.0029438971262327,0.5384341847922717,0.04036360200377968,-0.3466666821186049,0.6073923617978638,0.2864436195886394,0.29438971262327,53.84341847922717
Momentum_Acceleration_5D,Future_Return_3D,2,16873,0.0019994788219590593,0.0019395724478137,0.5374266579742785,0.029510187875498042,-0.3347353093764361,0.2814034407443901,0.19994788219590592,0.19395724478137,53.74266579742785
Momentum_Acceleration_5D,Future_Return_3D,3,16873,0.0017992649435726808,0.0022378337811723,0.5391453801932081,0.028646939486842216,-0.3451172971949461,0.3860311989178897,0.17992649435726807,0.22378337811722998,53.914538019320815
Momentum_Acceleration_5D,Future_Return_3D,4,16873,0.0017682903686893744,0.0017642646791207,0.5319148936170213,0.02891337311646997,-0.2522453112196082,0.3817499257886472,0.17682903686893744,0.17642646791207,53.191489361702125
Momentum_Acceleration_5D,Future_Return_3D,5,16873,0.0010087259354864047,0.0012342393374182,0.5199431043679251,0.03739875989112798,-0.2899123281211184,0.4598156743714217,0.10087259354864048,0.12342393374182,51.99431043679251
Momentum_Acceleration_5D,Future_Return_5D,1,16873,0.0050097107995935464,0.0050122118599638,0.5521839625437089,0.05409318363053644,-0.4531223602938753,0.8082123766737199,0.5009710799593546,0.50122118599638,55.218396254370894
Momentum_Acceleration_5D,Future_Return_5D,2,16873,0.0033914411746927614,0.0036855171778644,0.5537248859124044,0.03896646837592235,-0.3782020303601848,0.2944672123761491,0.33914411746927614,0.36855171778644,55.37248859124044
Momentum_Acceleration_5D,Future_Return_5D,3,16873,0.0031206587051157537,0.0034508368543559,0.5515912997095952,0.03801040126896471,-0.3700558157936853,0.5408639892685674,0.31206587051157536,0.34508368543559,55.15912997095952
Momentum_Acceleration_5D,Future_Return_5D,4,16873,0.003153879565762179,0.0036694339373088,0.5508801043086589,0.038841007160850344,-0.3896728490324742,0.3808842843678932,0.3153879565762179,0.36694339373088003,55.088010430865886
Momentum_Acceleration_5D,Future_Return_5D,5,16873,0.0029402404600119367,0.0032305360763593,0.5377822556747467,0.049178664543601196,-0.3866896407387643,0.405995088904534,0.2940240460011937,0.32305360763593,53.77822556747467
Momentum_Acceleration_5D,Future_Return_10D,1,16873,0.00928163556513831,0.0102913254883258,0.5665264031292597,0.07419594884908363,-0.5543459799722277,0.552755472521202,0.928163556513831,1.02913254883258,56.652640312925975
Momentum_Acceleration_5D,Future_Return_10D,2,16873,0.007098493126483815,0.0073255669938108,0.5649262134771529,0.0565640502615794,-0.5561301348960563,0.471004306777212,0.7098493126483815,0.7325566993810799,56.492621347715286
Momentum_Acceleration_5D,Future_Return_10D,3,16873,0.0069702850536736295,0.0074723875836606,0.57174183606946,0.05400931461356991,-0.4368815195133849,0.4900999013539469,0.6970285053673629,0.74723875836606,57.174183606946
Momentum_Acceleration_5D,Future_Return_10D,4,16873,0.00655822415654221,0.0065622792169943,0.5625555621406981,0.05746401697528492,-0.6305522454304135,0.5199414882953679,0.6558224156542211,0.65622792169943,56.25555621406981
Momentum_Acceleration_5D,Future_Return_10D,5,16873,0.00825752948698406,0.0081746504063344,0.561725834172939,0.07125261396689674,-0.6007983103519728,0.5873561692906928,0.825752948698406,0.81746504063344,56.1725834172939
SPY_Return_1D,Future_Return_1D,1,16873,0.001457098029958392,0.000890634763347,0.5249807384578913,0.019594234438494958,-0.1246763134896399,0.2224185161030107,0.14570980299583922,0.0890634763347,52.49807384578913
SPY_Return_1D,Future_Return_1D,2,16873,0.000215946616755459,0.0005214563421296,0.5178095181651159,0.01582350155943328,-0.1117039308351921,0.1207183939195419,0.021594661675545898,0.05214563421296001,51.78095181651159
SPY_Return_1D,Future_Return_1D,3,16873,-0.00020318474876789626,0.000278832606074,0.5083861791027084,0.01479673863576719,-0.1278971220645359,0.110604882117167,-0.020318474876789627,0.0278832606074,50.83861791027084
SPY_Return_1D,Future_Return_1D,4,16873,0.0002008284469824353,0.0002051759655246,0.5073786522847152,0.01389608100399098,-0.1203373730798194,0.1208025118572122,0.02008284469824353,0.02051759655246,50.73786522847152
SPY_Return_1D,Future_Return_1D,5,16873,-0.000251264496838482,0.0002502567470059,0.5073786522847152,0.017574822726436713,-0.1685545990292773,0.1213727165912594,-0.0251264496838482,0.025025674700589997,50.73786522847152
SPY_Return_1D,Future_Return_3D,1,16873,0.003898162766588192,0.0039098634900063,0.5532507556451135,0.04012892227601155,-0.3466666821186049,0.6073923617978638,0.3898162766588192,0.39098634900063,55.32507556451135
SPY_Return_1D,Future_Return_3D,2,16873,0.0014730850346615179,0.0013212076752451,0.5241510104901321,0.0307385142596611,-0.2959265768303462,0.3686687554163514,0.1473085034661518,0.13212076752451002,52.41510104901322
SPY_Return_1D,Future_Return_3D,3,16873,0.0009206850132354555,0.001519974956188,0.5256919338588277,0.028783922783146173,-0.3451172971949461,0.28307076945448,0.09206850132354555,0.1519974956188,52.56919338588277
SPY_Return_1D,Future_Return_3D,4,16873,0.0010658406959082208,0.0009841164227091,0.5185207135660522,0.029986951798430164,-0.2767678937302569,0.3860311989178897,0.10658406959082208,0.09841164227091001,51.85207135660522
SPY_Return_1D,Future_Return_3D,5,16873,0.0020824227552005263,0.0027580663379678,0.545249807384579,0.035613895023108945,-0.3180966360711365,0.2959383973652352,0.20824227552005262,0.27580663379678,54.5249807384579
SPY_Return_1D,Future_Return_5D,1,16873,0.00618845214456194,0.0063805777176746,0.5690155870325372,0.052301226873625324,-0.4531223602938753,0.6405063291139241,0.618845214456194,0.63805777176746,56.90155870325372
SPY_Return_1D,Future_Return_5D,2,16873,0.0032866511247577196,0.0035740784144384,0.5480945889883245,0.04139707403609409,-0.342394572327278,0.4150562188974311,0.32866511247577196,0.35740784144383997,54.80945889883245
SPY_Return_1D,Future_Return_5D,3,16873,0.002287321327319899,0.002288694080214,0.5325075564511349,0.03963463409339935,-0.3700558157936853,0.8082123766737199,0.22873213273198992,0.2288694080214,53.25075564511349
SPY_Return_1D,Future_Return_5D,4,16873,0.002600340799736384,0.0026812495565198,0.5381971196586262,0.03998993771262603,-0.3283510414608989,0.4967532467532467,0.26003407997363837,0.26812495565198,53.819711965862616
SPY_Return_1D,Future_Return_5D,5,16873,0.0032531653088002347,0.0046867057617325,0.5583476560184911,0.04680204800500365,-0.4432934376807571,0.5408639892685674,0.3253165308800235,0.46867057617325003,55.834765601849114
SPY_Return_1D,Future_Return_10D,1,16873,0.01269803445920109,0.0131577745865525,0.5955668820008297,0.0725724900362901,-0.6148600699257925,0.5491964714904667,1.269803445920109,1.31577745865525,59.556688200082974
SPY_Return_1D,Future_Return_10D,2,16873,0.005273197411560991,0.0054859361376824,0.5460795353523381,0.06069806106973528,-0.4517910843093392,0.5511024961523845,0.5273197411560991,0.54859361376824,54.60795353523381
SPY_Return_1D,Future_Return_10D,3,16873,0.004927876685540419,0.0055968704647817,0.5474426598707995,0.0574801543249794,-0.4014164820297551,0.5873561692906928,0.4927876685540419,0.55968704647817,54.744265987079956
SPY_Return_1D,Future_Return_10D,4,16873,0.005399657376936243,0.0052120603298639,0.5469685296035086,0.05677684979497111,-0.4045750758492011,0.5263834340483209,0.5399657376936243,0.52120603298639,54.69685296035086
SPY_Return_1D,Future_Return_10D,5,16873,0.009867401455583277,0.0106320098876375,0.591418242162034,0.06692121755790433,-0.6305522454304135,0.552755472521202,0.9867401455583278,1.06320098876375,59.141824216203396
SPY_Return_5D,Future_Return_1D,1,16873,0.000551700974142546,0.000910638060624,0.5243288093403663,0.021441195697943557,-0.1685545990292773,0.2224185161030107,0.055170097414254604,0.0910638060624,52.43288093403663
SPY_Return_5D,Future_Return_1D,2,16873,0.0007883523541472456,0.0006264702277563,0.5191726426835773,0.015258420476029105,-0.0869178249411386,0.112039373389172,0.07883523541472456,0.06264702277563,51.917264268357734
SPY_Return_5D,Future_Return_1D,3,16873,0.00012436878601218665,0.0003888477659883,0.5131274817756178,0.01421082736752816,-0.1075723243582577,0.1147155593263524,0.012436878601218665,0.03888477659883,51.31274817756179
SPY_Return_5D,Future_Return_1D,4,16873,-0.00011292898588512702,0.0,0.4989035737568897,0.014007915936084733,-0.1278971220645359,0.1131828768708633,-0.011292898588512703,0.0,49.89035737568897
SPY_Return_5D,Future_Return_1D,5,16873,6.793071967305678e-05,0.0003218394702353,0.510401232738695,0.01630577989211952,-0.1071172213137221,0.1213727165912594,0.006793071967305678,0.03218394702353,51.0401232738695
SPY_Return_5D,Future_Return_3D,1,16873,0.003433460418036433,0.0040393311127868,0.5553250755645114,0.0416177367456571,-0.3466666821186049,0.6073923617978638,0.3433460418036433,0.40393311127868,55.53250755645114
SPY_Return_5D,Future_Return_3D,2,16873,0.00325217722444233,0.002414759035523,0.5393231790434422,0.03210623494120201,-0.2029570147666627,0.3860311989178897,0.32521772244423297,0.24147590355230003,53.93231790434422
SPY_Return_5D,Future_Return_3D,3,16873,0.001050625759116246,0.0016444892615585,0.5317370947667872,0.029887525090194007,-0.2899123281211184,0.3037149295755048,0.10506257591162459,0.16444892615585,53.173709476678724
SPY_Return_5D,Future_Return_3D,4,16873,0.0009282520459737743,0.0010784243135588,0.5183429147158182,0.028562104186016114,-0.2414091320250451,0.2959383973652352,0.09282520459737743,0.10784243135588,51.834291471581814
SPY_Return_5D,Future_Return_3D,5,16873,0.0007756808180251301,0.0013568067683387,0.5221359568541457,0.032834686998515036,-0.2767678937302569,0.3076383494245076,0.07756808180251301,0.13568067683387,52.213595685414575
SPY_Return_5D,Future_Return_5D,1,16873,0.005815327301816313,0.0068746967935411,0.5719789012031056,0.05549881824754641,-0.4531223602938753,0.8082123766737199,0.5815327301816313,0.68746967935411,57.19789012031056
SPY_Return_5D,Future_Return_5D,2,16873,0.004021779735879148,0.0035868160899941,0.5453683399514017,0.04242469529095456,-0.3782020303601848,0.47896388138874,0.4021779735879148,0.35868160899941,54.536833995140164
SPY_Return_5D,Future_Return_5D,3,16873,0.00218386896341291,0.0028882279072379,0.5431754874651811,0.040284364299749326,-0.3213839150478167,0.405995088904534,0.218386896341291,0.28882279072379,54.317548746518106
SPY_Return_5D,Future_Return_5D,4,16873,0.0025125084768602996,0.0027586130946282,0.5387897824927399,0.03973287866158919,-0.3896728490324742,0.3964904421792461,0.25125084768602995,0.27586130946282,53.87897824927399
SPY_Return_5D,Future_Return_5D,5,16873,0.003082446227207506,0.0035416985012552,0.5468499970366858,0.0415843892677835,-0.3283510414608989,0.4967532467532467,0.3082446227207506,0.35416985012552,54.68499970366858
SPY_Return_5D,Future_Return_10D,1,16873,0.009115789796738551,0.0105500324071448,0.5732827594381557,0.07495583543439349,-0.5637321921799923,0.5449375535808829,0.9115789796738551,1.05500324071448,57.32827594381556
SPY_Return_5D,Future_Return_10D,2,16873,0.010805777852622702,0.0091302439575871,0.5780833283944764,0.05983178566015185,-0.4314859960017148,0.552755472521202,1.0805777852622702,0.91302439575871,57.808332839447644
SPY_Return_5D,Future_Return_10D,3,16873,0.005603765656070533,0.0064215450841389,0.5560955372488591,0.06023903993478552,-0.6305522454304135,0.4990454274757443,0.5603765656070533,0.64215450841389,55.609553724885906
SPY_Return_5D,Future_Return_10D,4,16873,0.0043635345099732195,0.0045396021606507,0.5444200794168198,0.05756828406556318,-0.6148600699257925,0.5511024961523845,0.436353450997322,0.45396021606507003,54.44200794168198
SPY_Return_5D,Future_Return_10D,5,16873,0.008277299573417019,0.0090959925790323,0.575594144491199,0.06194364409982416,-0.3258496086575402,0.5873561692906928,0.8277299573417018,0.90959925790323,57.55941444911989
SPY_Return_10D,Future_Return_1D,1,16873,0.001021869431572316,0.0010678106141919,0.5282403840455165,0.021851030835977624,-0.1685545990292773,0.2224185161030107,0.10218694315723159,0.10678106141919,52.82403840455166
SPY_Return_10D,Future_Return_1D,2,16873,4.7923762037343744e-05,0.0003344685736308,0.5106975641557517,0.015537734151031398,-0.1075723243582577,0.112039373389172,0.004792376203734374,0.03344685736308,51.06975641557517
SPY_Return_10D,Future_Return_1D,3,16873,2.7172609954245837e-05,0.0001051168136669,0.5022224856279263,0.01404045631415149,-0.117181863535917,0.1131828768708633,0.002717260995424584,0.01051168136669,50.22224856279263
SPY_Return_10D,Future_Return_1D,4,16873,4.5464514773870026e-05,0.0002110537913386,0.5075564511349493,0.013844901656334558,-0.1278971220645359,0.1021429996421319,0.004546451477387002,0.02110537913386,50.75564511349493
SPY_Return_10D,Future_Return_1D,5,16873,0.00027699352975213247,0.0005182840534514,0.5172168553310021,0.01577086735380028,-0.1260493714132426,0.1208025118572122,0.027699352975213247,0.05182840534514,51.721685533100214
SPY_Return_10D,Future_Return_3D,1,16873,0.002233772789483875,0.0028572433782732,0.5384341847922717,0.042958880120279964,-0.3466666821186049,0.6073923617978638,0.22337727894838752,0.28572433782732,53.84341847922717
SPY_Return_10D,Future_Return_3D,2,16873,0.0013767075742173761,0.0018371825085576,0.5298405736976234,0.03212178067025527,-0.2767678937302569,0.3860311989178897,0.13767075742173762,0.18371825085576,52.98405736976234
SPY_Return_10D,Future_Return_3D,3,16873,0.002052850234386068,0.0016011588480033,0.5290108457298642,0.029014365998938318,-0.2029570147666627,0.3817499257886472,0.2052850234386068,0.16011588480033,52.90108457298642
SPY_Return_10D,Future_Return_3D,4,16873,0.0015869083540619147,0.0014499478457816,0.5268179932436436,0.028839044111365692,-0.1989584056333716,0.3686687554163514,0.15869083540619147,0.14499478457816,52.68179932436436
SPY_Return_10D,Future_Return_3D,5,16873,0.0021899573134446784,0.0024710823017641,0.5427606234813015,0.031713439931870424,-0.2516808605258517,0.3076383494245076,0.21899573134446784,0.24710823017641,54.27606234813015
SPY_Return_10D,Future_Return_5D,1,16873,0.004451900591521235,0.00591370935543,0.559947845670598,0.05680957476877631,-0.4531223602938753,0.8082123766737199,0.44519005915212345,0.591370935543,55.994784567059796
SPY_Return_10D,Future_Return_5D,2,16873,0.0016904778339400831,0.0028664870896608,0.5351152729212351,0.04252278214629679,-0.3283510414608989,0.5408639892685674,0.1690477833940083,0.28664870896608,53.5115272921235
SPY_Return_10D,Future_Return_5D,3,16873,0.004360313296377085,0.0035668641007442,0.5531914893617021,0.039501212172125946,-0.2773631424079503,0.47896388138874,0.4360313296377085,0.35668641007442003,55.319148936170215
SPY_Return_10D,Future_Return_5D,4,16873,0.003517496063353165,0.0030174707067192,0.5464351330528062,0.0379168875717262,-0.2395354035132908,0.3964904421792461,0.3517496063353165,0.30174707067192,54.64351330528062
SPY_Return_10D,Future_Return_5D,5,16873,0.0035957429199846088,0.0039618046271463,0.5514727671427725,0.042199532823543676,-0.342394572327278,0.4967532467532467,0.35957429199846086,0.39618046271463003,55.14727671427725
SPY_Return_10D,Future_Return_10D,1,16873,0.009571049547692457,0.0121623677586979,0.5856694126711314,0.07754211879244177,-0.6305522454304135,0.4934908720017419,0.9571049547692457,1.21623677586979,58.56694126711314
SPY_Return_10D,Future_Return_10D,2,16873,0.007841328608277291,0.0073790316120767,0.5585847211521365,0.06130067478356682,-0.4045750758492011,0.5449375535808829,0.7841328608277292,0.7379031612076701,55.85847211521365
SPY_Return_10D,Future_Return_10D,3,16873,0.00827897215578105,0.0075675472596221,0.5696082498666508,0.05508188275242326,-0.4021369725057523,0.5873561692906928,0.827897215578105,0.7567547259622099,56.96082498666508
SPY_Return_10D,Future_Return_10D,4,16873,0.006890501353138514,0.0068429336039346,0.5627926272743436,0.056931365188655395,-0.292244903708178,0.552755472521202,0.6890501353138514,0.68429336039346,56.279262727434364
SPY_Return_10D,Future_Return_10D,5,16873,0.005584315723932711,0.0058853150254802,0.5508208380252474,0.06285587128632164,-0.3154682454946046,0.5491964714904667,0.5584315723932711,0.58853150254802,55.08208380252474
SPY_Distance_SMA50,Future_Return_1D,1,16873,0.0013983914370857612,0.0014318001083613,0.534937474071001,0.02280490949353574,-0.1685545990292773,0.2224185161030107,0.1398391437085761,0.14318001083613,53.4937474071001
SPY_Distance_SMA50,Future_Return_1D,2,16873,-0.0001482417129618218,0.0003783953243872,0.5106382978723404,0.01546302632127114,-0.1146540310514722,0.157802559050403,-0.014824171296182178,0.03783953243872,51.06382978723404
SPY_Distance_SMA50,Future_Return_1D,3,16873,-0.00013284654916469424,0.0001051196644252,0.5028151484620399,0.013887370997264814,-0.1075723243582577,0.1065573528807477,-0.013284654916469425,0.010511966442520001,50.28151484620399
SPY_Distance_SMA50,Future_Return_1D,4,16873,0.0004897694620644517,0.000512107117266,0.5183429147158182,0.013703188839756736,-0.1071172213137221,0.1064828485361317,0.048976946206445174,0.0512107117266,51.834291471581814
SPY_Distance_SMA50,Future_Return_1D,5,16873,-0.00018764878893378893,0.0,0.4991999051739465,0.014679064485950832,-0.1278971220645359,0.1208025118572122,-0.018764878893378894,0.0,49.91999051739465
SPY_Distance_SMA50,Future_Return_3D,1,16873,0.0032339743926441808,0.0046758430019107,0.5543768150299295,0.04527723344954911,-0.3466666821186049,0.6073923617978638,0.32339743926441805,0.46758430019107,55.43768150299295
SPY_Distance_SMA50,Future_Return_3D,2,16873,0.002352876307350879,0.0026967493251421,0.5448349434006994,0.031397444203576125,-0.3451172971949461,0.2207473254644085,0.2352876307350879,0.26967493251421,54.48349434006994
SPY_Distance_SMA50,Future_Return_3D,3,16873,0.0005506705336295911,0.0006903752501876,0.5127126177917383,0.029238615582122072,-0.2017210766367367,0.3860311989178897,0.05506705336295911,0.06903752501876001,51.27126177917383
SPY_Distance_SMA50,Future_Return_3D,4,16873,0.0022318747905949927,0.001883621107565,0.5350560066378237,0.028156365235387677,-0.1806547819014108,0.3817499257886472,0.22318747905949926,0.1883621107565,53.505600663782374
SPY_Distance_SMA50,Future_Return_3D,5,16873,0.0010708002413742689,0.0010970019021738,0.5198838380845138,0.029479194514255198,-0.2347168431300451,0.3076383494245076,0.10708002413742689,0.10970019021738,51.988383808451374
SPY_Distance_SMA50,Future_Return_5D,1,16873,0.0052682570208752175,0.0075902370483302,0.5671190659633735,0.060463626443936005,-0.4531223602938753,0.8082123766737199,0.5268257020875218,0.75902370483302,56.71190659633735
SPY_Distance_SMA50,Future_Return_5D,2,16873,0.004397001602177834,0.0049237023086863,0.5598885793871866,0.04164599198299927,-0.3782020303601848,0.4154445688308925,0.4397001602177834,0.49237023086862997,55.98885793871866
SPY_Distance_SMA50,Future_Return_5D,3,16873,0.002336764311100042,0.0024894441691933,0.536537663723108,0.03833829310100954,-0.2886405345302315,0.5408639892685674,0.2336764311100042,0.24894441691933,53.6537663723108
SPY_Distance_SMA50,Future_Return_5D,4,16873,0.0024682140019934573,0.0026383933888933,0.5413974989628401,0.038403257457881125,-0.2513616498631221,0.405995088904534,0.24682140019934573,0.26383933888933003,54.13974989628401
SPY_Distance_SMA50,Future_Return_5D,5,16873,0.0031456937690296253,0.00291077634749,0.5412197001126059,0.03844389729828953,-0.342394572327278,0.4967532467532467,0.31456937690296255,0.291077634749,54.121970011260586
SPY_Distance_SMA50,Future_Return_10D,1,16873,0.011440682244591957,0.016289863033571,0.6007230486576187,0.08241596540945884,-0.6305522454304135,0.5491964714904667,1.1440682244591958,1.6289863033571,60.07230486576187
SPY_Distance_SMA50,Future_Return_10D,2,16873,0.007886339216678901,0.0091910217142772,0.5731049605879215,0.06134435322075627,-0.4517910843093392,0.5449375535808829,0.7886339216678901,0.9191021714277201,57.31049605879215
SPY_Distance_SMA50,Future_Return_10D,3,16873,0.0060430618866521854,0.0052052111338662,0.5455461388016357,0.056966976300954625,-0.4045750758492011,0.5263834340483209,0.6043061886652186,0.52052111338662,54.55461388016357
SPY_Distance_SMA50,Future_Return_10D,4,16873,0.004836168373575197,0.0048111491027367,0.5471463284537427,0.05515204259825412,-0.3761079572226856,0.552755472521202,0.4836168373575197,0.48111491027367,54.71463284537427
SPY_Distance_SMA50,Future_Return_10D,5,16873,0.007959915667323784,0.0066823160575246,0.5609553724885913,0.05601827300462521,-0.292244903708178,0.5873561692906928,0.7959915667323785,0.66823160575246,56.09553724885913
SPY_Volume_Ratio,Future_Return_1D,1,16873,-4.928437664067198e-05,9.051706995899522e-05,0.502341018194749,0.014648204085752188,-0.1260493714132426,0.1127150910112035,-0.004928437664067198,0.009051706995899522,50.234101819474894
SPY_Volume_Ratio,Future_Return_1D,2,16873,0.0005866654473606084,0.0004669057202675,0.5132460143424405,0.015868582894392705,-0.1278971220645359,0.1207183939195419,0.05866654473606084,0.04669057202675,51.32460143424405
SPY_Volume_Ratio,Future_Return_1D,3,16873,-9.440474888207525e-05,0.0003386750937315,0.5127718840751496,0.014946918653204314,-0.1075723243582577,0.1208025118572122,-0.009440474888207526,0.03386750937315,51.27718840751496
SPY_Volume_Ratio,Future_Return_1D,4,16873,0.0010569795050614642,0.0009504928669528,0.5312629644994963,0.0169976566227222,-0.1685545990292773,0.1621927744588069,0.10569795050614642,0.09504928669528,53.12629644994963
SPY_Volume_Ratio,Future_Return_1D,5,16873,-8.053197880941729e-05,0.0002429444321454,0.5063118591833106,0.01942573048214839,-0.1520696122102607,0.2224185161030107,-0.008053197880941729,0.02429444321454,50.631185918331056
SPY_Volume_Ratio,Future_Return_3D,1,16873,0.0031835308032112926,0.0027599938766305,0.5480945889883245,0.030497431258798106,-0.2733377060862555,0.3817499257886472,0.31835308032112924,0.27599938766305,54.80945889883245
SPY_Volume_Ratio,Future_Return_3D,2,16873,0.0016848704896817634,0.0015548096259407,0.5250400047413026,0.032990363004502254,-0.3451172971949461,0.3076383494245076,0.16848704896817635,0.15548096259407,52.504000474130265
SPY_Volume_Ratio,Future_Return_3D,3,16873,0.0014635345944178702,0.0017972402541952,0.5316778284833759,0.03045916313108612,-0.2767678937302569,0.2959383973652352,0.14635345944178701,0.17972402541951998,53.16778284833759
SPY_Volume_Ratio,Future_Return_3D,4,16873,0.0022382026166569216,0.0018367207160148,0.5301961713980916,0.03338602839022523,-0.3347353093764361,0.4598156743714217,0.22382026166569216,0.18367207160148,53.019617139809164
SPY_Volume_Ratio,Future_Return_3D,5,16873,0.0008700577616260643,0.0019515866798816,0.5318556273336099,0.03864229073522354,-0.3466666821186049,0.6073923617978638,0.08700577616260644,0.19515866798816,53.18556273336099
SPY_Volume_Ratio,Future_Return_5D,1,16873,0.006407536170521047,0.005497210235831,0.5746458839566171,0.040962328441723254,-0.2787045707866431,0.4967532467532467,0.6407536170521047,0.5497210235831,57.46458839566171
SPY_Volume_Ratio,Future_Return_5D,2,16873,0.0032954404882057043,0.0033549218002084,0.5450127422509334,0.04298816010255871,-0.3782020303601848,0.405995088904534,0.3295440488205704,0.33549218002083997,54.50127422509334
SPY_Volume_Ratio,Future_Return_5D,3,16873,0.0036660606543256462,0.0039960481618792,0.554791679013809,0.04083496246735226,-0.342317963329568,0.4150562188974311,0.36660606543256463,0.39960481618792,55.4791679013809
SPY_Volume_Ratio,Future_Return_5D,4,16873,0.0030934329848050003,0.0027489793567143,0.5333965507023054,0.04441218912707945,-0.3661176457124597,0.8082123766737199,0.3093432984805,0.27489793567143,53.33965507023054
SPY_Volume_Ratio,Future_Return_5D,5,16873,0.0011534604073187783,0.0030038668788612,0.538315652225449,0.051373683303941924,-0.4531223602938753,0.6405063291139241,0.11534604073187783,0.30038668788612,53.831565222544896
SPY_Volume_Ratio,Future_Return_10D,1,16873,0.011750709686438458,0.0107085576516681,0.5940852249155455,0.06162073719188935,-0.3156773329998611,0.5873561692906928,1.1750709686438459,1.07085576516681,59.40852249155455
SPY_Volume_Ratio,Future_Return_10D,2,16873,0.006854991825276504,0.0069790381940284,0.5568067326497955,0.06017282455908953,-0.4314859960017148,0.552755472521202,0.6854991825276504,0.69790381940284,55.68067326497955
SPY_Volume_Ratio,Future_Return_10D,3,16873,0.006184543507416152,0.0054157744378866,0.5442422805665856,0.05935869760384324,-0.4517910843093392,0.4990454274757443,0.6184543507416153,0.54157744378866,54.42422805665856
SPY_Volume_Ratio,Future_Return_10D,4,16873,0.00908671792440826,0.0092699049255691,0.5761275410419012,0.06196604098375561,-0.4425556917832614,0.5449375535808829,0.908671792440826,0.9269904925569099,57.612754104190124
SPY_Volume_Ratio,Future_Return_10D,5,16873,0.004289204445282648,0.0067836463312815,0.5562140698156819,0.07205198764018073,-0.6305522454304135,0.5511024961523845,0.4289204445282648,0.67836463312815,55.621406981568185
