Date,Equity,Cash,Open_Positions,Peak,Drawdown_pct
2022-01-03,10182.436734837129,3959.5917524822144,3,10182.436734837129,0.0
2022-01-04,9957.637611012418,3959.5917524822144,3,10182.436734837129,-2.207714417273088
2022-01-05,9621.172669837903,3959.5917524822144,3,10182.436734837129,-5.512080061140723
2022-01-06,9598.355875202995,7696.263936437416,1,10182.436734837129,-5.736159966855681
2022-01-07,9530.933244996175,7696.263936437416,1,10182.436734837129,-6.398306287648891
2022-01-10,9586.600695686197,9586.600695686197,0,10182.436734837129,-5.851605609415678
2022-01-11,9586.600695686197,9586.600695686197,0,10182.436734837129,-5.851605609415678
2022-01-12,9586.600695686197,9586.600695686197,0,10182.436734837129,-5.851605609415678
2022-01-13,9586.600695686197,9586.600695686197,0,10182.436734837129,-5.851605609415678
2022-01-14,9586.600695686197,9586.600695686197,0,10182.436734837129,-5.851605609415678
2022-01-18,9586.600695686197,9586.600695686197,0,10182.436734837129,-5.851605609415678
2022-01-19,9586.600695686197,9586.600695686197,0,10182.436734837129,-5.851605609415678
2022-01-20,9586.600695686197,9586.600695686197,0,10182.436734837129,-5.851605609415678
2022-01-21,9537.149092758735,7669.280556548957,1,10182.436734837129,-6.337261491354762
2022-01-24,9543.923952664454,9543.923952664454,0,10182.436734837129,-6.2707267307454355
2022-01-25,9635.551081934913,7635.139162131563,1,10182.436734837129,-5.370872092248391
2022-01-26,9634.402446405245,7635.139162131563,1,10182.436734837129,-5.382152648755434
2022-01-27,9694.109719849697,7635.139162131563,1,10182.436734837129,-4.795777550148883
2022-01-28,9776.091500531335,5797.4816807714415,2,10182.436734837129,-3.9906482592282355
2022-01-31,9752.08989232381,7797.385200770244,1,10182.436734837129,-4.226364019930273
2022-02-01,9906.296276208808,1897.437802858751,4,10182.436734837129,-2.7119290383957106
2022-02-02,9982.48580685621,0.0,5,10182.436734837129,-1.963684461665527
2022-02-03,9742.078838785254,44.644448104103276,5,10182.436734837129,-4.324680894360789
2022-02-04,9749.58654817876,89.81180462308612,5,10182.436734837129,-4.250948942088295
2022-02-07,9665.374792593828,0.0,5,10182.436734837129,-5.07797844178377
2022-02-08,9841.87306606931,0.0,5,10182.436734837129,-3.3446185587645116
2022-02-09,10110.34609866582,0.0,5,10182.436734837129,-0.7079900229054803
2022-02-10,9762.34142396874,15.685164284807115,5,10182.436734837129,-4.125685450429739
2022-02-11,9190.278855559878,15.685164284807115,5,10182.436734837129,-9.743815798852795
2022-02-14,9316.111975405376,7450.797519892405,1,10182.436734837129,-8.508029875283185
2022-02-15,9460.426358862114,5581.874362441063,2,10182.436734837129,-7.090742567589969
2022-02-16,9469.364002988788,3692.9489319989557,3,10182.436734837129,-7.002967466605591
2022-02-17,9191.593949336282,3683.1955740614767,3,10182.436734837129,-9.730900483878091
2022-02-18,9063.078730151254,5454.211684950358,2,10182.436734837129,-10.993026854330656
2022-02-22,8945.065485711953,8945.065485711953,0,10182.436734837129,-12.152015095677072
2022-02-23,8945.065485711953,8945.065485711953,0,10182.436734837129,-12.152015095677072
2022-02-24,8945.065485711953,8945.065485711953,0,10182.436734837129,-12.152015095677072
2022-02-25,8945.065485711953,8945.065485711953,0,10182.436734837129,-12.152015095677072
2022-02-28,8990.121654031194,7156.052388569563,1,10182.436734837129,-11.709526038366358
2022-03-01,8869.202435521414,5386.310835706521,2,10182.436734837129,-12.897053362705913
2022-03-02,8955.314984589459,5386.310835706521,2,10182.436734837129,-12.051356489643815
2022-03-03,8850.001351534303,7051.456681346123,1,10182.436734837129,-13.08562398177412
2022-03-04,8951.32986775627,7122.245851809015,1,10182.436734837129,-12.09049365235806
2022-03-07,8965.682929049764,7175.657296827116,1,10182.436734837129,-11.949534649446825
2022-03-08,8950.076272803934,3596.1168849856213,3,10182.436734837129,-12.102804997716564
2022-03-09,8885.535137307794,67.23156051903038,5,10182.436734837129,-12.736652643195423
2022-03-10,8991.677055954606,40.50053551675296,5,10182.436734837129,-11.694250697464014
2022-03-11,8946.855774600928,79.0483885791864,5,10182.436734837129,-12.134432969359022
2022-03-14,8751.147823682571,3479.349365022482,3,10182.436734837129,-14.05644786633139
2022-03-15,8726.277849960512,1745.4237176202907,4,10182.436734837129,-14.300691698821622
2022-03-16,8727.387521401784,1745.4237176202907,4,10182.436734837129,-14.289793802078732
2022-03-17,9039.683767456572,1714.1779817437919,4,10182.436734837129,-11.222784851398693
2022-03-18,9304.80340231194,0.0,5,10182.436734837129,-8.619089471212183
2022-03-21,9402.320980016626,0.0,5,10182.436734837129,-7.661385728540749
2022-03-22,9611.13297706178,0.0,5,10182.436734837129,-5.610678196710516
2022-03-23,9452.617739895555,0.0,5,10182.436734837129,-7.167429702211137
2022-03-24,10069.305879812942,0.0,5,10182.436734837129,-1.1110391153929977
2022-03-25,10003.501795799119,0.0,5,10182.436734837129,-1.7572899660237562
2022-03-28,10455.411141472361,0.0,5,10455.411141472361,0.0
2022-03-29,10703.572465300724,0.0,5,10703.572465300724,0.0
2022-03-30,10466.58926380225,0.0,5,10703.572465300724,-2.214057056807295
2022-03-31,10053.301660568499,4090.8030305010698,3,10703.572465300724,-6.075268858507743
2022-04-01,10046.238380952009,4090.8030305010698,3,10703.572465300724,-6.141258785136339
2022-04-04,10392.327170578073,8229.151430420146,1,10703.572465300724,-2.9078636663754875
2022-04-05,10289.989551041836,8229.151430420146,1,10703.572465300724,-3.863970796663063
2022-04-06,10186.261086567009,6188.338805731204,2,10703.572465300724,-4.833072139332506
2022-04-07,10246.178113797385,8184.968239467993,1,10703.572465300724,-4.273286820695976
2022-04-08,10212.577347548853,8184.968239467993,1,10703.572465300724,-4.587207863015818
2022-04-11,10162.950260190257,10162.950260190257,0,10703.572465300724,-5.0508576165862245
2022-04-12,10162.950260190257,10162.950260190257,0,10703.572465300724,-5.0508576165862245
2022-04-13,10162.950260190257,10162.950260190257,0,10703.572465300724,-5.0508576165862245
2022-04-14,10162.950260190257,10162.950260190257,0,10703.572465300724,-5.0508576165862245
2022-04-18,10162.950260190257,10162.950260190257,0,10703.572465300724,-5.0508576165862245
2022-04-19,10162.950260190257,10162.950260190257,0,10703.572465300724,-5.0508576165862245
2022-04-20,10162.950260190257,10162.950260190257,0,10703.572465300724,-5.0508576165862245
2022-04-21,10162.950260190257,10162.950260190257,0,10703.572465300724,-5.0508576165862245
2022-04-22,10162.950260190257,10162.950260190257,0,10703.572465300724,-5.0508576165862245
2022-04-25,10162.950260190257,10162.950260190257,0,10703.572465300724,-5.0508576165862245
2022-04-26,10162.950260190257,10162.950260190257,0,10703.572465300724,-5.0508576165862245
2022-04-27,10162.950260190257,10162.950260190257,0,10703.572465300724,-5.0508576165862245
2022-04-28,10162.950260190257,10162.950260190257,0,10703.572465300724,-5.0508576165862245
2022-04-29,10162.950260190257,10162.950260190257,0,10703.572465300724,-5.0508576165862245
2022-05-02,10162.950260190257,10162.950260190257,0,10703.572465300724,-5.0508576165862245
2022-05-03,10162.950260190257,10162.950260190257,0,10703.572465300724,-5.0508576165862245
2022-05-04,10312.055601861985,6073.145546890322,2,10703.572465300724,-3.6578148530126198
2022-05-05,10049.772813368967,6073.145546890322,2,10703.572465300724,-6.108237731386145
2022-05-06,10120.660359854955,2044.7564795088922,4,10703.572465300724,-5.445958415617557
2022-05-09,9352.862269702091,7597.439773589873,1,10703.572465300724,-12.619246517715654
2022-05-10,9349.844538879874,5723.977666717918,2,10703.572465300724,-12.647440196340243
2022-05-11,9284.959081143186,5723.977666717918,2,10703.572465300724,-13.253643946976169
2022-05-12,9318.548290160212,7522.7439860894865,1,10703.572465300724,-12.9398308801154
2022-05-13,9656.868913138112,0.0,5,10703.572465300724,-9.779011218505385
2022-05-16,9914.169805645237,3884.1089562780135,3,10703.572465300724,-7.375132575732113
2022-05-17,10074.137220422803,1888.0026728334797,4,10703.572465300724,-5.880608992170133
2022-05-18,9813.90697465909,1888.0026728334797,4,10703.572465300724,-8.311855630685805
2022-05-19,9821.018701468538,7849.588417648571,1,10703.572465300724,-8.24541307767369
2022-05-20,9756.371649557035,9756.371649557035,0,10703.572465300724,-8.849389480141912
2022-05-23,9963.81771273567,0.0,5,10703.572465300724,-6.911288310171393
2022-05-24,9730.053307984173,0.0,5,10703.572465300724,-9.095273194744502
2022-05-25,9915.542914449114,0.0,5,10703.572465300724,-7.362304066294467
2022-05-26,10658.342882350827,0.0,5,10703.572465300724,-0.422565298609634
2022-05-27,11018.64705661695,0.0,5,11018.64705661695,0.0
2022-05-31,10968.598750737043,25.718493435813798,5,11018.64705661695,-0.45421462020468484
2022-06-01,10879.412488134401,25.718493435813798,5,11018.64705661695,-1.2636267208407825
2022-06-02,11553.152550118524,25.718493435813798,5,11553.152550118524,0.0
2022-06-03,11221.907949134507,30.64835950151428,5,11553.152550118524,-2.8671360440109317
2022-06-06,10895.907481013845,101.25712022617518,5,11553.152550118524,-5.688880729770485
2022-06-07,10975.863955906354,101.25712022617518,5,11553.152550118524,-4.996805778404156
2022-06-08,10971.843328856829,101.25712022617518,5,11553.152550118524,-5.031606903309971
2022-06-09,10412.423627943344,132.31989800076008,5,11553.152550118524,-9.873745864833028
2022-06-10,9932.899447937609,132.31989800076008,5,11553.152550118524,-14.024337471111236
2022-06-13,9234.56691333834,9234.56691333834,0,11553.152550118524,-20.068856762013397
2022-06-14,9234.56691333834,9234.56691333834,0,11553.152550118524,-20.068856762013397
2022-06-15,9234.56691333834,9234.56691333834,0,11553.152550118524,-20.068856762013397
2022-06-16,9234.56691333834,9234.56691333834,0,11553.152550118524,-20.068856762013397
2022-06-17,9234.56691333834,9234.56691333834,0,11553.152550118524,-20.068856762013397
2022-06-21,9234.56691333834,9234.56691333834,0,11553.152550118524,-20.068856762013397
2022-06-22,9234.56691333834,9234.56691333834,0,11553.152550118524,-20.068856762013397
2022-06-23,9234.56691333834,9234.56691333834,0,11553.152550118524,-20.068856762013397
2022-06-24,9323.759444527197,7387.653530670672,1,11553.152550118524,-19.296837775836828
2022-06-27,9231.626258893495,5577.814477228268,2,11553.152550118524,-20.094310026237928
2022-06-28,8956.231294105632,138.92520455699696,5,11553.152550118524,-22.478031383617893
2022-06-29,8916.288664628262,138.92520455699696,5,11553.152550118524,-22.823760649323464
2022-06-30,8864.824162265519,1846.7125158189683,4,11553.152550118524,-23.269219169320376
2022-07-01,9121.953240676148,0.0,5,11553.152550118524,-21.043600860419996
2022-07-05,9742.684947929998,0.0,5,11553.152550118524,-15.670766869342101
2022-07-06,9754.283710645503,0.0,5,11553.152550118524,-15.570372083891225
2022-07-07,10065.147895030563,0.0,5,11553.152550118524,-12.87964171366106
2022-07-08,10192.12236296097,3999.751910084995,3,11553.152550118524,-11.780595653465953
2022-07-11,9896.402592686294,9896.402592686294,0,11553.152550118524,-14.340241334519844
2022-07-12,10045.217316902957,7917.122074149035,1,11553.152550118524,-13.052153744824368
2022-07-13,9998.938699404871,7917.122074149035,1,11553.152550118524,-13.452725080633588
2022-07-14,10045.217316902957,7917.122074149035,1,11553.152550118524,-13.052153744824368
2022-07-15,10254.626330180576,0.0,5,11553.152550118524,-11.239583432356104
2022-07-18,10118.465900556186,55.799665651744135,5,11553.152550118524,-12.418139926211047
2022-07-19,10608.602612087476,55.799665651744135,5,11553.152550118524,-8.175690002650903
2022-07-20,11003.041110834232,55.799665651744135,5,11553.152550118524,-4.761569942904009
2022-07-21,11743.425396850884,0.0,5,11743.425396850884,0.0
2022-07-22,11494.164861726325,0.0,5,11743.425396850884,-2.1225539116670356
2022-07-25,11397.129169936776,24.261234150440487,5,11743.425396850884,-2.948851933840113
2022-07-26,11120.415989394116,24.261234150440487,5,11743.425396850884,-5.305176184998239
2022-07-27,11727.742453064053,24.261234150440487,5,11743.425396850884,-0.13354658676536513
2022-07-28,11999.321851524735,0.0,5,11999.321851524735,0.0
2022-07-29,12225.569016936088,0.0,5,12225.569016936088,0.0
2022-08-01,12564.115790631797,0.0,5,12564.115790631797,0.0
2022-08-02,12591.799332216957,0.0,5,12591.799332216957,0.0
2022-08-03,12827.069487104181,0.0,5,12827.069487104181,0.0
2022-08-04,13365.907683294641,2529.044131338343,4,13365.907683294641,0.0
2022-08-05,13214.700939807744,0.0,5,13365.907683294641,-1.1312867563486373
2022-08-08,12974.69764033786,14.457160953241328,5,13365.907683294641,-2.9269246221544365
2022-08-09,12709.150652611095,14.457160953241328,5,13365.907683294641,-4.913673251719319
2022-08-10,13212.992397806744,14.457160953241328,5,13365.907683294641,-1.1440695919141985
2022-08-11,12949.817700120377,84.49505625185066,5,13365.907683294641,-3.1130694078810195
2022-08-12,13249.076979135018,84.49505625185066,5,13365.907683294641,-0.8740948009512639
2022-08-15,13320.977733753036,2609.393667572299,4,13365.907683294641,-0.33615337324048866
2022-08-16,13274.946208631482,2609.393667572299,4,13365.907683294641,-0.6805484282735863
2022-08-17,13142.259720355152,2609.393667572299,4,13365.907683294641,-1.6732717914774708
2022-08-18,13374.171160240494,7957.103856476392,2,13374.171160240494,0.0
2022-08-19,13336.685987818084,7957.103856476392,2,13374.171160240494,-0.28028034016678305
2022-08-22,13178.463292600527,7898.864725733267,2,13374.171160240494,-1.4633270749650484
2022-08-23,13235.813474864659,7898.864725733267,2,13374.171160240494,-1.0345140922613072
2022-08-24,13323.253790236558,7898.864725733267,2,13374.171160240494,-0.3807142094555016
2022-08-25,13386.497073458248,13386.497073458248,0,13386.497073458248,0.0
2022-08-26,13386.497073458248,13386.497073458248,0,13386.497073458248,0.0
2022-08-29,13386.497073458248,13386.497073458248,0,13386.497073458248,0.0
2022-08-30,13386.497073458248,13386.497073458248,0,13386.497073458248,0.0
2022-08-31,13386.497073458248,13386.497073458248,0,13386.497073458248,0.0
2022-09-01,13386.497073458248,13386.497073458248,0,13386.497073458248,0.0
2022-09-02,13386.497073458248,13386.497073458248,0,13386.497073458248,0.0
2022-09-06,13386.497073458248,13386.497073458248,0,13386.497073458248,0.0
2022-09-07,13386.497073458248,13386.497073458248,0,13386.497073458248,0.0
2022-09-08,13386.497073458248,13386.497073458248,0,13386.497073458248,0.0
2022-09-09,13386.497073458248,13386.497073458248,0,13386.497073458248,0.0
2022-09-12,13452.98528795128,8025.20528626647,2,13452.98528795128,0.0
2022-09-13,13132.42008671643,8025.20528626647,2,13452.98528795128,-2.3828555103078353
2022-09-14,13294.605034512024,8025.20528626647,2,13452.98528795128,-1.1772870485564635
2022-09-15,13518.084021298211,5347.201654449505,3,13518.084021298211,0.0
2022-09-16,13512.86549461678,5347.201654449505,3,13518.084021298211,-0.038604040877454615
2022-09-19,13664.233385363394,8162.372668447868,2,13664.233385363394,0.0
2022-09-20,13652.498430028041,8162.372668447868,2,13664.233385363394,-0.08588081749191234
2022-09-21,13514.340999849697,8162.372668447868,2,13664.233385363394,-1.0969688623311713
2022-09-22,13405.806824537305,13405.806824537305,0,13664.233385363394,-1.8912627846572438
2022-09-23,13405.806824537305,13405.806824537305,0,13664.233385363394,-1.8912627846572438
2022-09-26,13405.806824537305,13405.806824537305,0,13664.233385363394,-1.8912627846572438
2022-09-27,13405.806824537305,13405.806824537305,0,13664.233385363394,-1.8912627846572438
2022-09-28,13586.854449482855,10724.645459629844,1,13664.233385363394,-0.5662881604717285
2022-09-29,13522.769943175354,10724.645459629844,1,13664.233385363394,-1.0352826843514684
2022-09-30,13472.926413531299,10724.645459629844,1,13664.233385363394,-1.4000563839682068
2022-10-03,13514.94890557184,13514.94890557184,0,13664.233385363394,-1.092519979580131
2022-10-04,13514.94890557184,13514.94890557184,0,13664.233385363394,-1.092519979580131
2022-10-05,13579.0396251335,8110.45743952387,2,13664.233385363394,-0.6234799847692152
2022-10-06,13646.935369880292,5389.38444870661,3,13664.233385363394,-0.12659338431405542
2022-10-07,13522.974450639127,5389.38444870661,3,13664.233385363394,-1.0337860218018302
2022-10-10,13184.660270026303,2740.6187930878896,4,13664.233385363394,-3.5096964594500513
2022-10-11,13165.588351897695,2740.6187930878896,4,13664.233385363394,-3.6492719306143284
2022-10-12,13176.349049629214,2740.6187930878896,4,13664.233385363394,-3.570521096754553
2022-10-13,14373.001099259236,0.0,5,14373.001099259236,0.0
2022-10-14,14120.840085873546,0.0,5,14373.001099259236,-1.754407528701063
2022-10-17,14292.33465016225,11.275281003679993,5,14373.001099259236,-0.5612359488453844
2022-10-18,14457.704355924248,11.275281003679993,5,14457.704355924248,0.0
2022-10-19,14456.423846319356,11.275281003679993,5,14457.704355924248,-0.008856935882550765
2022-10-20,14286.634772141548,43.954013616193606,5,14457.704355924248,-1.1832416791162426
2022-10-21,14928.52916579606,43.954013616193606,5,14928.52916579606,0.0
2022-10-24,14859.688065585728,34.19969409149371,5,14928.52916579606,-0.46113786191381845
2022-10-25,15329.952033241876,34.19969409149371,5,15329.952033241876,0.0
2022-10-26,15109.28214372129,34.19969409149371,5,15329.952033241876,-1.439468884456263
2022-10-27,15024.64715319151,73.19715196611969,5,15329.952033241876,-1.9915579604445899
2022-10-28,15376.904981301523,73.19715196611969,5,15376.904981301523,0.0
2022-10-31,15084.249625295812,34.51624755351895,5,15376.904981301523,-1.9032136594560711
2022-11-01,15028.547925848146,34.51624755351895,5,15376.904981301523,-2.265456253238096
2022-11-02,14532.829399957584,34.51624755351895,5,15376.904981301523,-5.489242356445223
2022-11-03,14747.46999876995,0.0,5,15376.904981301523,-4.093378890595812
2022-11-04,15112.126891344087,0.0,5,15376.904981301523,-1.7219205703580043
2022-11-07,15217.192878225693,0.0,5,15376.904981301523,-1.0386492162762329
2022-11-08,15432.982222682464,0.0,5,15432.982222682464,0.0
2022-11-09,14966.618470987996,0.0,5,15432.982222682464,-3.0218641152131576
2022-11-10,17289.412309658666,0.0,5,17289.412309658666,0.0
2022-11-11,17867.7177543728,0.0,5,17867.7177543728,0.0
2022-11-14,17778.09242288628,0.0,5,17867.7177543728,-0.5016048088435143
2022-11-15,18201.317247674357,0.0,5,18201.317247674357,0.0
2022-11-16,17632.778734579755,0.0,5,18201.317247674357,-3.1236119087328484
2022-11-17,17766.184211227435,0.0,5,18201.317247674357,-2.390667832035731
2022-11-18,17597.188366166232,0.0,5,18201.317247674357,-3.319149231275098
2022-11-21,17198.03107155921,5.789166727255633,5,18201.317247674357,-5.5121624576009225
2022-11-22,17664.68906938973,5.789166727255633,5,18201.317247674357,-2.948293087706022
2022-11-23,17964.06420506825,5.789166727255633,5,18201.317247674357,-1.3034938041993627
2022-11-25,17711.093270961534,10645.238868461078,2,18201.317247674357,-2.693343399502912
2022-11-28,17505.70827381574,17505.70827381574,0,18201.317247674357,-3.8217507249234783
2022-11-29,17505.70827381574,17505.70827381574,0,18201.317247674357,-3.8217507249234783
2022-11-30,17505.70827381574,17505.70827381574,0,18201.317247674357,-3.8217507249234783
2022-12-01,17532.9539968568,7011.536241353857,3,18201.317247674357,-3.6720597840409375
2022-12-02,17625.472042297304,17.326159175105204,5,18201.317247674357,-3.1637556641711195
2022-12-05,17108.580480491626,10301.67790559789,2,18201.317247674357,-6.003613652316031
2022-12-06,16878.034619457358,6920.847339585701,3,18201.317247674357,-7.270257477579422
2022-12-07,16828.57618675463,6920.847339585701,3,18201.317247674357,-7.541987441019549
2022-12-08,17065.92598066145,10406.902411188641,2,18201.317247674357,-6.23796207473929
2022-12-09,17278.165113264826,13747.249608431695,1,18201.317247674357,-5.07189738988526
2022-12-12,17259.27979712215,6860.108220626193,3,18201.317247674357,-5.175655353584762
2022-12-13,17513.65330586595,3342.7271890557777,4,18201.317247674357,-3.778099861955153
2022-12-14,17469.800252941608,3342.7271890557777,4,18201.317247674357,-4.019033264343641
2022-12-15,16780.350720613802,13398.982684666067,1,18201.317247674357,-7.806943353191187
2022-12-16,16798.387549518917,16798.387549518917,0,18201.317247674357,-7.707847069885543
2022-12-19,16798.387549518917,16798.387549518917,0,18201.317247674357,-7.707847069885543
2022-12-20,16836.46318533026,13438.710039615133,1,18201.317247674357,-7.498655420219591
2022-12-21,17035.97081249802,6630.66818529467,3,18201.317247674357,-6.402538999342133
2022-12-22,16846.49908888023,6630.66818529467,3,18201.317247674357,-7.4435170837277465
2022-12-23,16990.008090434967,3272.349285231872,4,18201.317247674357,-6.6550631515098875
2022-12-27,17058.750248630844,13634.281581884654,1,18201.317247674357,-6.277386320429645
2022-12-28,16967.407575422752,13634.281581884654,1,18201.317247674357,-6.779232818488811
2022-12-29,17035.821074001928,10234.556442628887,2,18201.317247674357,-6.403361678789199
2022-12-30,17072.402286558026,13645.439056746949,1,18201.317247674357,-6.202380551663511
2023-01-03,17123.362429973266,17123.362429973266,0,18201.317247674357,-5.922400027606933
2023-01-04,17251.356236253137,10248.364552747056,2,18201.317247674357,-5.219188251567886
2023-01-05,17243.038927207712,10248.364552747056,2,18201.317247674357,-5.264884444498586
2023-01-06,17393.641916755638,10248.364552747056,2,18201.317247674357,-4.437455377148147
2023-01-09,17409.641838289135,10413.923313438554,2,18201.317247674357,-4.349550082625897
2023-01-10,17588.23439010999,10413.923313438554,2,18201.317247674357,-3.368343341428781
2023-01-11,17706.724747933124,3352.1320372897744,4,18201.317247674357,-2.7173445361732163
2023-01-12,17904.85919861884,0.0,5,18201.317247674357,-1.628772494987396
2023-01-13,18100.488067276452,0.0,5,18201.317247674357,-0.5539663916950155
2023-01-17,18662.115723897667,0.0,5,18662.115723897667,0.0
2023-01-18,18435.274735681294,0.0,5,18662.115723897667,-1.2155159231270418
2023-01-19,17920.879166716462,0.0,5,18662.115723897667,-3.971878473736057
2023-01-20,19537.576346373615,0.0,5,19537.576346373615,0.0
2023-01-23,21629.19959890711,0.0,5,21629.19959890711,0.0
2023-01-24,21576.011551494354,0.0,5,21629.19959890711,-0.2459085329049593
2023-01-25,21703.83295467615,0.0,5,21703.83295467615,0.0
2023-01-26,22453.271486329955,0.0,5,22453.271486329955,0.0
2023-01-27,23022.023478081086,0.0,5,23022.023478081086,0.0
2023-01-30,21719.10605342392,13362.20488127481,2,23022.023478081086,-5.659439214357742
2023-01-31,22050.36211543071,8969.242201196426,3,23022.023478081086,-4.220573241858949
2023-02-01,23006.864709524434,4439.109002144643,4,23022.023478081086,-0.06584464033356774
2023-02-02,24207.490015859126,0.0,5,24207.490015859126,0.0
2023-02-03,23438.146657215955,0.0,5,24207.490015859126,-3.1781211440721435
2023-02-06,23397.27444419214,4630.8102385244865,4,24207.490015859126,-3.3469623291641937
2023-02-07,23996.920660053416,0.0,5,24207.490015859126,-0.8698520815985433
2023-02-08,23745.041596146973,0.0,5,24207.490015859126,-1.9103526198262943
2023-02-09,23197.912331406944,345.4704615797191,5,24207.490015859126,-4.170517818207397
2023-02-10,22521.529247811748,4813.330483223422,4,24207.490015859126,-6.964624448643164
2023-02-13,22978.523101163635,4534.276660078604,4,24207.490015859126,-5.076804385297084
2023-02-14,23731.654445187956,4534.276660078604,4,24207.490015859126,-1.9656543093044099
2023-02-15,23702.207596242886,4534.276660078604,4,24207.490015859126,-2.0872978540328324
2023-02-16,22657.921854115135,18277.91646730674,1,24207.490015859126,-6.401193022196095
2023-02-17,22793.848667623774,18277.91646730674,1,24207.490015859126,-5.839685763824464
2023-02-21,22556.681417488326,22556.681417488326,0,24207.490015859126,-6.819412492948674
2023-02-22,22556.681417488326,22556.681417488326,0,24207.490015859126,-6.819412492948674
2023-02-23,22599.792974607677,18045.34513399066,1,24207.490015859126,-6.641320682971241
2023-02-24,22527.042816233243,18045.34513399066,1,24207.490015859126,-6.9418481574296536
2023-02-27,22661.12892567039,13516.03009324944,2,24207.490015859126,-6.3879447607978594
2023-02-28,22563.58508552367,13516.03009324944,2,24207.490015859126,-6.790893765766215
2023-03-01,22398.574062385236,13516.03009324944,2,24207.490015859126,-7.472546522951406
2023-03-02,22251.49549865348,22251.49549865348,0,24207.490015859126,-8.08012113574852
2023-03-03,22360.272049336112,17801.196398922784,1,24207.490015859126,-7.6307703331193855
2023-03-06,22233.250142921082,17836.9206548532,1,24207.490015859126,-8.155491840106732
2023-03-07,22241.257577703527,13400.052750266517,2,24207.490015859126,-8.12241350452878
2023-03-08,22586.37974251624,13400.052750266517,2,24207.490015859126,-6.696730112377791
2023-03-09,22373.966056540157,17775.10080416835,1,24207.490015859126,-7.574201034959705
2023-03-10,22072.140550807388,13398.728438985803,2,24207.490015859126,-8.821027969660634
2023-03-13,22211.811165138177,17676.20962414961,1,24207.490015859126,-8.244055246593163
2023-03-14,22760.16101656409,8674.714696414607,3,24207.490015859126,-5.9788478621569
2023-03-15,23060.28374558118,4080.716124800195,4,24207.490015859126,-4.739055017791493
2023-03-16,23971.204146471475,8921.000017473303,3,24207.490015859126,-0.9760857868075234
2023-03-17,23788.771390602175,9323.76407106985,3,24207.490015859126,-1.7297069005610899
2023-03-20,23886.396909765634,9522.818207927474,3,24207.490015859126,-1.3264204834253168
2023-03-21,24240.159764903947,4722.2110073422555,4,24240.159764903947,0.0
2023-03-22,24151.43534862933,4722.2110073422555,4,24240.159764903947,-0.36602240717520385
2023-03-23,24867.02971477537,0.0,5,24867.02971477537,0.0
2023-03-24,24770.505284627932,0.0,5,24867.02971477537,-0.3881622825668063
2023-03-27,24369.18270053389,105.71995253103432,5,24867.02971477537,-2.0020365116050542
2023-03-28,24064.78678449717,105.71995253103432,5,24867.02971477537,-3.226130902966373
2023-03-29,24603.297836189937,105.71995253103432,5,24867.02971477537,-1.0605684780628621
2023-03-30,24949.679888197228,9990.910093564262,3,24949.679888197228,0.0
2023-03-31,25405.438240030493,4903.706195380597,4,25405.438240030493,0.0
2023-04-03,25751.086648478882,10284.062314283856,3,25751.086648478882,0.0
2023-04-04,25568.90596027978,10284.062314283856,3,25751.086648478882,-0.7074679631426939
2023-04-05,25392.86027234106,10284.062314283856,3,25751.086648478882,-1.3911116879371965
2023-04-06,25263.33080496992,20210.78369674135,1,25751.086648478882,-1.8941175188728399
2023-04-10,25258.2682224406,25258.2682224406,0,25751.086648478882,-1.913777203912248
2023-04-11,25258.2682224406,25258.2682224406,0,25751.086648478882,-1.913777203912248
2023-04-12,25258.2682224406,25258.2682224406,0,25751.086648478882,-1.913777203912248
2023-04-13,25258.2682224406,25258.2682224406,0,25751.086648478882,-1.913777203912248
2023-04-14,25258.2682224406,25258.2682224406,0,25751.086648478882,-1.913777203912248
2023-04-17,25258.2682224406,25258.2682224406,0,25751.086648478882,-1.913777203912248
2023-04-18,25258.2682224406,25258.2682224406,0,25751.086648478882,-1.913777203912248
2023-04-19,25258.2682224406,25258.2682224406,0,25751.086648478882,-1.913777203912248
2023-04-20,25258.2682224406,25258.2682224406,0,25751.086648478882,-1.913777203912248
2023-04-21,25258.2682224406,25258.2682224406,0,25751.086648478882,-1.913777203912248
2023-04-24,25258.2682224406,25258.2682224406,0,25751.086648478882,-1.913777203912248
2023-04-25,25258.2682224406,25258.2682224406,0,25751.086648478882,-1.913777203912248
2023-04-26,25258.2682224406,25258.2682224406,0,25751.086648478882,-1.913777203912248
2023-04-27,25258.2682224406,25258.2682224406,0,25751.086648478882,-1.913777203912248
2023-04-28,25258.2682224406,25258.2682224406,0,25751.086648478882,-1.913777203912248
2023-05-01,25258.2682224406,25258.2682224406,0,25751.086648478882,-1.913777203912248
2023-05-02,25258.2682224406,25258.2682224406,0,25751.086648478882,-1.913777203912248
2023-05-03,25258.2682224406,25258.2682224406,0,25751.086648478882,-1.913777203912248
2023-05-04,25258.2682224406,25258.2682224406,0,25751.086648478882,-1.913777203912248
2023-05-05,25258.2682224406,25258.2682224406,0,25751.086648478882,-1.913777203912248
2023-05-08,25485.00064658498,15098.263818392288,2,25751.086648478882,-1.033300091472522
2023-05-09,25408.492256238023,15098.263818392288,2,25751.086648478882,-1.3304075160692097
2023-05-10,25500.58075436754,15098.263818392288,2,25751.086648478882,-0.9727973717417404
2023-05-11,25656.255953576056,15376.562673659664,2,25751.086648478882,-0.36825900280378354
2023-05-12,25436.03804346728,15376.562673659664,2,25751.086648478882,-1.2234380991848814
2023-05-15,25616.16886051076,20398.65538951541,1,25751.086648478882,-0.5239304647988274
2023-05-16,25834.72598763316,20398.65538951541,1,25834.72598763316,0.0
2023-05-17,26124.32195671282,15207.3904016833,2,26124.32195671282,0.0
2023-05-18,26642.529189945806,15700.64658995469,2,26642.529189945806,0.0
2023-05-19,26635.39826619766,15700.64658995469,2,26642.529189945806,-0.02676519071184158
2023-05-22,27432.575950106046,16174.952280572103,2,27432.575950106046,0.0
2023-05-23,27345.489737391035,16174.952280572103,2,27432.575950106046,-0.3174554692691012
2023-05-24,27266.87174247258,16174.952280572103,2,27432.575950106046,-0.6040417346691918
2023-05-25,27941.105685565817,11132.964855608225,3,27941.105685565817,0.0
2023-05-26,28661.322662944716,11132.964855608225,3,28661.322662944716,0.0
2023-05-30,28437.00570326808,223.88525132857103,5,28661.322662944716,-0.7826469221765775
2023-05-31,27942.215878832954,223.88525132857103,5,28661.322662944716,-2.508979758430585
2023-06-01,28366.94324860205,223.88525132857103,5,28661.322662944716,-1.0270964037652819
2023-06-02,28507.056386134864,87.47980794889008,5,28661.322662944716,-0.5382385126604716
2023-06-05,28654.569702008397,0.0,5,28661.322662944716,-0.02356123273071775
2023-06-06,28837.62992297863,0.0,5,28837.62992297863,0.0
2023-06-07,28462.227936533847,0.0,5,28837.62992297863,-1.3017782232708774
2023-06-08,30069.18729065488,0.0,5,30069.18729065488,0.0
2023-06-09,30758.206679859268,0.0,5,30758.206679859268,0.0
2023-06-12,32427.56292899771,12602.545502464494,3,32427.56292899771,0.0
2023-06-13,32685.76569849766,12602.545502464494,3,32685.76569849766,0.0
2023-06-14,33307.45820926935,0.0,5,33307.45820926935,0.0
2023-06-15,33628.8483930988,461.7154467666205,5,33628.8483930988,0.0
2023-06-16,33506.25662603805,461.7154467666205,5,33628.8483930988,-0.3645434587225105
2023-06-20,34339.51578876977,13413.920614856896,3,34339.51578876977,0.0
2023-06-21,33711.71780875548,13413.920614856896,3,34339.51578876977,-1.82820859757028
2023-06-22,33843.35911836685,13413.920614856896,3,34339.51578876977,-1.4448563382631785
2023-06-23,33703.7852041755,20177.902218317395,2,34339.51578876977,-1.8513091113596114
2023-06-26,33178.655988869476,26581.44783017328,1,34339.51578876977,-3.3805363099497665
2023-06-27,33488.812974107466,19918.860627972954,2,34339.51578876977,-2.4773290919277158
2023-06-28,33270.75964702743,19918.860627972954,2,34339.51578876977,-3.1123215257795267
2023-06-29,33241.02140246782,26574.678553470112,1,34339.51578876977,-3.198922177758834
2023-06-30,33482.70953314395,33482.70953314395,0,34339.51578876977,-2.4951029038855266
2023-07-03,33563.36199717357,26786.16762651516,1,34339.51578876977,-2.2602351074793914
2023-07-05,33627.78684662292,26786.16762651516,1,34339.51578876977,-2.0726236983796165
2023-07-06,33446.59516057331,26787.13677469269,1,34339.51578876977,-2.6002714589484
2023-07-07,33395.78311732494,26787.13677469269,1,34339.51578876977,-2.7482410563094195
2023-07-10,33279.71080516957,33279.71080516957,0,34339.51578876977,-3.086254885244466
2023-07-11,33307.95525607269,26623.768644135656,1,34339.51578876977,-3.0040043052512733
2023-07-12,33362.460937118696,26623.768644135656,1,34339.51578876977,-2.8452784764385286
2023-07-13,33508.884326064144,26623.768644135656,1,34339.51578876977,-2.4188793686405807
2023-07-14,33701.099878912624,26876.082714515196,1,34339.51578876977,-1.8591290389305182
2023-07-17,33919.39952143754,33919.39952143754,0,34339.51578876977,-1.2234193106171465
2023-07-18,33919.39952143754,33919.39952143754,0,34339.51578876977,-1.2234193106171465
2023-07-19,33919.39952143754,33919.39952143754,0,34339.51578876977,-1.2234193106171465
2023-07-20,33919.39952143754,33919.39952143754,0,34339.51578876977,-1.2234193106171465
2023-07-21,33919.39952143754,33919.39952143754,0,34339.51578876977,-1.2234193106171465
2023-07-24,33901.352122378354,27135.519617150032,1,34339.51578876977,-1.2759750867969766
2023-07-25,34063.17348448447,27135.519617150032,1,34339.51578876977,-0.8047355879597928
2023-07-26,34028.74677441392,27135.519617150032,1,34339.51578876977,-0.9049895061638669
2023-07-27,34096.691284427376,34096.691284427376,0,34339.51578876977,-0.7071285041876152
2023-07-28,34096.691284427376,34096.691284427376,0,34339.51578876977,-0.7071285041876152
2023-07-31,34096.691284427376,34096.691284427376,0,34339.51578876977,-0.7071285041876152
2023-08-01,34096.691284427376,34096.691284427376,0,34339.51578876977,-0.7071285041876152
2023-08-02,34096.691284427376,34096.691284427376,0,34339.51578876977,-0.7071285041876152
2023-08-03,34096.691284427376,34096.691284427376,0,34339.51578876977,-0.7071285041876152
2023-08-04,34005.10610402665,27277.3530275419,1,34339.51578876977,-0.9738334308501906
2023-08-07,34230.359812476265,20473.520403688075,2,34339.51578876977,-0.3178727882039767
2023-08-08,33934.843625779715,20473.520403688075,2,34339.51578876977,-1.1784445811038435
2023-08-09,33610.879541615155,20473.520403688075,2,34339.51578876977,-2.121859410122806
2023-08-10,33608.3581027633,33608.3581027633,0,34339.51578876977,-2.129202084572168
2023-08-11,33608.3581027633,33608.3581027633,0,34339.51578876977,-2.129202084572168
2023-08-14,33608.3581027633,33608.3581027633,0,34339.51578876977,-2.129202084572168
2023-08-15,33608.3581027633,33608.3581027633,0,34339.51578876977,-2.129202084572168
2023-08-16,33608.3581027633,33608.3581027633,0,34339.51578876977,-2.129202084572168
2023-08-17,33608.3581027633,33608.3581027633,0,34339.51578876977,-2.129202084572168
2023-08-18,33608.3581027633,33608.3581027633,0,34339.51578876977,-2.129202084572168
2023-08-21,33608.3581027633,33608.3581027633,0,34339.51578876977,-2.129202084572168
2023-08-22,33608.3581027633,33608.3581027633,0,34339.51578876977,-2.129202084572168
2023-08-23,33791.545852269344,26886.686482210636,1,34339.51578876977,-1.5957415936529662
2023-08-24,33798.433816885496,26886.686482210636,1,34339.51578876977,-1.5756831727406828
2023-08-25,33630.6339918854,26886.686482210636,1,34339.51578876977,-2.0643325352776243
2023-08-28,33801.627247261225,27000.29185569009,1,34339.51578876977,-1.5663835938084292
2023-08-29,34616.11662571074,20183.359814463452,2,34616.11662571074,0.0
2023-08-30,34677.82058349374,20183.359814463452,2,34677.82058349374,0.0
2023-08-31,34721.235800243056,20405.697739171537,2,34721.235800243056,0.0
2023-09-01,33682.163584265385,13780.027634003736,3,34721.235800243056,-2.9926129990177297
2023-09-05,34309.321783211875,27192.403992833308,1,34721.235800243056,-1.1863460718996022
2023-09-06,34182.51660924534,27192.403992833308,1,34721.235800243056,-1.5515553481363908
2023-09-07,34170.58545153737,27192.403992833308,1,34721.235800243056,-1.5859180585439558
2023-09-08,34013.8062386404,27270.096575669973,1,34721.235800243056,-2.0374550193795415
2023-09-11,34938.86922803857,27755.53480272578,1,34938.86922803857,0.0
2023-09-12,34778.70340169638,27755.53480272578,1,34938.86922803857,-0.4584173153882709
2023-09-13,34879.00376080832,27755.53480272578,1,34938.86922803857,-0.17134345945635232
2023-09-14,35125.24862553593,28002.76922230376,1,35125.24862553593,0.0
2023-09-15,35082.67491455427,28002.76922230376,1,35125.24862553593,-0.12120543668041606
2023-09-18,34696.48360461215,27878.09211717448,1,35125.24862553593,-1.2206746932805324
2023-09-19,34727.84083461887,27878.09211717448,1,35125.24862553593,-1.131402072491372
2023-09-20,34627.343489141436,27878.09211717448,1,35125.24862553593,-1.4175134863885996
2023-09-21,34450.25244042685,34450.25244042685,0,35125.24862553593,-1.9216837218865024
2023-09-22,34450.25244042685,34450.25244042685,0,35125.24862553593,-1.9216837218865024
2023-09-25,34450.25244042685,34450.25244042685,0,35125.24862553593,-1.9216837218865024
2023-09-26,34450.25244042685,34450.25244042685,0,35125.24862553593,-1.9216837218865024
2023-09-27,34450.25244042685,34450.25244042685,0,35125.24862553593,-1.9216837218865024
2023-09-28,34450.25244042685,34450.25244042685,0,35125.24862553593,-1.9216837218865024
2023-09-29,34450.25244042685,34450.25244042685,0,35125.24862553593,-1.9216837218865024
2023-10-02,34450.25244042685,34450.25244042685,0,35125.24862553593,-1.9216837218865024
2023-10-03,34450.25244042685,34450.25244042685,0,35125.24862553593,-1.9216837218865024
2023-10-04,34450.25244042685,34450.25244042685,0,35125.24862553593,-1.9216837218865024
2023-10-05,34416.93820464653,27560.20195234148,1,35125.24862553593,-2.016527849925198
2023-10-06,34884.445900581144,20619.11413230757,2,35125.24862553593,-0.6855545067365743
2023-10-09,34906.05941555095,27874.362932203163,1,35125.24862553593,-0.624021803579855
2023-10-10,35199.760148710295,20866.331067602754,2,35199.760148710295,0.0
2023-10-11,35136.615827520276,20866.331067602754,2,35199.760148710295,-0.17938849845353655
2023-10-12,35056.14933339674,28017.66562992359,1,35199.760148710295,-0.40798805079022005
2023-10-13,34845.43256540196,34845.43256540196,0,35199.760148710295,-1.006619311641288
2023-10-16,34845.43256540196,34845.43256540196,0,35199.760148710295,-1.006619311641288
2023-10-17,34845.43256540196,34845.43256540196,0,35199.760148710295,-1.006619311641288
2023-10-18,34845.43256540196,34845.43256540196,0,35199.760148710295,-1.006619311641288
2023-10-19,34678.05082922673,20930.542132653918,2,35199.760148710295,-1.482138847763359
2023-10-20,34607.90504484883,20930.542132653918,2,35199.760148710295,-1.681418002171109
2023-10-23,34711.74328084641,27721.007627980995,1,35199.760148710295,-1.3864210034447266
2023-10-24,34917.14613600034,20754.980680610344,2,35199.760148710295,-0.8028861887580563
2023-10-25,35045.99607109733,20754.980680610344,2,35199.760148710295,-0.43683274250547743
2023-10-26,34921.263940688295,20677.90300704272,2,35199.760148710295,-0.7911878002731298
2023-10-27,34654.45705576506,27874.256147896504,1,35199.760148710295,-1.5491670700069071
2023-10-30,34996.48727921843,27890.02464118863,1,35199.760148710295,-0.5774836778236092
2023-10-31,35024.387579473114,27890.02464118863,1,35199.760148710295,-0.49822092109796934
2023-11-01,35846.72208595742,20855.686973162046,2,35846.72208595742,0.0
2023-11-02,35970.432297846506,21033.666481975182,2,35970.432297846506,0.0
2023-11-03,36579.25188838765,13750.410432238295,3,36579.25188838765,0.0
2023-11-06,36727.60072808103,22035.636599460584,2,36727.60072808103,0.0
2023-11-07,36871.46339482016,22035.636599460584,2,36871.46339482016,0.0
2023-11-08,36980.79032907107,22035.636599460584,2,36980.79032907107,0.0
2023-11-09,36995.535028497216,29628.107538878357,1,36995.535028497216,0.0
2023-11-10,37360.61350378137,22162.785237271768,2,37360.61350378137,0.0
2023-11-13,37847.17192183876,14879.90178376011,3,37847.17192183876,0.0
2023-11-14,38510.197031659045,14879.90178376011,3,38510.197031659045,0.0
2023-11-15,38296.38955020048,14879.90178376011,3,38510.197031659045,-0.5551970593211775
2023-11-16,38076.930380527076,22894.23903530405,2,38510.197031659045,-1.1250699412827858
2023-11-17,38150.62092443745,22894.23903530405,2,38510.197031659045,-0.9337166125792384
2023-11-20,38301.836030004546,30600.674561564705,1,38510.197031659045,-0.5410541044056583
2023-11-21,38484.88540436694,30600.674561564705,1,38510.197031659045,-0.06572707813282674
2023-11-22,38256.40050596635,30600.674561564705,1,38510.197031659045,-0.6590372037932002
2023-11-24,38352.63714374344,30637.546091587417,1,38510.197031659045,-0.4091380986341653
2023-11-27,38347.03884568566,30698.624627195903,1,38510.197031659045,-0.4236752822616152
2023-11-28,38691.7487829329,30698.624627195903,1,38691.7487829329,0.0
2023-11-29,38608.16303854405,30698.624627195903,1,38691.7487829329,-0.2160298953086226
2023-11-30,38476.629055092104,38476.629055092104,0,38691.7487829329,-0.5559834709143008
2023-12-01,38476.629055092104,38476.629055092104,0,38691.7487829329,-0.5559834709143008
2023-12-04,38476.629055092104,38476.629055092104,0,38691.7487829329,-0.5559834709143008
2023-12-05,38476.629055092104,38476.629055092104,0,38691.7487829329,-0.5559834709143008
2023-12-06,38476.629055092104,38476.629055092104,0,38691.7487829329,-0.5559834709143008
2023-12-07,38476.629055092104,38476.629055092104,0,38691.7487829329,-0.5559834709143008
2023-12-08,38476.629055092104,38476.629055092104,0,38691.7487829329,-0.5559834709143008
2023-12-11,38476.629055092104,38476.629055092104,0,38691.7487829329,-0.5559834709143008
2023-12-12,38788.51526336366,30781.303244073682,1,38788.51526336366,0.0
2023-12-13,38822.26424681132,30781.303244073682,1,38822.26424681132,0.0
2023-12-14,38811.20843817986,30781.303244073682,1,38822.26424681132,-0.028478010868115966
2023-12-15,38928.34666772901,23330.998604235632,2,38928.34666772901,0.0
2023-12-18,38804.45963370711,23325.08406795864,2,38928.34666772901,-0.31824375969350394
2023-12-19,39031.693339113204,23325.08406795864,2,39031.693339113204,0.0
2023-12-20,38461.55742660872,23325.08406795864,2,39031.693339113204,-1.4606999177592894
2023-12-21,39034.768755215446,31147.994411396397,1,39034.768755215446,0.0
2023-12-22,39017.29408773085,31147.994411396397,1,39034.768755215446,-0.044766929693318414
2023-12-26,39419.16417284333,31385.651953530352,1,39419.16417284333,0.0
2023-12-27,39568.171713302785,31385.651953530352,1,39568.171713302785,0.0
2023-12-28,39718.85886447438,31385.651953530352,1,39718.85886447438,0.0
2023-12-29,39643.235353769895,39643.235353769895,0,39718.85886447438,-0.1903969873921163
2024-01-02,39643.235353769895,39643.235353769895,0,39718.85886447438,-0.1903969873921163
2024-01-03,39643.235353769895,39643.235353769895,0,39718.85886447438,-0.1903969873921163
2024-01-04,39643.235353769895,39643.235353769895,0,39718.85886447438,-0.1903969873921163
2024-01-05,39643.235353769895,39643.235353769895,0,39718.85886447438,-0.1903969873921163
2024-01-08,39643.235353769895,39643.235353769895,0,39718.85886447438,-0.1903969873921163
2024-01-09,39643.235353769895,39643.235353769895,0,39718.85886447438,-0.1903969873921163
2024-01-10,39643.235353769895,39643.235353769895,0,39718.85886447438,-0.1903969873921163
2024-01-11,39643.235353769895,39643.235353769895,0,39718.85886447438,-0.1903969873921163
2024-01-12,39643.235353769895,39643.235353769895,0,39718.85886447438,-0.1903969873921163
2024-01-16,40085.12216473896,31714.588283015917,1,40085.12216473896,0.0
2024-01-17,40160.527240517156,31714.588283015917,1,40160.527240517156,0.0
2024-01-18,40292.354971272835,31714.588283015917,1,40292.354971272835,0.0
2024-01-19,41317.852605533524,32721.541015639254,1,41317.852605533524,0.0
2024-01-22,40727.213443515924,32815.48181982002,1,41317.852605533524,-1.4295011109519695
2024-01-23,40738.50407933958,32815.48181982002,1,41317.852605533524,-1.4021748219227415
2024-01-24,41202.82062051649,32815.48181982002,1,41317.852605533524,-0.2784074625447275
2024-01-25,41160.08322325207,33039.031384368296,1,41317.852605533524,-0.38184313155792404
2024-01-26,41021.377216043766,33039.031384368296,1,41317.852605533524,-0.7175479140221652
2024-01-29,41004.330330675075,32837.997796297845,1,41317.852605533524,-0.7588058311057022
2024-01-30,40739.35944202571,32837.997796297845,1,41317.852605533524,-1.4001046207090195
2024-01-31,40538.67995637591,32837.997796297845,1,41317.852605533524,-1.885801415181143
2024-02-01,40666.802391896585,40666.802391896585,0,41317.852605533524,-1.5757116417752681
2024-02-02,40666.802391896585,40666.802391896585,0,41317.852605533524,-1.5757116417752681
2024-02-05,40666.802391896585,40666.802391896585,0,41317.852605533524,-1.5757116417752681
2024-02-06,40504.13520372645,32533.44191351727,1,41317.852605533524,-1.969408743420742
2024-02-07,40764.78864848124,32533.44191351727,1,41317.852605533524,-1.338559296225894
2024-02-08,40771.9749536241,32533.44191351727,1,41317.852605533524,-1.3211665599395572
2024-02-09,40800.40308599839,24414.260168924586,2,41317.852605533524,-1.2523630510890449
2024-02-12,40593.30571764697,32464.798259913863,1,41317.852605533524,-1.7535927987446298
2024-02-13,40441.101801567165,32464.798259913863,1,41317.852605533524,-2.1219660477924673
2024-02-14,40914.465203382395,24330.951146890828,2,41317.852605533524,-0.9763029216506403
2024-02-15,41515.62130719225,7889.4558590977595,4,41515.62130719225,0.0
2024-02-16,41166.32501278892,7889.4558590977595,4,41515.62130719225,-0.8413611151781408
2024-02-20,40033.49802842537,32104.387501002144,1,41515.62130719225,-3.570037571640805
2024-02-21,40074.82998183402,32104.387501002144,1,41515.62130719225,-3.470479978360874
2024-02-22,40964.76450116966,15955.97999983311,3,41515.62130719225,-1.3268663425426208
2024-02-23,40521.93372433143,23811.8398304589,2,41515.62130719225,-2.393526946177893
2024-02-26,40465.672033573086,32422.00409434303,1,41515.62130719225,-2.5290462735704344
2024-02-27,40255.120207139706,24336.822914813547,2,41515.62130719225,-3.0362091674493885
2024-02-28,40241.09125173939,24336.822914813547,2,41515.62130719225,-3.070001159375779
2024-02-29,40954.83348178485,16115.506705000022,3,41515.62130719225,-1.350787505401596
2024-03-01,41766.988142766146,24145.21246463259,2,41766.988142766146,0.0
2024-03-04,42314.76302816163,25315.637304234726,2,42314.76302816163,0.0
2024-03-05,42378.646711486625,25315.637304234726,2,42378.646711486625,0.0
2024-03-06,42879.39869271218,25315.637304234726,2,42879.39869271218,0.0
2024-03-07,43502.99270436061,25994.378575665112,2,43502.99270436061,0.0
2024-03-08,42846.99344560393,25994.378575665112,2,43502.99270436061,-1.5079405300107651
2024-03-11,42055.42756867484,25399.936102942702,2,43502.99270436061,-3.3275070189381917
2024-03-12,42838.390369385415,25399.936102942702,2,43502.99270436061,-1.5277163561866258
2024-03-13,42406.30918117427,25399.936102942702,2,43502.99270436061,-2.5209381125552044
2024-03-14,41643.93466652551,33437.06033482666,1,43502.99270436061,-4.2734026379954155
2024-03-15,41633.95055206579,33437.06033482666,1,43502.99270436061,-4.296353046321499
2024-03-18,41691.62077703379,41691.62077703379,0,43502.99270436061,-4.163786936766877
2024-03-19,41691.62077703379,41691.62077703379,0,43502.99270436061,-4.163786936766877
2024-03-20,41691.62077703379,41691.62077703379,0,43502.99270436061,-4.163786936766877
2024-03-21,41691.62077703379,41691.62077703379,0,43502.99270436061,-4.163786936766877
2024-03-22,41979.62580944775,33353.296621627036,1,43502.99270436061,-3.501751949033516
2024-03-25,42139.82962240043,33635.88500347534,1,43502.99270436061,-3.1334926569857258
2024-03-26,41921.32763101346,33635.88500347534,1,43502.99270436061,-3.6357615304673185
2024-03-27,41641.80015962504,25292.99238199945,2,43502.99270436061,-4.278309212848718
2024-03-28,41512.74989886221,25087.9601537079,2,43502.99270436061,-4.574956070318592
2024-04-01,41597.99846601488,33314.328284683535,1,43502.99270436061,-4.378995834359644
2024-04-02,41191.89929910354,33314.328284683535,1,43502.99270436061,-5.312492915057332
2024-04-03,41274.631993523915,33314.328284683535,1,43502.99270436061,-5.1223158967022675
2024-04-04,41403.69479483558,41403.69479483558,0,43502.99270436061,-4.825640212367732
2024-04-05,41403.69479483558,41403.69479483558,0,43502.99270436061,-4.825640212367732
2024-04-08,41403.69479483558,41403.69479483558,0,43502.99270436061,-4.825640212367732
2024-04-09,41403.69479483558,41403.69479483558,0,43502.99270436061,-4.825640212367732
2024-04-10,41661.0198205233,33122.955835868466,1,43502.99270436061,-4.234129123839958
2024-04-11,41719.354690858265,33122.955835868466,1,43502.99270436061,-4.100035199011853
2024-04-12,41568.070602161024,33122.955835868466,1,43502.99270436061,-4.447790788438411
2024-04-15,41332.40552731333,33213.82312821901,1,43502.99270436061,-4.9895123119419456
2024-04-16,41494.037802818755,33213.82312821901,1,43502.99270436061,-4.617969423838009
2024-04-17,41436.46272581128,33213.82312821901,1,43502.99270436061,-4.750316817496058
2024-04-18,41292.2624708838,41292.2624708838,0,43502.99270436061,-5.081788851862634
2024-04-19,41292.2624708838,41292.2624708838,0,43502.99270436061,-5.081788851862634
2024-04-22,41292.2624708838,41292.2624708838,0,43502.99270436061,-5.081788851862634
2024-04-23,41542.89879821082,33033.80997670704,1,43502.99270436061,-4.505653023621314
2024-04-24,41363.42619459285,33033.80997670704,1,43502.99270436061,-4.918205338901416
2024-04-25,41471.73819645716,33033.80997670704,1,43502.99270436061,-4.669229360167304
2024-04-26,41528.77346730338,41528.77346730338,0,43502.99270436061,-4.538122814845657
2024-04-29,41776.950093638436,33223.018773842705,1,43502.99270436061,-3.967641082653972
2024-04-30,41302.19680628103,33223.018773842705,1,43502.99270436061,-5.0589528702906446
2024-05-01,41157.17038953491,33223.018773842705,1,43502.99270436061,-5.392323996575432
2024-05-02,41029.755893144444,32926.44122127972,1,43502.99270436061,-5.685210734865731
2024-05-03,41301.47048182007,16474.57229246174,3,43502.99270436061,-5.060622466830578
2024-05-06,42447.313796670904,16725.311741655438,3,43502.99270436061,-2.42668111332921
2024-05-07,41933.29674381605,16725.311741655438,3,43502.99270436061,-3.6082482214774614
2024-05-08,41925.1444542262,16725.311741655438,3,43502.99270436061,-3.626987827842576
2024-05-09,41445.32919592282,24940.721831415838,2,43502.99270436061,-4.729935529772256
2024-05-10,41562.781074652645,24940.721831415838,2,43502.99270436061,-4.4599497852787495
2024-05-13,41383.30331689026,33173.164271572736,1,43502.99270436061,-4.872513948351587
2024-05-14,41613.23247210044,24883.031076528317,2,43502.99270436061,-4.343977539896338
2024-05-15,42306.870087551615,16465.801685454528,3,43502.99270436061,-2.749518004284557
2024-05-16,42295.60848091301,24767.51238393011,2,43502.99270436061,-2.775404974211282
2024-05-17,42221.745327821234,33324.11848285094,1,43502.99270436061,-2.945193645059152
2024-05-20,42362.24997315159,33857.89527722382,1,43502.99270436061,-2.622216680496725
2024-05-21,42276.86395370883,33857.89527722382,1,43502.99270436061,-2.8184928769943496
2024-05-22,42320.835276673,33857.89527722382,1,43502.99270436061,-2.717416329771516
2024-05-23,42060.5859918295,42060.5859918295,0,43502.99270436061,-3.3156493906832396
2024-05-24,42531.55938587098,25194.011863384927,2,43502.99270436061,-2.233026415197059
2024-05-28,42797.10348417565,34149.39656062749,1,43502.99270436061,-1.6226222066653473
2024-05-29,42604.43694123047,25655.182639799168,2,43502.99270436061,-2.0655033303951686
2024-05-30,42360.601510924644,25655.182639799168,2,43502.99270436061,-2.6260059881385023
2024-05-31,42303.0164154331,34065.544667801594,1,43502.99270436061,-2.7583764112100395
2024-06-03,42809.93913916194,34165.020361772426,1,43502.99270436061,-1.5931169837177572
2024-06-04,42917.96298573413,34165.020361772426,1,43502.99270436061,-1.3448033853722396
2024-06-05,43369.22660825226,34165.020361772426,1,43502.99270436061,-0.30748711247844396
2024-06-06,43048.09547276794,34608.66254047891,1,43502.99270436061,-1.045668822566015
2024-06-07,43040.42314131513,34608.66254047891,1,43502.99270436061,-1.0633051527949577
2024-06-10,43205.03400085574,34482.6691779617,1,43502.99270436061,-0.684915416118026
2024-06-11,43142.72116347925,34482.6691779617,1,43502.99270436061,-0.8281534636702115
2024-06-12,43449.987573568,34482.6691779617,1,43502.99270436061,-0.12184249288966775
2024-06-13,43780.73360683718,35012.68050555221,1,43780.73360683718,0.0
2024-06-14,43934.29702051182,35012.68050555221,1,43934.29702051182,0.0
2024-06-17,44236.42205266895,8518.230741975682,4,44236.42205266895,0.0
2024-06-18,44345.749766643945,8518.230741975682,4,44345.749766643945,0.0
2024-06-20,42651.124045595105,26237.20680646786,2,44345.749766643945,-3.821393774975712
2024-06-21,42026.97116173945,26237.20680646786,2,44345.749766643945,-5.228863232905889
2024-06-24,40957.35760532126,32966.005274533076,1,44345.749766643945,-7.640849865326604
2024-06-25,41030.90363091303,24785.99713475468,2,44345.749766643945,-7.475003023230609
2024-06-26,41487.29355079717,24785.99713475468,2,44345.749766643945,-6.445840313645689
2024-06-27,41479.22456110874,24448.078409796868,2,44345.749766643945,-6.464035946216773
2024-06-28,41528.40317266551,24906.455929415915,2,44345.749766643945,-6.353137806450149
2024-07-01,42583.04398144591,33769.42830405459,1,44345.749766643945,-3.974914832816534
2024-07-02,43481.792295338884,33769.42830405459,1,44345.749766643945,-1.948230610264512
2024-07-03,44101.09518935115,24945.985076239715,2,44345.749766643945,-0.5516979159901791
2024-07-05,44807.690600916525,26559.934650546158,2,44807.690600916525,0.0
2024-07-08,45829.827467227326,17973.621505898343,3,45829.827467227326,0.0
2024-07-09,46095.70060310968,8769.027944062274,4,46095.70060310968,0.0
2024-07-10,46796.067495095944,8769.027944062274,4,46796.067495095944,0.0
2024-07-11,43980.953858295245,9386.46617950448,4,46796.067495095944,-6.0157055656347875
2024-07-12,44315.35956436848,18512.677902820935,3,46796.067495095944,-5.3011034121348555
2024-07-15,44110.90630862675,26692.31461851707,2,46796.067495095944,-5.738006055210921
2024-07-16,44137.44554546359,26692.31461851707,2,46796.067495095944,-5.68129351875768
2024-07-17,42986.48784770893,26692.31461851707,2,46796.067495095944,-8.140811506834932
2024-07-18,42835.90291747902,42835.90291747902,0,46796.067495095944,-8.462601217574395
2024-07-19,42835.90291747902,42835.90291747902,0,46796.067495095944,-8.462601217574395
2024-07-22,42835.90291747902,42835.90291747902,0,46796.067495095944,-8.462601217574395
2024-07-23,42835.90291747902,42835.90291747902,0,46796.067495095944,-8.462601217574395
2024-07-24,42835.90291747902,42835.90291747902,0,46796.067495095944,-8.462601217574395
2024-07-25,42835.90291747902,42835.90291747902,0,46796.067495095944,-8.462601217574395
2024-07-26,42835.90291747902,42835.90291747902,0,46796.067495095944,-8.462601217574395
2024-07-29,42835.90291747902,42835.90291747902,0,46796.067495095944,-8.462601217574395
2024-07-30,42835.90291747902,42835.90291747902,0,46796.067495095944,-8.462601217574395
2024-07-31,42802.31015416191,34268.72233398321,1,46796.067495095944,-8.534386658350224
2024-08-01,42779.74874791637,34268.72233398321,1,46796.067495095944,-8.582598842521271
2024-08-02,42304.9361255152,34268.72233398321,1,46796.067495095944,-9.597240986224742
2024-08-05,42208.67035923764,42208.67035923764,0,46796.067495095944,-9.802954353673076
2024-08-06,42208.67035923764,42208.67035923764,0,46796.067495095944,-9.802954353673076
2024-08-07,41970.248941586484,33766.93628739011,1,46796.067495095944,-10.3124446386765
2024-08-08,42317.73077018771,33766.93628739011,1,46796.067495095944,-9.569899704451768
2024-08-09,42767.08579644331,25276.07504022269,2,46796.067495095944,-8.609658704921852
2024-08-12,42462.386656283576,25636.112497346854,2,46796.067495095944,-9.260779956064734
2024-08-13,43437.64995327782,8422.577506055115,4,46796.067495095944,-7.176708902238582
2024-08-14,43866.57558356609,8422.577506055115,4,46796.067495095944,-6.260124126534472
2024-08-15,45212.15156942801,0.0,5,46796.067495095944,-3.38472014947393
2024-08-16,45418.60315970397,846.3605734027042,5,46796.067495095944,-2.9435472019872733
2024-08-19,47642.8391983949,0.0,5,47642.8391983949,0.0
2024-08-20,47608.603839641524,0.0,5,47642.8391983949,-0.07185835128509233
2024-08-21,47895.47125332403,0.0,5,47895.47125332403,0.0
2024-08-22,44601.771942871266,945.3019600974021,5,47895.47125332403,-6.876849155595632
2024-08-23,45786.96454532963,945.3019600974021,5,47895.47125332403,-4.402309138670524
2024-08-26,43632.61204934332,9200.762257421158,4,47895.47125332403,-8.900338784504314
2024-08-27,43720.705581599635,9200.762257421158,4,47895.47125332403,-8.716410053976986
2024-08-28,42987.99036221826,9200.762257421158,4,47895.47125332403,-10.246231559450791
2024-08-29,42340.73509218104,42340.73509218104,0,47895.47125332403,-11.597622939679253
2024-08-30,42340.73509218104,42340.73509218104,0,47895.47125332403,-11.597622939679253
2024-09-03,42340.73509218104,42340.73509218104,0,47895.47125332403,-11.597622939679253
2024-09-04,42340.73509218104,42340.73509218104,0,47895.47125332403,-11.597622939679253
2024-09-05,42340.73509218104,42340.73509218104,0,47895.47125332403,-11.597622939679253
2024-09-06,42340.73509218104,42340.73509218104,0,47895.47125332403,-11.597622939679253
2024-09-09,42340.73509218104,42340.73509218104,0,47895.47125332403,-11.597622939679253
2024-09-10,42575.45866906609,33872.58807374483,1,47895.47125332403,-11.10754826091982
2024-09-11,42650.878419408065,33872.58807374483,1,47895.47125332403,-10.950080867096556
2024-09-12,42715.52341643145,33872.58807374483,1,47895.47125332403,-10.815109866014904
2024-09-13,42868.62891190419,25630.65696533712,2,47895.47125332403,-10.495443953004157
2024-09-16,42730.08003205753,25547.975044612926,2,47895.47125332403,-10.784717398323995
2024-09-17,42131.990957955015,79.3926911142753,5,47895.47125332403,-12.033455657812365
2024-09-18,41615.308656555826,79.3926911142753,5,47895.47125332403,-13.11222633879472
2024-09-19,43893.14634994062,280.2370403584682,5,47895.47125332403,-8.356374410045376
2024-09-20,43837.48412038537,0.0,5,47895.47125332403,-8.472590469933062
2024-09-23,44571.275476025025,0.0,5,47895.47125332403,-6.94052212101014
2024-09-24,45258.21367441232,0.0,5,47895.47125332403,-5.506277545455163
2024-09-25,45828.24979809883,0.0,5,47895.47125332403,-4.316110482119406
2024-09-26,46053.45721521185,27785.05386961952,2,47895.47125332403,-3.845904403716127
2024-09-27,45994.94729188984,27785.05386961952,2,47895.47125332403,-3.968066106672441
2024-09-30,46152.49658859646,27609.239731307825,2,47895.47125332403,-3.639122069618639
2024-10-01,45754.70914712979,27609.239731307825,2,47895.47125332403,-4.469654541807366
2024-10-02,45605.50536972455,27609.239731307825,2,47895.47125332403,-4.781174135415878
2024-10-03,45374.082079772386,45374.082079772386,0,47895.47125332403,-5.2643582108541365
2024-10-04,45372.62910157029,36299.26566381791,1,47895.47125332403,-5.267391855088288
2024-10-07,45775.09417536867,36460.801618371785,1,47895.47125332403,-4.4270930475669985
2024-10-08,46152.129587829724,36460.801618371785,1,47895.47125332403,-3.639888323206164
2024-10-09,46134.627114774456,36460.801618371785,1,47895.47125332403,-3.6764313879203536
2024-10-10,46495.69261676855,37033.71949781755,1,47895.47125332403,-2.922569921385487
2024-10-11,46494.992176728636,37033.71949781755,1,47895.47125332403,-2.924032356186912
2024-10-14,46724.50481755714,46724.50481755714,0,47895.47125332403,-2.4448374869797784
2024-10-15,46299.52165624445,37379.603854045716,1,47895.47125332403,-3.3321513606963893
2024-10-16,46578.77734110329,37379.603854045716,1,47895.47125332403,-2.749098981105358
2024-10-17,46669.023682268344,28047.44567383003,2,47895.47125332403,-2.5606754437572654
2024-10-18,46612.07832411516,28069.725977346825,2,47895.47125332403,-2.679570522275221
2024-10-21,47001.464330959454,47001.464330959454,0,47895.47125332403,-1.8665792380162305
2024-10-22,47001.464330959454,47001.464330959454,0,47895.47125332403,-1.8665792380162305
2024-10-23,47001.464330959454,47001.464330959454,0,47895.47125332403,-1.8665792380162305
2024-10-24,47608.48085808164,37601.17146476756,1,47895.47125332403,-0.5992015272685558
2024-10-25,47943.10760726687,37601.17146476756,1,47943.10760726687,0.0
2024-10-28,47421.89955909504,38149.17665512517,1,47943.10760726687,-1.087138640326324
2024-10-29,47316.282124031386,38149.17665512517,1,47943.10760726687,-1.307436072709811
2024-10-30,47246.695156828224,38149.17665512517,1,47943.10760726687,-1.4525809552092817
2024-10-31,46678.28134247373,37579.76504271282,1,47943.10760726687,-2.638181644698867
2024-11-01,46646.599119566345,37579.76504271282,1,47943.10760726687,-2.7042646011207094
2024-11-04,46357.706422846655,37138.404344562325,1,47943.10760726687,-3.306838591705963
2024-11-05,46684.20146212791,37138.404344562325,1,47943.10760726687,-2.625833426259061
2024-11-06,48092.30509199986,37138.404344562325,1,48092.30509199986,0.0
2024-11-07,48679.236178769635,38728.35831374886,1,48679.236178769635,0.0
2024-11-08,49493.98076002603,38728.35831374886,1,49493.98076002603,0.0
2024-11-11,50566.360487292644,40366.82921217945,1,50566.360487292644,0.0
2024-11-12,49939.52615205698,40366.82921217945,1,50566.360487292644,-1.2396271536947778
2024-11-13,49990.52380843255,40366.82921217945,1,50566.360487292644,-1.1387742232403797
2024-11-14,48936.94882281592,39548.06923828328,1,50566.360487292644,-3.222323395978244
2024-11-15,49224.7886376237,39548.06923828328,1,50566.360487292644,-2.653091574597466
2024-11-18,49710.35105569283,39814.78819770387,1,50566.360487292644,-1.6928436679063186
2024-11-19,49922.43668200359,39814.78819770387,1,50566.360487292644,-1.2734232780128085
2024-11-20,49806.46160448593,39814.78819770387,1,50566.360487292644,-1.502775512185972
2024-11-21,49615.994752676284,39789.314672079425,1,50566.360487292644,-1.8794426283758048
2024-11-22,49989.803883606575,39789.314672079425,1,50566.360487292644,-1.140197946085042
2024-11-25,49585.614957683065,49585.614957683065,0,50566.360487292644,-1.9395216902273194
2024-11-26,49585.614957683065,49585.614957683065,0,50566.360487292644,-1.9395216902273194
2024-11-27,49585.614957683065,49585.614957683065,0,50566.360487292644,-1.9395216902273194
2024-11-29,49853.55012146251,39668.49196614645,1,50566.360487292644,-1.4096532931399341
2024-12-02,50339.79485160798,40164.466398957346,1,50566.360487292644,-0.4480560465521366
2024-12-03,50178.22791043508,40164.466398957346,1,50566.360487292644,-0.7675707191841519
2024-12-04,50363.73066253721,40164.466398957346,1,50566.360487292644,-0.4007206031890642
2024-12-05,50964.15875594407,40554.50750356998,1,50964.15875594407,0.0
2024-12-06,51520.012876492525,40554.50750356998,1,51520.012876492525,0.0
2024-12-09,51333.355025559336,41228.857366312404,1,51520.012876492525,-0.36230163874504395
2024-12-10,51623.6913253202,41228.857366312404,1,51623.6913253202,0.0
2024-12-11,52240.13848080086,41228.857366312404,1,52240.13848080086,0.0
2024-12-12,51886.53609229431,31273.381197225586,2,52240.13848080086,-0.6768787349913041
2024-12-13,54863.35134452018,31273.381197225586,2,54863.35134452018,0.0
2024-12-16,58436.21674054715,34000.464388767425,2,58436.21674054715,0.0
2024-12-17,58397.79687369508,34000.464388767425,2,58436.21674054715,-0.06574667046406191
2024-12-18,56539.03579531288,34000.464388767425,2,58436.21674054715,-3.2465841408892526
2024-12-19,55314.58409279388,33799.3278166598,2,58436.21674054715,-5.341948575509448
2024-12-20,55063.83033679214,33799.3278166598,2,58436.21674054715,-5.771055334961495
2024-12-23,56141.16255924266,22250.256615547773,3,58436.21674054715,-3.9274516888976208
2024-12-24,57432.591948485264,22250.256615547773,3,58436.21674054715,-1.7174705140784674
2024-12-26,57548.751545836174,34488.08260996745,2,58436.21674054715,-1.5186903673988006
2024-12-27,56816.93593090398,34488.08260996745,2,58436.21674054715,-2.771022663620859
2024-12-30,56166.67466472104,56166.67466472104,0,58436.21674054715,-3.883793651294576
2024-12-31,56166.67466472104,56166.67466472104,0,58436.21674054715,-3.883793651294576
2025-01-02,56357.47596082374,44933.33973177683,1,58436.21674054715,-3.5572815895198673
2025-01-03,56866.28033317508,44933.33973177683,1,58436.21674054715,-2.686581190467008
2025-01-06,57379.00710293959,22899.18039749747,3,58436.21674054715,-1.8091685201002905
2025-01-07,56089.28319236967,22899.18039749747,3,58436.21674054715,-4.016231164652051
2025-01-08,55631.663770232466,22899.18039749747,3,58436.21674054715,-4.799340420627685
2025-01-10,54550.41243084673,54550.41243084673,0,58436.21674054715,-6.649650724230027
2025-01-13,54550.41243084673,54550.41243084673,0,58436.21674054715,-6.649650724230027
2025-01-14,54550.41243084673,54550.41243084673,0,58436.21674054715,-6.649650724230027
2025-01-15,54550.41243084673,54550.41243084673,0,58436.21674054715,-6.649650724230027
2025-01-16,54550.41243084673,54550.41243084673,0,58436.21674054715,-6.649650724230027
2025-01-17,54679.83215191636,43640.32994467738,1,58436.21674054715,-6.428178958451203
2025-01-21,54616.93435705619,54616.93435705619,0,58436.21674054715,-6.535813912198174
2025-01-22,54134.91890891114,43693.54748564495,1,58436.21674054715,-7.360671295223442
2025-01-23,54721.48393600626,21871.834519049382,3,58436.21674054715,-6.3569016129741085
2025-01-24,54207.78073113152,10972.035248009699,4,58436.21674054715,-7.235985225035357
2025-01-27,49441.073264378254,29346.57666058037,2,58436.21674054715,-15.393096914721093
2025-01-28,49481.52403191139,9467.826027577226,4,58436.21674054715,-15.32387482987475
2025-01-29,49472.23627470118,0.0,5,58436.21674054715,-15.33976866716994
2025-01-30,50523.77720614819,408.1863005473624,5,58436.21674054715,-13.54030081983174
2025-01-31,50057.645552897564,511.9869246824546,5,58436.21674054715,-14.337976780478234
2025-02-03,50257.0550148862,29914.451042336957,2,58436.21674054715,-13.99673384397192
2025-02-04,50476.55632249939,19810.486534193624,3,58436.21674054715,-13.621108384528235
2025-02-05,50763.89826416383,19810.486534193624,3,58436.21674054715,-13.1293894511479
2025-02-06,50415.47171422161,40744.46743564028,1,58436.21674054715,-13.725640490959744
2025-02-07,50269.884310352,50269.884310352,0,58436.21674054715,-13.974779487270904
2025-02-10,51045.86986740447,19932.730075146348,3,58436.21674054715,-12.6468606035112
2025-02-11,50886.34284195511,19932.730075146348,3,58436.21674054715,-12.919854021544486
2025-02-12,50977.15584341654,9826.944307463733,4,58436.21674054715,-12.76444868128327
2025-02-13,51602.00954815796,20227.098668857296,3,58436.21674054715,-11.69515682839737
2025-02-14,51701.27285599888,20227.098668857296,3,58436.21674054715,-11.525290753251461
2025-02-18,51449.41776640065,20686.680174635454,3,58436.21674054715,-11.956282189121536
2025-02-19,51408.315902123984,20686.680174635454,3,58436.21674054715,-12.026618474680806
2025-02-20,51526.78281406578,20686.680174635454,3,58436.21674054715,-11.823889895471485
2025-02-21,50608.16890882564,40580.90949332803,1,58436.21674054715,-13.395884039648752
2025-02-24,51103.633788336985,51103.633788336985,0,58436.21674054715,-12.548011081494781
2025-02-25,51103.633788336985,51103.633788336985,0,58436.21674054715,-12.548011081494781
2025-02-26,51103.633788336985,51103.633788336985,0,58436.21674054715,-12.548011081494781
2025-02-27,51103.633788336985,51103.633788336985,0,58436.21674054715,-12.548011081494781
2025-02-28,51103.633788336985,51103.633788336985,0,58436.21674054715,-12.548011081494781
2025-03-03,51103.633788336985,51103.633788336985,0,58436.21674054715,-12.548011081494781
2025-03-04,51103.633788336985,51103.633788336985,0,58436.21674054715,-12.548011081494781
2025-03-05,51103.633788336985,51103.633788336985,0,58436.21674054715,-12.548011081494781
2025-03-06,51103.633788336985,51103.633788336985,0,58436.21674054715,-12.548011081494781
2025-03-07,51307.486929891325,40882.90703066959,1,58436.21674054715,-12.19916382045556
2025-03-10,51070.72860741498,51070.72860741498,0,58436.21674054715,-12.604320649015378
2025-03-11,51070.72860741498,51070.72860741498,0,58436.21674054715,-12.604320649015378
2025-03-12,51070.72860741498,51070.72860741498,0,58436.21674054715,-12.604320649015378
2025-03-13,51070.72860741498,51070.72860741498,0,58436.21674054715,-12.604320649015378
2025-03-14,51070.72860741498,51070.72860741498,0,58436.21674054715,-12.604320649015378
2025-03-17,51280.20346180806,30602.815081664827,2,58436.21674054715,-12.245853133359585
2025-03-18,51293.561901953464,30602.815081664827,2,58436.21674054715,-12.222993268552251
2025-03-19,52103.10930054984,20273.415682457646,3,58436.21674054715,-10.837641095274664
2025-03-20,52749.53804286383,0.0,5,58436.21674054715,-9.73142858123719
2025-03-21,52957.37822611565,0.0,5,58436.21674054715,-9.375758425219704
2025-03-24,55579.30940901015,0.0,5,58436.21674054715,-4.888932738786755
2025-03-25,56402.66690900597,0.0,5,58436.21674054715,-3.4799477874654317
2025-03-26,54094.416256669734,0.0,5,58436.21674054715,-7.4299821686861005
2025-03-27,53818.64365297652,0.0,5,58436.21674054715,-7.901902869708932
2025-03-28,51942.45892699246,0.0,5,58436.21674054715,-11.112556862444622
2025-03-31,52063.477820009415,30915.173083842223,2,58436.21674054715,-10.905461160896612
2025-04-01,52303.66181796736,30915.173083842223,2,58436.21674054715,-10.494442085133471
2025-04-02,52920.10395975729,30915.173083842223,2,58436.21674054715,-9.439544666762101
2025-04-03,51278.28201769192,40961.17412042013,1,58436.21674054715,-12.249141238276895
2025-04-04,50203.26136810374,40961.17412042013,1,58436.21674054715,-14.088789164769466
2025-04-07,49966.255095724584,49966.255095724584,0,58436.21674054715,-14.494370301945835
2025-04-08,49966.255095724584,49966.255095724584,0,58436.21674054715,-14.494370301945835
2025-04-09,51050.65989721185,29829.368684540117,2,58436.21674054715,-12.638663581057397
2025-04-10,51459.71669486884,29829.368684540117,2,58436.21674054715,-11.938657967290212
2025-04-11,52310.75949491474,19466.535813105576,3,58436.21674054715,-10.482296061069496
2025-04-14,51748.88859816828,20960.476881165727,3,58436.21674054715,-11.44380747999164
2025-04-15,51922.981113378795,10633.018644232145,4,58436.21674054715,-11.14588861234237
2025-04-16,51236.30666143908,10633.018644232145,4,58436.21674054715,-12.32097230228847
2025-04-17,49229.49055869258,0.0,5,58436.21674054715,-15.755171527841727
2025-04-21,48262.08309570358,174.48075023268575,5,58436.21674054715,-17.410664502830553
2025-04-22,49738.909694951595,174.48075023268575,5,58436.21674054715,-14.88341910327804
2025-04-23,51225.06821508416,174.48075023268575,5,58436.21674054715,-12.340204290568636
2025-04-24,54338.786260560286,0.0,5,58436.21674054715,-7.011799716910449
2025-04-25,54836.12488681639,0.0,5,58436.21674054715,-6.160720276801834
2025-04-28,55113.35408649709,58.0938984135355,5,58436.21674054715,-5.686306950368369
2025-04-29,55409.41876351436,58.0938984135355,5,58436.21674054715,-5.179661083248366
2025-04-30,54970.21321946714,58.0938984135355,5,58436.21674054715,-5.931259267636757
2025-05-01,54318.05742561574,491.92641272558103,5,58436.21674054715,-7.047272298984986
2025-05-02,55833.84990399925,491.92641272558103,5,58436.21674054715,-4.453345855879465
2025-05-05,55777.90147504787,0.0,5,58436.21674054715,-4.54908858542643
2025-05-06,55078.3977683329,0.0,5,58436.21674054715,-5.746126562441123
2025-05-07,56093.17497540254,0.0,5,58436.21674054715,-4.009571282733038
2025-05-08,56729.688430755086,0.0,5,58436.21674054715,-2.9203264772751036
2025-05-09,57253.462852592085,0.0,5,58436.21674054715,-2.02400831868772
2025-05-12,60870.502074809476,187.47846885788022,5,60870.502074809476,0.0
2025-05-13,63547.60136402023,187.47846885788022,5,63547.60136402023,0.0
2025-05-14,65224.91223082193,187.47846885788022,5,65224.91223082193,0.0
2025-05-15,64059.32346709336,130.63943752802334,5,65224.91223082193,-1.7870300225222402
2025-05-16,64581.689353239446,130.63943752802334,5,65224.91223082193,-0.9861613539719372
2025-05-19,65321.23068478214,0.0,5,65321.23068478214,0.0
2025-05-20,65128.93789987034,0.0,5,65321.23068478214,-0.2943802235443771
2025-05-21,64223.774352313456,0.0,5,65321.23068478214,-1.6800913285982433
2025-05-22,64808.68401972845,0.0,5,65321.23068478214,-0.7846555548334133
2025-05-23,64263.919521445365,0.0,5,65321.23068478214,-1.618633256374169
2025-05-27,68073.76313265528,0.0,5,68073.76313265528,0.0
2025-05-28,67737.54646867269,0.0,5,68073.76313265528,-0.4939005110197958
2025-05-29,68360.19202564693,0.0,5,68360.19202564693,0.0
2025-05-30,67389.29246062877,53769.23782296679,1,68360.19202564693,-1.4202703887284396
2025-06-02,67516.05949474373,67516.05949474373,0,68360.19202564693,-1.2348305437563711
2025-06-03,67516.05949474373,67516.05949474373,0,68360.19202564693,-1.2348305437563711
2025-06-04,67516.05949474373,67516.05949474373,0,68360.19202564693,-1.2348305437563711
2025-06-05,67309.00523984918,54012.847595794985,1,68360.19202564693,-1.5377177194051295
2025-06-06,67075.68356455158,27068.76336593757,3,68360.19202564693,-1.879029919362185
2025-06-09,67899.62766281488,40600.19684548027,2,68360.19202564693,-0.673731815526879
2025-06-10,68090.27554157813,40600.19684548027,2,68360.19202564693,-0.3948445375453802
2025-06-11,68309.19593581409,40600.19684548027,2,68360.19202564693,-0.07459910266739422
2025-06-12,68504.63925365655,54547.31548123044,1,68504.63925365655,0.0
2025-06-13,68102.93095613609,54547.31548123044,1,68504.63925365655,-0.586395756399849
2025-06-16,69180.41947322854,54630.60131963922,1,69180.41947322854,0.0
2025-06-17,69099.07465377665,40778.17062917394,2,69180.41947322854,-0.11758358806044367
2025-06-18,69240.27575913793,40778.17062917394,2,69240.27575913793,0.0
2025-06-20,68180.71212769946,27726.665060790365,3,69240.27575913793,-1.5302706695223378
2025-06-23,70467.09098735516,27484.27629408308,3,70467.09098735516,0.0
2025-06-24,71914.63494818987,13156.717236068956,4,71914.63494818987,0.0
2025-06-25,71639.81690801874,13156.717236068956,4,71914.63494818987,-0.3821448031671393
2025-06-26,71873.81969426715,28256.686147771085,3,71914.63494818987,-0.056755143027731325
2025-06-27,72128.00008126904,28836.856257807973,3,72128.00008126904,0.0
2025-06-30,72010.55454843985,43424.68546077175,2,72128.00008126904,-0.16282932106375103
2025-07-01,71401.08922226602,29043.210250217504,3,72128.00008126904,-1.0078067576863137
2025-07-02,73334.40152559643,14540.228080843366,4,73334.40152559643,0.0
2025-07-03,73934.42515435365,14215.029857414296,4,73934.42515435365,0.0
2025-07-07,72969.00402869639,29407.327637782808,3,73934.42515435365,-1.3057802554652165
2025-07-08,72931.87274645625,29407.327637782808,3,73934.42515435365,-1.356002167872894
2025-07-09,73007.56246690554,29407.327637782808,3,73934.42515435365,-1.2536280433818048
2025-07-10,73805.86749942336,44224.36172982729,2,73934.42515435365,-0.1738806444520291
2025-07-11,73129.8430322516,44224.36172982729,2,73934.42515435365,-1.0882374758744762
2025-07-14,72963.24247963795,58379.24455229637,1,73934.42515435365,-1.3135730381187871
2025-07-15,73501.94391359798,43714.337702184195,2,73934.42515435365,-0.5849524627435487
2025-07-16,74753.13595395646,28848.022914466797,3,74753.13595395646,0.0
2025-07-17,75485.23458334291,29640.24855692613,3,75485.23458334291,0.0
2025-07-18,75196.05835674658,29525.81731897647,3,75485.23458334291,-0.38308978993375487
2025-07-21,74699.90004426282,45067.37651039156,2,75485.23458334291,-1.0403816632682195
2025-07-22,74646.05257470423,45067.37651039156,2,75485.23458334291,-1.111716765895654
2025-07-23,75039.04181653928,45067.37651039156,2,75485.23458334291,-0.591099397473549
2025-07-24,74424.60852078967,59316.02157006215,1,75485.23458334291,-1.4050775206669197
2025-07-25,74830.00234900718,59316.02157006215,1,75485.23458334291,-0.8680270227050757
2025-07-28,75909.09220987484,60400.0531021701,1,75909.09220987484,0.0
2025-07-29,76246.67223785444,60400.0531021701,1,76246.67223785444,0.0
2025-07-30,76431.53684235975,60400.0531021701,1,76431.53684235975,0.0
2025-07-31,75668.01324347018,60916.60399067573,1,76431.53684235975,-0.99896408005552
2025-08-01,75282.30621266877,60916.60399067573,1,76431.53684235975,-1.5036079047596185
2025-08-04,75895.51044534822,60565.86964055647,1,76431.53684235975,-0.7013157384458846
2025-08-05,75433.29459296964,45429.605238739045,2,76431.53684235975,-1.3060606794404572
2025-08-06,74907.15553139389,45429.605238739045,2,76431.53684235975,-1.9944402192381694
2025-08-07,76441.81469335698,29951.121756545355,3,76441.81469335698,0.0
2025-08-08,76934.83837387878,30073.634615466024,3,76934.83837387878,0.0
2025-08-11,77284.83315096157,77284.83315096157,0,77284.83315096157,0.0
2025-08-12,77098.45333128996,61827.866520769254,1,77284.83315096157,-0.2411596325860632
2025-08-13,77033.0416234595,61827.866520769254,1,77284.83315096157,-0.32579681838768026
2025-08-14,76828.3267083853,46455.308489538365,2,77284.83315096157,-0.5906805047823149
2025-08-15,77875.22778226047,29955.03005737059,3,77875.22778226047,0.0
2025-08-18,78340.82411201364,47034.66351090341,2,78340.82411201364,0.0
2025-08-19,77851.1320230779,47034.66351090341,2,78340.82411201364,-0.6250790625275671
2025-08-20,77374.78479476811,47034.66351090341,2,78340.82411201364,-1.2331237617110746
2025-08-21,77526.48299115854,46402.18953465577,2,78340.82411201364,-1.0394850068091377
2025-08-22,77775.91025555799,46402.18953465577,2,78340.82411201364,-0.7210976688832416
2025-08-25,76764.17547256513,46439.68829757874,2,78340.82411201364,-2.0125504898878543
2025-08-26,77428.00562407637,46439.68829757874,2,78340.82411201364,-1.1651887739042688
2025-08-27,77559.67339688455,46439.68829757874,2,78340.82411201364,-0.9971183274919082
2025-08-28,77332.54885036606,61945.850641795216,1,78340.82411201364,-1.2870368330641035
2025-08-29,77718.37129594402,61945.850641795216,1,78340.82411201364,-0.7945446363694431
2025-09-02,77663.9081930666,77663.9081930666,0,78340.82411201364,-0.8640653536898801
2025-09-03,77663.9081930666,77663.9081930666,0,78340.82411201364,-0.8640653536898801
2025-09-04,77716.86245045808,62131.12655445328,1,78340.82411201364,-0.7964706379184894
2025-09-05,79312.0079432775,46294.573100174195,2,79312.0079432775,0.0
2025-09-08,79792.61829838439,63726.257580776044,1,79792.61829838439,0.0
2025-09-09,79375.21545653253,63726.257580776044,1,79792.61829838439,-0.5231095942872521
2025-09-10,81367.7976690041,47545.36579534503,2,81367.7976690041,0.0
2025-09-11,80216.02866962289,32413.721169292414,3,81367.7976690041,-1.4155096148312674
2025-09-12,80661.36035384053,32413.721169292414,3,81367.7976690041,-0.868202575713406
2025-09-15,81441.16401189397,32848.726826437996,3,81441.16401189397,0.0
2025-09-16,81945.18691395654,32848.726826437996,3,81945.18691395654,0.0
2025-09-17,81200.65333077151,32848.726826437996,3,81945.18691395654,-0.9085751234746642
2025-09-18,79177.64206414955,575.129820912065,5,81945.18691395654,-3.3773122669339295
2025-09-19,80161.94385832312,575.129820912065,5,81945.18691395654,-2.1761412998006158
2025-09-22,83059.86099833279,15595.079282519138,4,83059.86099833279,0.0
2025-09-23,82420.09768543954,15595.079282519138,4,83059.86099833279,-0.7702436594567486
2025-09-24,82986.72653225253,15595.079282519138,4,83059.86099833279,-0.0880503111866826
2025-09-25,80635.27994307122,64861.41123358246,1,83059.86099833279,-2.919076706991164
2025-09-26,81269.0057517269,64861.41123358246,1,83059.86099833279,-2.156101906601837
2025-09-29,81331.94124047185,65098.956283810876,1,83059.86099833279,-2.080330664044372
2025-09-30,81387.24677573139,65098.956283810876,1,83059.86099833279,-2.0137455113667713
2025-10-01,81927.1128535479,65098.956283810876,1,83059.86099833279,-1.3637732247199885
2025-10-02,81168.79510897331,64854.29478956722,1,83059.86099833279,-2.2767506068875343
2025-10-03,80682.42655972531,64854.29478956722,1,83059.86099833279,-2.8623144922614308
2025-10-06,82739.18141042092,67547.97152131263,1,83059.86099833279,-0.3860825000878698
2025-10-07,83320.8477389774,67547.97152131263,1,83320.8477389774,0.0
2025-10-08,85114.32195306507,67547.97152131263,1,85114.32195306507,0.0
2025-10-09,84670.13362756478,67932.17033550711,1,85114.32195306507,-0.5218726006478991
2025-10-10,83377.17964775606,67932.17033550711,1,85114.32195306507,-2.0409518227342827
2025-10-13,83904.96754967209,33405.492841368585,3,85114.32195306507,-1.420858882080811
2025-10-14,82933.05317420923,33405.492841368585,3,85114.32195306507,-2.5627517541156775
2025-10-15,85087.38732322244,33405.492841368585,3,85114.32195306507,-0.03164523810397224
2025-10-16,85725.48781926217,51287.48056827522,2,85725.48781926217,0.0
2025-10-17,84407.45171274111,51287.48056827522,2,85725.48781926217,-1.5375078521570162
2025-10-20,84450.58177223793,67327.56526643306,1,85725.48781926217,-1.4871960247250682
2025-10-21,84860.55620502793,50473.46588180358,2,85725.48781926217,-1.008955021705804
2025-10-22,83857.01466986065,50473.46588180358,2,85725.48781926217,-2.1796004863114615
2025-10-23,84090.53418294426,67200.01137396737,1,85725.48781926217,-1.9071966551709063
2025-10-24,84643.73416193297,33350.586360360496,3,85725.48781926217,-1.2618810167751904
2025-10-27,85651.80922735292,68426.45441168189,1,85725.48781926217,-0.0859471246924759
2025-10-28,86865.8778738309,0.0,5,86865.8778738309,0.0
2025-10-29,88274.1884205756,0.0,5,88274.1884205756,0.0
2025-10-30,86045.80029181013,0.0,5,88274.1884205756,-2.5243937878516642
2025-10-31,86627.54539555422,35407.49220741115,3,88274.1884205756,-1.8653731679481256
2025-11-03,86617.12543523512,69276.60319663,1,88274.1884205756,-1.877177253044271
2025-11-04,85610.91740007862,52081.4036891297,2,88274.1884205756,-3.0170439039417074
2025-11-05,87052.22588589885,408.6259241576154,5,88274.1884205756,-1.384280678803651
2025-11-06,84044.50469540969,0.0,5,88274.1884205756,-4.791529438949826
2025-11-07,83006.49205113274,15937.32239518835,4,88274.1884205756,-5.967425431707552
2025-11-10,85059.39946662111,33807.459192382754,3,88274.1884205756,-3.6418221582937504
2025-11-11,85416.0867988131,33807.459192382754,3,88274.1884205756,-3.2377546289582337
2025-11-12,85758.21737581654,33807.459192382754,3,88274.1884205756,-2.8501774865059226
2025-11-13,84653.24983088722,50969.18102735807,2,88274.1884205756,-4.1019222656986765
2025-11-14,84517.00289791755,50969.18102735807,2,88274.1884205756,-4.256267420729188
2025-11-17,84632.15660586642,67464.02322177646,1,88274.1884205756,-4.125817387702291
2025-11-18,84772.46410932767,67464.02322177646,1,88274.1884205756,-3.966872280449907
2025-11-19,85100.97331087699,67464.02322177646,1,88274.1884205756,-3.5947258949355354
2025-11-20,84959.01310105357,67995.95623066164,1,88274.1884205756,-3.7555432441102043
2025-11-21,85412.13423907757,50950.791487164664,2,88274.1884205756,-3.2422322229256895
2025-11-24,88828.21547859625,33980.83754130671,3,88828.21547859625,0.0
2025-11-25,90396.47073329515,33980.83754130671,3,90396.47073329515,0.0
2025-11-26,90639.61977276152,33980.83754130671,3,90639.61977276152,0.0
2025-11-28,91092.66541985462,18069.94880138514,4,91092.66541985462,0.0
2025-12-01,88655.55052284057,18089.60335185383,4,91092.66541985462,-2.675423850845904
2025-12-02,88328.89978988511,18089.60335185383,4,91092.66541985462,-3.0340155458521867
2025-12-03,89444.50130003113,18089.60335185383,4,91092.66541985462,-1.8093269224552233
2025-12-04,89086.42931831956,22.29956320459678,5,91092.66541985462,-2.2024123372481497
2025-12-05,89537.88170220233,22.29956320459678,5,91092.66541985462,-1.7068154834268379
