Ticker,Entry_Date,Exit_Date,Entry_Price,Exit_Price,Shares,PnL,Return_pct,Holding_Days,Exit_Reason,Exit_Year
NFLX,2023-01-04,2023-01-09,29.823999404907227,31.517000198364254,67.0600871749924,113.53278079655959,5.67663903982798,5,TIME,2023
AMD,2023-01-10,2023-01-17,66.66999816894531,71.58999633789062,30.339082221566386,149.2682289775879,7.3796284746817875,6,TIME,2023
TSLA,2023-01-11,2023-01-17,122.08999633789062,131.49000549316406,16.567340624381405,155.73315354771876,7.699245996583048,6,TIME,2023
NVDA,2023-01-11,2023-01-17,15.804882316459198,17.66275405883789,127.97985556987453,237.77015725697626,11.755049516843963,6,TIME,2023
TSLA,2023-01-17,2023-01-23,125.6999969482422,143.75,16.95513855098445,306.04030258824565,14.35958909306101,3,TIME,2023
NVDA,2023-01-17,2023-01-23,16.861534824609727,19.150453567504883,126.39779748906095,289.31428773337785,13.574794742614028,3,TIME,2023
AMD,2023-01-20,2023-01-25,68.01000213623047,74.91000366210938,31.337462096334768,216.2285362818823,10.145568753339473,2,TIME,2023
TSLA,2023-01-23,2023-01-30,135.8699951171875,166.66000366210938,16.562389512409922,509.95611461142596,22.66137458705697,5,TIME,2023
NVDA,2023-01-23,2023-01-30,18.023954731552497,19.119518280029297,124.85227663386728,136.78360322440673,6.0783749448666935,5,TIME,2023
AMD,2023-01-25,2023-01-30,72.9000015258789,72.44999694824219,31.461967646492692,-14.158029462380053,-0.6172902170337724,5,TIME,2023
TSLA,2023-01-30,2023-02-06,178.0500030517578,194.75999450683597,13.592214465773736,227.1257875786688,9.38499925227223,3,TIME,2023
NVDA,2023-01-30,2023-02-06,19.905771381530464,21.04224395751953,121.57749532663881,138.16948929616402,5.709261671936727,3,TIME,2023
AMD,2023-02-01,2023-02-06,78.47000122070312,83.68000030517578,30.841006619898653,160.6816162538871,6.639478786063879,3,TIME,2023
META,2023-02-02,2023-02-07,181.7836458587308,189.9519195556641,13.313044832382136,108.74459393044057,4.4934040454228,1,TIME,2023
AMZN,2023-02-03,2023-02-08,105.26000213623048,100.0500030517578,22.991580638379634,-119.7861140765378,-4.949647519225541,1,TIME,2023
TSLA,2023-02-06,2023-02-13,193.00999450683597,194.63999938964844,13.083722489031336,21.32653154248442,0.8445183820544377,6,TIME,2023
NVDA,2023-02-06,2023-02-13,20.759870457178742,21.739696502685547,121.64282098704821,119.18880425203159,4.719808090941058,6,TIME,2023
AMD,2023-02-06,2023-02-13,84.62999725341797,83.12999725341797,29.839173906329236,-44.758760859493854,-1.7724211847819915,6,TIME,2023
META,2023-02-07,2023-02-13,183.96450515195008,177.86802673339844,13.845269349210616,-84.40738578649704,-3.3139427703817614,6,TIME,2023
TSLA,2023-02-13,2023-02-21,194.4199981689453,197.3699951171875,12.989151133223107,38.317956203264714,1.5173320522710476,8,TIME,2023
META,2023-02-13,2023-02-21,176.66856844178548,170.58201599121094,14.294284273716325,-87.00291097539727,-3.4451812816834737,8,TIME,2023
NVDA,2023-02-13,2023-02-21,21.490250748186387,20.609209060668945,117.51145992331014,-103.5324949534714,-4.099727350048699,8,TIME,2023
AMD,2023-02-13,2023-02-21,81.56999969482422,76.7699966430664,30.95930794391837,-148.60477261111805,-5.8845201296015,8,TIME,2023
NVDA,2023-02-23,2023-02-28,23.38803172331173,23.16452980041504,105.40375198024476,-23.55794124811063,-0.9556251912978153,1,TIME,2023
TSLA,2023-02-27,2023-03-06,202.02999877929688,193.80999755859372,12.20208043342654,-100.30111605788422,-4.06870329672323,6,TIME,2023
NVDA,2023-02-28,2023-03-06,23.320184085898383,23.50177955627441,105.50837410877311,19.15984282489255,0.778705132460078,6,TIME,2023
NVDA,2023-03-06,2023-03-13,23.83803229096399,22.91897392272949,102.5355793775117,-94.23618226867517,-3.8554288248987656,7,TIME,2023
AMD,2023-03-14,2023-03-20,83.66999816894531,96.80999755859376,28.987680994360222,380.89811057321737,15.704553217649586,3,TIME,2023
META,2023-03-17,2023-03-22,198.8141027760176,198.0706024169922,12.199331847462181,-9.070207608458178,-0.3739676152968996,2,TIME,2023
AMD,2023-03-20,2023-03-27,96.3000030517578,96.61000061035156,25.976934149111347,8.0527861659755,0.3219081503321952,4,TIME,2023
META,2023-03-22,2023-03-27,200.73718772594935,201.07424926757807,12.45292327062873,4.197401515382204,0.16791185801052766,4,TIME,2023
NVDA,2023-03-22,2023-03-27,26.37089378569404,26.476675033569336,94.79257004436995,10.027276348599832,0.401128792732397,4,TIME,2023
TSLA,2023-03-23,2023-03-28,195.25999450683597,189.19000244140625,12.802237358587691,-77.70947918637516,-3.108671635867122,1,TIME,2023
NFLX,2023-03-23,2023-03-28,30.468000411987305,32.35200119018555,81.98604178200509,154.46176651869118,6.183539296057661,1,TIME,2023
AMD,2023-03-27,2023-04-03,98.0199966430664,96.55999755859376,25.548055242625576,-37.30013726428982,-1.4894910574105968,5,TIME,2023
NVDA,2023-03-27,2023-04-03,26.782048221700336,27.907737731933597,93.50368830603377,105.25612109422268,4.203149441427567,5,TIME,2023
NFLX,2023-03-28,2023-04-03,32.60599899291992,34.827999114990234,77.2732265351722,171.70111879391953,6.814697266453318,5,TIME,2023
TSLA,2023-03-29,2023-04-03,193.1300048828125,194.7700042724609,13.045982927998804,21.3954040392816,0.8491686160539968,5,TIME,2023
TSLA,2023-04-03,2023-04-10,199.91000366210935,184.50999450683597,12.864695116833593,-198.11642257903807,-7.703470998531259,7,TIME,2023
AMD,2023-05-08,2023-05-15,89.98999786376953,97.4000015258789,28.138215618535725,208.50428077857293,8.234252514737172,7,TIME,2023
TSLA,2023-05-08,2023-05-15,173.72000122070312,166.35000610351562,14.576087644538571,-107.42569476794631,-4.242456289085716,7,TIME,2023
AMD,2023-05-15,2023-05-22,95.1999969482422,108.0,26.81064876495849,343.1763860110751,13.44538178789736,7,TIME,2023
AMD,2023-05-22,2023-05-30,104.68000030517578,125.2699966430664,25.038297193022302,515.5384475113464,19.669465301742626,4,TIME,2023
NVDA,2023-05-26,2023-05-31,37.81241913102152,37.75653076171875,69.31608762519946,-3.87396310382038,-0.14780426798167712,1,TIME,2023
AMD,2023-05-30,2023-06-05,130.4199981689453,117.93000030517578,20.887261812257663,-260.8818554150931,-9.5767505283891,4,TIME,2023
TSLA,2023-05-30,2023-06-05,200.1000061035156,217.6100006103516,13.6137759331186,238.37714180620273,8.750621675532443,4,TIME,2023
NVDA,2023-05-31,2023-06-05,39.40714336242504,39.09079360961914,69.1078221438625,-21.862242452164885,-0.8027726087538212,4,TIME,2023
AVGO,2023-06-01,2023-06-06,76.81628697284017,75.79733276367188,35.45266195502329,-36.124639125291814,-1.3264819862076505,1,TIME,2023
NVDA,2023-06-05,2023-06-12,38.82932905392205,39.405235290527344,69.90768394958319,40.2602711731966,1.4831732884323934,6,TIME,2023
AMD,2023-06-05,2023-06-12,116.58999633789062,129.19000244140625,23.28217298857376,293.35552175913597,10.807107384238535,6,TIME,2023
AVGO,2023-06-06,2023-06-12,76.9486817257137,82.068359375,35.18245504583116,180.12282874516188,6.653366288373297,6,TIME,2023
TSLA,2023-06-06,2023-06-12,216.13999938964844,249.8300018310547,12.52541659709355,421.98131573571203,15.58712063317409,6,TIME,2023
TSLA,2023-06-12,2023-06-20,247.94000244140625,274.45001220703125,11.673741609394158,309.47100406642204,10.692106761550058,6,TIME,2023
AVGO,2023-06-13,2023-06-20,82.6219558460201,83.28399658203125,35.03169942536474,23.192412071289855,0.8012891116315091,6,TIME,2023
ADBE,2023-06-13,2023-06-20,489.7099914550781,485.8599853515625,5.910411414178875,-22.755120018877086,-0.786180835738326,6,TIME,2023
NVDA,2023-06-14,2023-06-20,40.744627187256896,43.72282028198242,71.03728081327908,211.56273918618587,7.309413044910551,6,TIME,2023
AMD,2023-06-14,2023-06-20,126.52999877929688,118.93000030517578,22.875109073399535,-173.85079405319004,-6.006479528524755,6,TIME,2023
TSLA,2023-06-21,2023-06-26,275.1300048828125,241.0500030517578,10.772767487305982,-367.1359356929143,-12.386872106359526,5,TIME,2023
ADBE,2023-06-21,2023-06-26,492.0,479.510009765625,6.024210510942884,-75.24233045149585,-2.5386159012957266,5,TIME,2023
TSLA,2023-07-03,2023-07-10,276.489990234375,269.6099853515625,10.399783065266007,-71.55055826922087,-2.4883377792376704,7,TIME,2023
TSLA,2023-07-11,2023-07-17,268.6499938964844,290.3800048828125,10.650012549799705,231.42488971167998,8.088595376890684,6,TIME,2023
AMD,2023-08-07,2023-08-14,116.36000061035156,111.9800033569336,24.9863421209441,-109.44010986269687,-3.7641777504668683,7,TIME,2023
NVDA,2023-08-23,2023-08-28,45.77682161070316,46.743934631347656,63.03458084115434,60.961563882348514,2.112669658171229,5,TIME,2023
NVDA,2023-08-28,2023-09-05,46.39162035347504,48.453609466552734,62.462036315366184,128.7960388629486,4.444744756416408,7,TIME,2023
TSLA,2023-08-29,2023-09-05,238.5800018310547,256.489990234375,12.145674629088962,217.52889175748504,7.506911000865402,7,TIME,2023
TSLA,2023-09-05,2023-09-11,245.0,273.5799865722656,12.110122699475614,346.10714413950217,11.665300641741073,6,TIME,2023
TSLA,2023-09-11,2023-09-18,264.2699890136719,265.2799987792969,11.489013571050437,11.604015904159096,0.3821885978784856,7,TIME,2023
TSLA,2023-09-18,2023-09-25,271.1600036621094,246.9900054931641,11.205643355745561,-270.8403793902241,-8.913555776117832,7,TIME,2023
NEE,2023-10-19,2023-10-24,48.73762272377689,50.420745849609375,61.233069048447476,103.06279458113947,3.4534370610804777,5,TIME,2023
AMD,2023-11-01,2023-11-06,98.58000183105467,111.75,30.482518975484705,401.45471909197477,13.359705745913786,3,TIME,2023
NVDA,2023-11-03,2023-11-08,43.93802583979857,46.48727798461914,68.39102847667262,174.3459760306424,5.801926909769084,5,TIME,2023
TSLA,2023-11-13,2023-11-20,215.6000061035156,235.6000061035156,14.47183129459145,289.436625891829,9.276437585255648,5,TIME,2023
LLY,2023-11-15,2023-11-20,599.5291089055947,586.4959106445312,5.204295953433476,-67.82862097034894,-2.1739058316709303,5,TIME,2023
TSLA,2023-11-20,2023-11-27,234.0399932861328,236.0800018310547,13.520973368677492,27.582901207763193,0.8716495485572073,7,TIME,2023
TSLA,2023-11-27,2023-12-04,236.88999938964844,235.5800018310547,13.381591054228917,-17.529851611139847,-0.552998253184589,7,TIME,2023
AMD,2024-01-16,2024-01-22,150.36000061035156,168.17999267578125,21.05918537837908,375.2745163471281,11.851550939806831,6,TIME,2024
AMD,2024-01-22,2024-01-29,174.38999938964844,177.8300018310547,18.58772888904788,63.941832758522196,1.9725915783278758,7,TIME,2024
AMD,2024-01-29,2024-02-05,178.77000427246094,174.22999572753906,18.20385030146264,-82.64563591911904,-2.5395807106445623,7,TIME,2024
META,2024-02-06,2024-02-12,459.9608117036845,464.818115234375,7.0392372276047865,34.19171183901275,1.0560255150214193,3,TIME,2024
TSLA,2024-02-09,2024-02-14,190.17999267578125,188.7100067138672,17.02478385570056,-25.026193272500986,-0.772944588561475,2,TIME,2024
META,2024-02-12,2024-02-20,464.11430441271233,467.6434020996094,6.99097524144921,24.671834553752923,0.7603940782137109,5,TIME,2024
AMD,2024-02-14,2024-02-20,173.47000122070312,165.69000244140625,18.6753118689121,-145.29390354312457,-4.484924612065056,5,TIME,2024
TSLA,2024-02-15,2024-02-20,189.16000366210935,193.75999450683597,17.12627569242387,78.78071138941385,2.4317988769673837,5,TIME,2024
NVDA,2024-02-15,2024-02-20,73.73794078168315,69.32877349853516,43.9340499389417,-193.71257560697185,-5.979509647824677,5,TIME,2024
TSLA,2024-02-20,2024-02-26,196.1300048828125,199.3999938964844,16.27744611520976,53.227069967372316,1.6672558671610327,4,TIME,2024
NVDA,2024-02-22,2024-02-27,74.89189108055353,78.56135559082031,42.62805411899623,156.42213173138822,4.899682004717865,5,TIME,2024
AMD,2024-02-22,2024-02-27,173.1999969482422,178.0,18.432422877061768,88.475686061187,2.7713643974209834,5,TIME,2024
NVDA,2024-02-27,2024-03-04,79.24014935736925,85.08576965332031,41.04132299070879,239.91199064717037,7.377093990052441,4,TIME,2024
TSLA,2024-02-27,2024-03-04,204.0399932861328,188.13999938964844,15.938642769151773,-253.424322747758,-7.792586953375958,4,TIME,2024
AMD,2024-02-29,2024-03-05,179.82000732421875,205.1300048828125,18.08542114973983,457.74196514605484,14.075184366420013,1,TIME,2024
NVDA,2024-03-04,2024-03-11,83.98073146925641,85.62582397460938,38.69242432565884,63.65261727207803,1.9588928038275055,6,TIME,2024
AMD,2024-03-05,2024-03-11,200.5,198.38999938964844,16.663174514797458,-35.159308396617234,-1.052369381721474,6,TIME,2024
NVDA,2024-03-11,2024-03-18,86.27969121669621,88.30219268798828,38.7885619987518,78.44992371177935,2.3441222873786804,7,TIME,2024
AMD,2024-03-11,2024-03-18,203.00999450683597,190.6499938964844,16.485223597596274,-203.75737372807194,-6.088370496426654,7,TIME,2024
NVDA,2024-03-22,2024-03-27,90.9835569272488,90.09410095214844,36.507735838957196,-32.472023779346074,-0.9776007941869946,5,TIME,2024
TSLA,2024-03-27,2024-04-01,181.41000366210935,175.22000122070312,18.27412595948959,-113.11688430380538,-3.4121615767869096,5,TIME,2024
AVGO,2024-03-27,2024-04-01,132.0885060207032,132.11398315429688,25.097636101003772,0.6394158278308971,0.019287926225541874,5,TIME,2024
TSLA,2024-04-01,2024-04-08,176.1699981689453,172.97999572753906,18.689980120111453,-59.62108221298981,-1.8107523838122974,7,TIME,2024
GE,2024-04-10,2024-04-15,149.63463055370747,151.68711853027344,21.92466767188323,45.00011678674496,1.3716664177075621,5,TIME,2024
GE,2024-04-15,2024-04-22,155.14128200065227,148.2230987548828,21.204475868895933,-146.69644969151855,-4.459279410711825,7,TIME,2024
GE,2024-04-23,2024-04-29,155.7630178988954,162.3358154296875,20.931478630122424,137.578371055896,4.219742028276863,6,TIME,2024
TSLA,2024-04-29,2024-05-06,188.4199981689453,184.75999450683597,17.44966556987887,-63.86583988834005,-1.9424709148057828,3,TIME,2024
NVDA,2024-05-03,2024-05-08,87.6373400551101,90.2558135986328,37.51672463652747,98.23655090037335,2.9878514590653715,2,TIME,2024
AVGO,2024-05-03,2024-05-08,123.18477585095567,129.6786346435547,26.690521876691612,173.32448016801015,5.271640710257985,2,TIME,2024
TSLA,2024-05-06,2024-05-13,183.8000030517578,171.88999938964844,17.81878526860174,-212.22179780338732,-6.479871308138952,4,TIME,2024
NVDA,2024-05-08,2024-05-13,89.32841761603471,90.24283599853516,37.27150980410578,34.081753708419825,1.0236589955403996,4,TIME,2024
META,2024-05-09,2024-05-14,466.40290121752565,468.23876953125,7.138474019501205,13.105298260746741,0.3936228331624658,5,TIME,2024
META,2024-05-14,2024-05-20,459.8236590968153,465.2518615722656,7.168830873707603,38.91386549474449,1.1804965595098915,5,TIME,2024
NVDA,2024-05-14,2024-05-20,89.44421267221655,94.61626434326172,36.85423511831512,190.61200832877321,5.782433001002563,5,TIME,2024
AMD,2024-05-15,2024-05-20,155.58999633789062,166.3300018310547,21.186439497278155,227.54247658135543,6.902760939617414,5,TIME,2024
AMD,2024-05-20,2024-05-28,165.5500030517578,171.61000061035156,20.46397856493094,124.01166014259633,3.660523978787933,4,TIME,2024
TSLA,2024-05-24,2024-05-29,174.83999633789062,176.19000244140625,19.376640270160145,26.158582630342845,0.7721380300801606,1,TIME,2024
AMD,2024-05-28,2024-06-03,169.4199981689453,163.5500030517578,20.142923402117447,-118.23886201631123,-3.4647592849894604,5,TIME,2024
NVDA,2024-05-29,2024-06-03,112.8547051589029,114.80133819580078,30.285363446899087,58.95448902019318,1.7249019738760252,5,TIME,2024
NVDA,2024-06-03,2024-06-10,113.42472260342709,121.5796127319336,30.028628764994465,244.88016828823996,7.189693694044896,7,TIME,2024
NVDA,2024-06-10,2024-06-17,120.16206756268632,130.7644805908203,28.75254222540774,304.84632828263585,8.823427595071065,7,TIME,2024
TSLA,2024-06-17,2024-06-24,177.9199981689453,182.5800018310547,19.761320949466178,92.0878279926311,2.6191567615037936,7,TIME,2024
NVDA,2024-06-17,2024-06-24,132.77118307637525,117.9156494140625,26.48115431134223,-393.39167928904294,-11.188823747821285,7,TIME,2024
AVGO,2024-06-17,2024-06-24,176.11801814865436,156.28184509277344,19.96351210457808,-395.9996809095843,-11.263000381447618,7,TIME,2024
ADBE,2024-06-17,2024-06-24,525.510009765625,524.1699829101562,6.690518014515182,-8.965473816447805,-0.25499549591194715,7,TIME,2024
AVGO,2024-06-24,2024-07-01,161.1738513202931,161.0511474609375,20.938138279230756,-2.5691903745827522,-0.0761313689227161,6,TIME,2024
TSLA,2024-06-25,2024-07-01,184.3999938964844,209.8600006103516,18.300870377657933,465.9402826847841,13.806945529596671,6,TIME,2024
TSLA,2024-07-01,2024-07-08,201.0200042724609,252.94000244140625,17.248803754390984,895.5578593444774,25.82827433361974,5,TIME,2024
AMD,2024-07-03,2024-07-08,164.1999969482422,178.69000244140625,21.116654499667668,305.98043969743213,8.82460765071238,5,TIME,2024
TSLA,2024-07-08,2024-07-15,247.7100067138672,252.63999938964844,14.96775327487542,73.79091401803664,1.990227500771069,6,TIME,2024
AMD,2024-07-08,2024-07-15,174.89999389648438,179.8300018310547,21.198755823886994,104.5100344147815,2.818758208469796,6,TIME,2024
AVGO,2024-07-08,2024-07-15,167.35261755541237,168.2556610107422,22.15479099383222,20.00673901118027,0.539605217128325,6,TIME,2024
NVDA,2024-07-09,2024-07-15,130.1355144487565,128.22865295410156,28.49077963011292,-54.32797062936186,-1.465289089402122,6,TIME,2024
TSLA,2024-07-15,2024-07-22,255.97000122070312,251.50999450683597,14.59725041901362,-65.10383487280095,-1.7423943011281362,7,TIME,2024
AMD,2024-07-15,2024-07-22,184.4499969482422,155.8699951171875,20.257296120326306,-578.9535602111429,-15.4947152637115,7,TIME,2024
GE,2024-07-31,2024-08-05,168.9176682192586,156.55062866210938,21.35742676647796,-264.1281416599503,-7.321341626085287,5,TIME,2024
META,2024-08-07,2024-08-12,499.77508903606014,512.5096435546875,7.11284171262197,90.5788705717513,2.548057075671606,3,TIME,2024
LLY,2024-08-09,2024-08-14,846.940605238381,917.5321655273438,4.197249580712337,296.29039682467874,8.334889111745202,1,TIME,2024
META,2024-08-12,2024-08-19,513.4135489736507,525.7506103515625,6.959179167518944,85.85582052956651,2.4029481501947947,4,TIME,2024
NVDA,2024-08-13,2024-08-19,112.25498947976828,129.7860565185547,31.828757820901558,557.9920871195222,15.617182915460548,4,TIME,2024
AVGO,2024-08-13,2024-08-19,148.752427355665,164.61416625976562,24.019351736671528,380.9886858928399,10.663179879529249,4,TIME,2024
LLY,2024-08-14,2024-08-19,896.181389740803,909.0804443359376,4.052968512049609,52.27946210928958,1.4393352442707341,4,TIME,2024
AMD,2024-08-15,2024-08-20,143.0,156.39999389648438,25.399964711219113,340.3593721012546,9.370625102436625,1,TIME,2024
NVDA,2024-08-19,2024-08-26,124.07546881304408,126.25191497802734,31.010305273414982,67.49225998728424,1.7541309219332613,6,TIME,2024
AVGO,2024-08-19,2024-08-26,161.816769802881,156.6734619140625,23.77762310742946,-122.29563650579495,-3.1784764305231694,6,TIME,2024
TSLA,2024-08-19,2024-08-26,217.07000732421875,213.2100067138672,17.725240867052268,-68.41944056545022,-1.7782284424887052,6,TIME,2024
LLY,2024-08-19,2024-08-26,909.3861610444304,937.4039306640624,4.231005847302081,118.54334708902543,3.080954034692329,6,TIME,2024
AMD,2024-08-20,2024-08-26,156.49000549316406,149.99000549316406,25.02198160780227,-162.64288045071476,-4.153619893817395,6,TIME,2024
NVDA,2024-08-26,2024-09-03,129.35680584239554,107.82229614257812,30.0117612203233,-646.2885631076564,-16.647372791544047,8,TIME,2024
TSLA,2024-08-26,2024-09-03,218.75,210.6000061035156,17.747316887614616,-144.6405243130337,-3.725711495535722,8,TIME,2024
AVGO,2024-08-26,2024-09-03,161.9148986331829,149.96954345703125,23.97695086701597,-286.413194147643,-7.377551588513032,8,TIME,2024
AMD,2024-08-26,2024-09-03,154.6999969482422,136.94000244140625,25.095188401746185,-445.69040816302515,-11.480281097082301,8,TIME,2024
TSLA,2024-09-10,2024-09-16,220.07000732421875,226.77999877929688,16.2567315497413,109.08252978626308,3.0490258698417705,3,TIME,2024
AVGO,2024-09-13,2024-09-18,163.66205254996433,158.68563842773438,21.859795691656846,-108.78339598902264,-3.040664616320088,1,TIME,2024
TSLA,2024-09-16,2024-09-23,229.3000030517578,250.0,15.697494501839197,324.9380882831199,9.027473472632174,4,TIME,2024
ORCL,2024-09-16,2024-09-23,161.4413910321494,162.38076782226562,22.295617710949283,20.943985798970054,0.5818686175276921,4,TIME,2024
NVDA,2024-09-17,2024-09-23,117.98564481894722,116.07861328125,30.507402342887808,-58.17857840110516,-1.6163250543094643,4,TIME,2024
AMD,2024-09-17,2024-09-23,153.5500030517578,156.75,23.441455328160433,75.01258551246896,2.084009693678457,4,TIME,2024
AVGO,2024-09-19,2024-09-24,165.12599903759138,172.17697143554688,21.13932488846283,149.05279629996494,4.270055859798494,1,TIME,2024
TSLA,2024-09-23,2024-09-30,242.6100006103516,261.6300048828125,15.045637298686932,286.16808570292267,7.83974453839944,6,TIME,2024
NVDA,2024-09-23,2024-09-30,116.3681617373498,121.25054931640624,31.367876055792173,153.15012843618166,4.195638657656464,6,TIME,2024
ORCL,2024-09-23,2024-09-30,163.63323656837,166.73504638671875,22.307338965897756,69.19312302565542,1.8955866689422507,6,TIME,2024
AMD,2024-09-23,2024-09-30,156.4499969482422,164.0800018310547,23.33155733729516,178.01989640718188,4.876960710543643,6,TIME,2024
AVGO,2024-09-24,2024-09-30,170.17789199629934,169.8726043701172,21.62462227207271,-6.601729600526719,-0.1793932352792238,6,TIME,2024
AVGO,2024-09-30,2024-10-07,169.25219526745488,172.41331481933594,22.546345873042956,71.27169476274888,1.867697814427638,3,TIME,2024
TSLA,2024-09-30,2024-10-07,259.0400085449219,240.8300018310547,14.731386690832664,-268.25865054463657,-7.029804707062947,3,TIME,2024
NVDA,2024-10-04,2024-10-09,124.7450859792245,132.44305419921875,30.59053191808594,235.48494253814536,6.170959087940586,5,TIME,2024
NVDA,2024-10-09,2024-10-14,133.9007832398008,137.85459899902344,28.556353735252294,112.90656142437669,2.9527950946648396,5,TIME,2024
NVDA,2024-10-15,2024-10-21,137.654906403531,143.48580932617188,27.9416080719467,162.92480417000024,4.23588455724766,4,TIME,2024
AVGO,2024-10-17,2024-10-22,178.60750907224036,176.6478271484375,21.534925736813666,-42.20160469687076,-1.0972001871490389,5,TIME,2024
TSLA,2024-10-24,2024-10-29,244.67999267578125,259.5199890136719,15.818392184322214,234.74488208665935,6.065063258995074,5,TIME,2024
TSLA,2024-10-29,2024-11-04,264.510009765625,242.83999633789065,14.809999302827975,-320.93288375701854,-8.192511673541404,6,TIME,2024
TSLA,2024-11-04,2024-11-11,244.55999755859372,350.0,15.755669455080609,1661.2778258096898,43.114165641968526,7,TIME,2024
TSLA,2024-11-11,2024-11-18,346.29998779296875,338.739990234375,12.086232157572843,-91.37188560384796,-2.183077627803265,7,TIME,2024
TSLA,2024-11-18,2024-11-25,340.7300109863281,338.5899963378906,12.230175027573083,-26.1727537119609,-0.6280675547899905,7,TIME,2024
TSLA,2024-11-29,2024-12-04,336.0799865722656,357.92999267578125,12.38381720737297,270.58648156592125,6.501430307221612,5,TIME,2024
TSLA,2024-12-05,2024-12-10,359.8699951171875,400.989990234375,11.715537483772634,481.7428441279578,11.426347201799159,5,TIME,2024
TSLA,2024-12-10,2024-12-16,392.6799926757813,463.0199890136719,10.982018606348126,772.4751485531732,17.912803720551974,4,TIME,2024
AVGO,2024-12-12,2024-12-17,178.1741866560525,236.57098388671875,24.203388082420553,1413.4003461442367,32.77511648945839,1,TIME,2024
TSLA,2024-12-16,2024-12-23,441.0899963378906,430.6000061035156,10.126990076181407,-106.2320270027555,-2.3781972661967354,6,TIME,2024
AVGO,2024-12-17,2024-12-23,236.9845849433108,229.424072265625,20.041784937116105,-151.52616910051876,-3.190297242115714,6,TIME,2024
AVGO,2024-12-23,2024-12-30,223.83534381678237,232.6134033203125,20.98883208306204,184.24121693472082,3.921659266963351,7,TIME,2024
TSLA,2024-12-23,2024-12-30,431.0,417.4100036621094,10.900330500289801,-148.1354515807359,-3.153131400902698,7,TIME,2024
BA,2024-12-23,2024-12-30,178.1199951171875,176.5500030517578,26.37571622733315,-41.4096651969381,-0.8814238201594216,7,TIME,2024
NVDA,2025-01-02,2025-01-07,135.79717669922962,139.93099975585938,34.58821294981282,142.98155217955596,3.0441156120539548,1,TIME,2025
AVGO,2025-01-06,2025-01-13,233.52180065326024,222.4530029296875,20.11367526507953,-222.63420298679367,-4.739941920886437,7,TIME,2025
AMD,2025-01-06,2025-01-13,129.07000732421875,117.31999969482422,36.390961486952435,-427.59407511269364,-9.103592595202215,7,TIME,2025
TSLA,2025-01-17,2025-01-22,421.5,415.1099853515625,10.902805030776577,-69.66908385572039,-1.5160177101868344,5,TIME,2025
NFLX,2025-01-22,2025-01-27,99.8030014038086,97.18900299072266,45.906420040052474,-119.99930913515365,-2.619158117810061,4,TIME,2025
NVDA,2025-01-23,2025-01-28,144.83369562852502,128.79763793945312,31.63351237996607,-507.27682943310595,-11.072048958967251,1,TIME,2025
AVGO,2025-01-23,2025-01-28,235.40776470049263,204.748779296875,19.462393305209428,-596.6972322638815,-13.023778311911173,1,TIME,2025
NFLX,2025-01-27,2025-02-03,97.11000061035156,97.8939971923828,46.9323304832554,36.79478668563261,0.8073283669073117,4,TIME,2025
META,2025-01-27,2025-02-03,623.5280757089856,694.0296020507812,7.309371974456665,515.3218807991393,11.306872791835643,4,TIME,2025
ORCL,2025-01-28,2025-02-03,160.23592293924344,165.7511444091797,27.0651159239688,149.2701084301862,3.441938217578988,4,TIME,2025
NEE,2025-01-28,2025-02-03,68.64422872185861,67.4294662475586,63.17798175149096,-76.74624143372245,-1.7696498262397942,4,TIME,2025
BA,2025-01-30,2025-02-04,174.58999633789062,176.22999572753906,22.31063798934612,36.58943268519488,0.9393432751292785,1,TIME,2025
NFLX,2025-02-03,2025-02-10,97.3000030517578,102.76000213623048,45.855414146879596,250.3705192600784,5.611509674432691,7,TIME,2025
NVDA,2025-02-10,2025-02-18,129.89599772289156,139.19212341308594,34.790324613855695,323.41523041306556,7.156591313941707,6,TIME,2025
AVGO,2025-02-10,2025-02-18,224.56603020047768,225.6521759033203,20.123809121021925,21.85738880162326,0.4836642932472879,6,TIME,2025
ORCL,2025-02-10,2025-02-18,173.02608551932204,176.7618865966797,26.11816543879103,97.57227058484087,2.1590970321873515,6,TIME,2025
BA,2025-02-12,2025-02-18,178.33999633789062,184.97000122070312,25.339935065704115,168.00389321576998,3.717620847233283,6,TIME,2025
AVGO,2025-02-18,2025-02-24,227.20241250589544,205.3115692138672,20.428012327125643,-447.1864166207288,-9.634951957853977,6,TIME,2025
NVDA,2025-02-18,2025-02-24,141.05934526698334,130.08570861816406,32.90312793270471,-361.0669705431178,-7.779446748494012,6,TIME,2025
UNH,2025-03-07,2025-03-12,465.8975502270383,465.2582702636719,9.61508169297597,-6.146729072451084,-0.13721470805221347,5,TIME,2025
AMD,2025-03-17,2025-03-24,102.5999984741211,113.8499984741211,43.649256596289845,491.0541367082608,10.964912443773178,4,TIME,2025
COP,2025-03-17,2025-03-24,94.624061644371,97.4270248413086,47.32848688114066,132.66000689458116,2.9622097680313875,4,TIME,2025
BA,2025-03-19,2025-03-24,165.32000732421875,180.8999938964844,27.089362822208077,422.0519090212342,9.424138568848983,4,TIME,2025
AVGO,2025-03-20,2025-03-25,189.68048276833616,186.4517974853516,23.61030294110708,-76.23023763275977,-1.702170532182734,1,TIME,2025
NVDA,2025-03-20,2025-03-25,116.3868956857552,120.5210952758789,38.478676089682466,159.07852691846787,3.5521177584167507,1,TIME,2025
TSLA,2025-03-24,2025-03-31,258.0799865722656,259.1600036621094,18.163232775076484,19.616601803892724,0.4184815351969684,6,TIME,2025
NFLX,2025-03-24,2025-03-31,96.96700286865234,93.25299835205078,48.34187643244234,-179.5419474110855,-3.830173571139872,6,TIME,2025
AMD,2025-03-24,2025-03-31,109.7300033569336,102.73999786376952,42.71909894555267,-298.6067362924329,-6.370186165425274,6,TIME,2025
NVDA,2025-03-25,2025-03-31,120.38129181712452,108.22832489013672,39.07697331994107,-474.9011643640285,-10.095395009923802,6,TIME,2025
ORCL,2025-03-25,2025-03-31,151.899196129678,137.4475860595703,30.968804631078118,-447.5490888656858,-9.513947695793057,6,TIME,2025
TSLA,2025-03-31,2025-04-07,249.30999755859372,233.2899932861328,17.760780172849973,-284.52777425129557,-6.425736805318383,7,TIME,2025
BA,2025-03-31,2025-04-07,170.64999389648438,138.86000061035156,25.947496161165514,-824.8707287554087,-18.62876907303993,7,TIME,2025
WMT,2025-04-09,2025-04-14,82.24286365100548,93.49412536621094,51.14194927329945,575.4114558996538,13.680532529788557,3,TIME,2025
UNH,2025-04-10,2025-04-15,561.1220666878378,564.3617553710938,7.495802804116972,24.28406751641607,0.5773589875691432,1,TIME,2025
AVGO,2025-04-11,2025-04-16,171.9523950141319,172.93289184570312,24.460609348214838,23.98354996422626,0.5702141173960618,1,TIME,2025
WMT,2025-04-14,2025-04-21,92.0531663679569,91.20439910888672,46.94181441665974,-39.84267515820964,-0.9220402649458892,4,TIME,2025
NFLX,2025-04-15,2025-04-21,95.0,98.79100036621094,45.53683648014547,172.63016377231904,3.990526701274666,4,TIME,2025
UNH,2025-04-15,2025-04-21,572.7267175736165,411.3161315917969,7.553339721850446,-1219.188990623635,-28.182828045047927,4,TIME,2025
AVGO,2025-04-17,2025-04-22,174.55712880982253,167.95118713378906,24.81019368922483,-163.89469248211282,-3.7844009700861547,1,TIME,2025
BA,2025-04-17,2025-04-22,157.1300048828125,162.52000427246094,27.561866231955957,148.5584421678145,3.4302801642934533,1,TIME,2025
MS,2025-04-21,2025-04-28,104.17744272661852,111.5856475830078,39.485667602720966,292.51791449225016,7.111141013347599,6,TIME,2025
GS,2025-04-21,2025-04-28,490.5669456363257,530.3637084960938,8.38522838074429,333.70494539347715,8.112402030704846,6,TIME,2025
BAC,2025-04-21,2025-04-28,35.884071451896425,38.50737380981445,102.5233516027486,268.9497500011495,7.310492515975042,6,TIME,2025
AVGO,2025-04-22,2025-04-28,165.82182880098026,190.62136840820312,24.78834454343927,614.739532302509,14.955533771725161,6,TIME,2025
AAPL,2025-04-22,2025-04-28,194.921085932704,208.8553771972656,21.087757671127594,293.8429575059853,7.148683375062048,6,TIME,2025
TSLA,2025-04-28,2025-05-05,288.9800109863281,280.260009765625,15.47234921135258,-134.91890401013953,-3.0175101699735474,7,TIME,2025
AVGO,2025-04-28,2025-05-05,188.6999992714509,198.79209899902344,23.6947517877253,239.12979806180124,5.348224571561722,7,TIME,2025
NKE,2025-04-28,2025-05-05,55.2313064862207,54.86775207519531,80.95408074760036,-29.43121314629574,-0.6582397450911159,7,TIME,2025
AAPL,2025-04-28,2025-05-05,208.71623364812055,197.67416381835935,21.42238563301727,-236.54747807984987,-5.290470049578067,7,TIME,2025
MS,2025-04-28,2025-05-05,111.63381102505566,116.14196014404295,40.05237843288728,180.56209454556637,4.038336663052244,7,TIME,2025
TSLA,2025-05-05,2025-05-12,284.57000732421875,318.3800048828125,15.725334326806765,531.6735151974073,11.881082576658564,7,TIME,2025
NVDA,2025-05-05,2025-05-12,112.75199823422923,122.82786560058594,39.68850729597697,399.89613548294426,8.936309355179016,7,TIME,2025
AMD,2025-05-05,2025-05-12,99.0,108.12000274658205,45.20160105611303,412.2387257816567,9.212123986446507,7,TIME,2025
META,2025-05-05,2025-05-12,588.8354461921188,636.85107421875,7.599675823685297,364.90320747305566,8.154337232437125,7,TIME,2025
AVGO,2025-05-05,2025-05-12,198.3266121086913,219.4517517089844,22.563580635879084,476.6587908154157,10.651691861057767,7,TIME,2025
TSLA,2025-05-12,2025-05-19,321.989990234375,342.0899963378906,15.255233791366743,306.63029231702933,6.242431974014129,7,TIME,2025
AMD,2025-05-12,2025-05-19,110.41999816894533,114.73999786376952,44.48499059010808,192.1751457735239,3.9123345104701723,7,TIME,2025
NVDA,2025-05-12,2025-05-19,121.79930827024248,135.3802947998047,40.32890374555085,547.7062985203371,11.15029857101435,7,TIME,2025
META,2025-05-12,2025-05-19,628.3753866174048,637.8470458984375,7.817035301059691,74.04029495944194,1.5073249975654512,7,TIME,2025
AVGO,2025-05-12,2025-05-19,217.3818295426096,228.41482543945312,22.596334706726008,249.3052681030108,5.075399319279761,7,TIME,2025
TSLA,2025-05-19,2025-05-27,336.29998779296875,362.8900146484375,15.420767849187477,410.0386312418441,7.906639256804837,8,TIME,2025
AMD,2025-05-19,2025-05-27,115.0199966430664,114.55999755859376,45.08784725088561,-20.740368456249712,-0.3999296625786908,8,TIME,2025
META,2025-05-19,2025-05-27,625.7161768945482,639.7294311523438,8.288109259342274,116.14338236755286,2.239554413846845,8,TIME,2025
AVGO,2025-05-19,2025-05-27,219.7191577202822,233.38661193847656,23.602876022500045,322.5912274552369,6.220419903299468,8,TIME,2025
NVDA,2025-05-19,2025-05-27,132.20473687113784,135.31036376953125,39.227066761570086,121.82463367980614,2.3491041031461046,8,TIME,2025
TSLA,2025-05-27,2025-06-02,347.3500061035156,342.69000244140625,15.47711370730614,-72.12340655492982,-1.3415873269685852,6,TIME,2025
AMD,2025-05-27,2025-06-02,113.18000030517578,114.62999725341795,47.49934198800092,68.87390092611265,1.281142378805833,6,TIME,2025
GOOGL,2025-05-27,2025-06-02,169.36194132235366,168.2372283935547,31.742524316400424,-35.70122749137127,-0.6640883542178178,6,TIME,2025
NVDA,2025-05-27,2025-06-02,133.96224703921547,137.187744140625,40.130526767917345,129.44089776795497,2.4077657494542493,6,TIME,2025
AVGO,2025-05-27,2025-06-02,230.63331462000428,246.3211669921875,23.309622677691298,365.6779194189151,6.802075579597333,6,TIME,2025
AVGO,2025-06-06,2025-06-11,248.72784365167303,250.4808349609375,21.980688117762142,38.53195524208991,0.7047828998668182,5,TIME,2025
AMD,2025-06-11,2025-06-16,124.44000244140624,126.38999938964844,43.99642752447922,85.79289940629369,1.5670177675867425,5,TIME,2025
AMD,2025-06-16,2025-06-23,118.63999938964844,129.5800018310547,46.291926472479396,506.43378862632323,9.221175402636405,3,TIME,2025
ORCL,2025-06-17,2025-06-23,207.8443858835897,204.2727508544922,26.423971497198046,-94.37678220726664,-1.7184178508905856,3,TIME,2025
TSLA,2025-06-20,2025-06-25,327.95001220703125,327.54998779296875,16.74668066477619,-6.699081120418893,-0.12197725237771406,2,TIME,2025
AMD,2025-06-23,2025-06-30,130.47000122070312,141.89999389648438,42.72618592449167,488.3599921810078,8.760628932965409,3,TIME,2025
ORCL,2025-06-23,2025-06-30,202.76320163894977,215.70787048339844,27.4925898026143,355.8824706711086,6.384131213068223,3,TIME,2025
NKE,2025-06-27,2025-07-02,67.21304664739225,73.5693359375,82.91761780622336,527.0483660229455,9.45692779476821,2,TIME,2025
AMD,2025-06-30,2025-07-07,144.0,134.8000030517578,39.87495976438026,-366.84950814357836,-6.388886769612634,5,TIME,2025
ORCL,2025-07-02,2025-07-07,214.77053876404943,229.1556854248047,27.226284912845532,391.6541014987911,6.697914315221332,5,TIME,2025
NKE,2025-07-02,2025-07-07,70.46823169063742,73.70417785644531,82.97929065321281,268.5165174307224,4.592063811128422,5,TIME,2025
AMD,2025-07-07,2025-07-14,136.55999755859375,146.24000549316406,43.24888845211365,418.64958337780644,7.088465222340767,7,TIME,2025
ORCL,2025-07-07,2025-07-14,231.9675993039156,226.6961975097656,25.460745893630666,-134.2138215840818,-2.2724733152251986,7,TIME,2025
NKE,2025-07-07,2025-07-14,73.23227284825762,69.58220672607422,80.64843369903755,-294.37211565201136,-4.984231651182802,7,TIME,2025
ORCL,2025-07-14,2025-07-21,226.86427993600736,240.7955017089844,26.024726467852346,362.5562360047165,6.140773583618664,5,TIME,2025
AMD,2025-07-15,2025-07-21,153.75,157.0,38.40052572787561,124.80170861559573,2.1138211382113914,5,TIME,2025
TSLA,2025-07-16,2025-07-21,312.79998779296875,328.489990234375,18.87493945354172,296.1478461074648,5.015985630981201,5,TIME,2025
TSLA,2025-07-21,2025-07-28,334.3999938964844,325.5899963378906,18.124348383458955,-159.67546500937598,-2.634568695991346,7,TIME,2025
AMD,2025-07-21,2025-07-28,157.6199951171875,173.66000366210938,38.45186002131489,616.7681633100307,10.176379293119787,7,TIME,2025
AMD,2025-07-28,2025-08-04,169.0800018310547,176.77999877929688,36.38632873102202,280.17462018660655,4.554055396767764,7,TIME,2025
AMD,2025-08-04,2025-08-11,174.61000061035156,172.27999877929688,35.55486759522888,-82.84290659979025,-1.3344034264418658,4,TIME,2025
TSLA,2025-08-07,2025-08-12,319.7900085449219,340.8399963378906,19.413475363886466,408.6534194289097,6.582440736265771,5,TIME,2025
TSLA,2025-08-12,2025-08-18,345.0,335.1600036621094,18.183761029187558,-178.92814193628382,-2.8521728515624956,3,TIME,2025
UNH,2025-08-14,2025-08-19,265.002735002078,296.3044128417969,23.67295399808049,741.0031795624005,11.81183199466731,1,TIME,2025
AVGO,2025-08-15,2025-08-20,308.7676129160397,289.0521240234375,20.31753750279364,-400.5701849613566,-6.385219196536407,1,TIME,2025
TSLA,2025-08-18,2025-08-25,329.6199951171875,346.6000061035156,18.923645467760036,321.3237079439438,5.151389854335542,4,TIME,2025
UNH,2025-08-19,2025-08-25,300.8428683153138,296.9082336425781,21.226404994589902,-83.51814906924331,-1.3078703493186294,4,TIME,2025
LLY,2025-08-21,2025-08-26,700.7802977632224,731.4170532226562,8.998110457342237,275.67290967856866,4.3718060506583,1,TIME,2025
UNH,2025-08-25,2025-09-02,300.4435560517388,300.7454833984375,21.146266942345452,6.384636270484288,0.10049386669044313,7,TIME,2025
LLY,2025-08-26,2025-09-02,711.7510457527129,730.582275390625,9.003701866761725,169.5507774442878,2.645760726350188,7,TIME,2025
AVGO,2025-09-05,2025-09-10,353.1921367444998,366.8818359375,18.243841330809612,249.75269994360795,3.8759920645977886,5,TIME,2025
TSLA,2025-09-05,2025-09-10,348.0,347.7900085449219,18.516038224299614,-3.888209809002858,-0.0603423721488916,5,TIME,2025
ORCL,2025-09-10,2025-09-15,315.5929607619938,298.7351379394531,20.573190810107242,-346.8192055711104,-5.341634611189605,4,TIME,2025
AVGO,2025-09-10,2025-09-15,348.9631095115502,361.4417114257813,18.605846930843803,232.17495712711818,3.5759086201683665,4,TIME,2025
TSLA,2025-09-11,2025-09-16,350.1700134277344,421.6199951171875,18.54171959650998,1324.8055256616124,20.404369006370814,1,TIME,2025
ORCL,2025-09-15,2025-09-22,302.9965652670561,324.4519958496094,21.352800962255106,458.13353878874125,7.081080461635869,4,TIME,2025
AVGO,2025-09-15,2025-09-22,357.2524052685907,336.9019470214844,18.109956028232258,-368.54590400947166,-5.696381031166564,4,TIME,2025
TSLA,2025-09-16,2025-09-22,414.5,434.2099914550781,16.24797697352644,320.24748731051227,4.755124597123794,4,TIME,2025
ADBE,2025-09-18,2025-09-23,366.8599853515625,361.7799987792969,18.357920526744703,-93.25798977058258,-1.3847208131455013,1,TIME,2025
ORCL,2025-09-22,2025-09-29,306.1407128681622,279.5735168457031,22.26673288920008,-591.5646574471153,-8.678099614245072,7,TIME,2025
TSLA,2025-09-22,2025-09-29,431.1099853515625,443.2099914550781,15.812098331208276,191.32648631700937,2.8067097758471826,7,TIME,2025
AMD,2025-09-22,2025-09-29,157.4199981689453,161.36000061035156,43.30297013870393,170.6138080666354,2.5028601748411816,7,TIME,2025
TSLA,2025-09-29,2025-10-06,444.3500061035156,453.25,15.195627133185795,135.24098873860592,2.0029242205998887,7,TIME,2025
AMD,2025-10-06,2025-10-13,226.4499969482422,216.4199981689453,29.936963119831923,-300.26770354776977,-4.429233347081629,7,TIME,2025
AMD,2025-10-13,2025-10-20,220.1999969482422,240.55999755859372,30.51394986165853,621.2640378076038,9.246140278165903,7,TIME,2025
ORCL,2025-10-13,2025-10-20,295.8464187128292,274.531982421875,22.711688367396324,-484.086834766874,-7.204561198911652,7,TIME,2025
AVGO,2025-10-13,2025-10-20,350.8040366415935,347.2936706542969,19.15363269688031,-67.23626075230086,-1.000662940171082,7,TIME,2025
AMD,2025-10-20,2025-10-27,236.47000122070312,259.6700134277344,28.473632258281633,660.5886159706527,9.81097479057318,3,TIME,2025
CRM,2025-10-21,2025-10-27,252.803504151519,253.76702880859372,26.633965686006302,25.662482654148928,0.3811357996435172,3,TIME,2025
AVGO,2025-10-24,2025-10-29,350.5455270010784,383.8289794921875,19.207661590994984,639.2972920291821,9.494758862236651,1,TIME,2025
AMD,2025-10-27,2025-11-03,257.8800048828125,259.6499938964844,26.641887484532838,47.155848151105346,0.6863614782682381,5,TIME,2025
TSLA,2025-10-28,2025-11-03,454.7799987792969,468.3699951171875,15.107106937508163,205.305527956858,2.988257261614047,5,TIME,2025
CRM,2025-10-28,2025-11-03,253.76703478712363,259.597900390625,27.073690167684777,157.86304875860628,2.2977238191685068,5,TIME,2025
NVDA,2025-10-28,2025-11-03,192.8040950113927,206.61648559570312,35.634150167778856,492.1928002573328,7.163950840097177,5,TIME,2025
AVGO,2025-10-29,2025-11-03,371.1102485015621,360.529541015625,18.857656346763616,-199.52734567543155,-2.851095470593712,5,TIME,2025
AMD,2025-11-03,2025-11-10,259.3299865722656,243.97999572753903,27.528122001058534,-422.5564206887652,-5.919095993339408,5,TIME,2025
TSLA,2025-11-05,2025-11-10,452.0499877929688,445.2300109863281,15.792208166508523,-107.70249342122969,-1.5086775778797579,5,TIME,2025
AVGO,2025-11-05,2025-11-10,348.93452000871264,356.39276123046875,20.459046323980637,152.58850265133023,2.137432897602065,5,TIME,2025
NVDA,2025-11-05,2025-11-10,198.5168123443512,198.7964630126953,35.961022266018354,10.05652391102974,0.14087001752729478,5,TIME,2025
CAT,2025-11-05,2025-11-10,548.5876236673902,567.3827514648438,13.01317638405658,244.58431318914822,3.4260940251997107,5,TIME,2025
CAT,2025-11-10,2025-11-17,566.5379384539784,548.6968994140625,12.557431923158688,-224.0376331821607,-3.149134034801304,7,TIME,2025
AMZN,2025-11-10,2025-11-17,248.33999633789065,232.8699951171875,28.647264632890053,-443.1732188406154,-6.229363553527123,7,TIME,2025
LLY,2025-11-10,2025-11-17,933.8503533456447,1016.7877807617188,7.618203032782179,631.8341610722867,8.881233178200286,7,TIME,2025
LLY,2025-11-17,2025-11-24,998.8941854985958,1065.014892578125,7.1150541859294805,470.4524136828214,6.619390525987012,3,TIME,2025
GOOGL,2025-11-21,2025-11-26,295.6511046778972,319.1200866699219,24.039099274042844,564.1731879670051,7.938066734975813,2,TIME,2025
AVGO,2025-11-24,2025-12-01,345.79212752621737,383.9284057617188,20.82545022087866,794.2051640030135,11.028671620816466,3,TIME,2025
GOOGL,2025-11-26,2025-12-01,319.8481736259059,314.0732116699219,22.86744768071412,-132.05864038657853,-1.8055322594208056,3,TIME,2025
TSLA,2025-11-28,2025-12-03,426.5899963378906,446.739990234375,17.14552952237786,345.48231522790655,4.723503614586422,2,TIME,2025
AVGO,2025-12-01,2025-12-05,392.64955094985896,388.0652160644531,18.964852150910954,-86.94123331198502,-1.1675385529706706,4,FINAL,2025
GOOGL,2025-12-01,2025-12-05,316.8759202886677,320.4366455078125,23.49986289302766,83.67655444964834,1.1236970028839721,4,FINAL,2025
MRK,2025-12-01,2025-12-05,102.33323265910175,97.44718933105467,72.76757009809306,-355.5455003759858,-4.774639871217346,4,FINAL,2025
TSLA,2025-12-03,2025-12-05,432.1000061035156,455.0,17.393281735179514,398.30604557544405,5.29969765633338,2,FINAL,2025
AMD,2025-12-05,2025-12-05,217.1699981689453,217.97000122070312,34.60716124372077,27.68583460765131,0.3683764141009238,0,FINAL,2025
