Ticker,Signal_Date,Entry_Date,exit_date,allocated_capital,pnl_pct,Score,Score_Level,Exit,exit_date_actual,pnl_dollars
AMT,2018-10-26,2018-10-29,2018-10-30,2000.0,0.04,5,HIGH,TP,2018-10-30,80.0
AMT,2018-10-31,2018-11-01,2018-11-01,2016.0,-0.02,4,HIGH,SL,2018-11-02,-40.32
DUK,2018-10-26,2018-10-29,2018-11-05,2000.0,0.0181507922724326,5,HIGH,TIME,2018-11-05,36.3015845448652
WMT,2018-10-31,2018-11-01,2018-11-07,2016.0,0.04,4,HIGH,TP,2018-11-07,80.64
ORCL,2018-11-19,2018-11-20,2018-11-27,2031.3243169089733,-0.0200000000000001,4,HIGH,SL,2018-11-27,-40.626486338179674
AMT,2018-11-20,2018-11-21,2018-11-29,2031.3243169089733,0.013326849446648,5,HIGH,TIME,2018-11-29,27.071153348760976
KO,2018-11-20,2018-11-21,2018-11-29,2031.3243169089737,0.0027891384250613,5,HIGH,TIME,2018-11-29,5.665644706052216
JNJ,2018-11-21,2018-11-23,2018-11-29,2031.3243169089737,0.04,4,HIGH,TP,2018-11-29,81.25297267635895
PEP,2018-12-03,2018-12-04,2018-12-06,2045.996973787572,-0.0200000000000001,4,HIGH,SL,2018-12-06,-40.91993947575165
UNH,2018-12-04,2018-12-06,2018-12-06,2037.812985892422,-0.02,4,HIGH,SL,2018-12-07,-40.75625971784844
MSFT,2018-12-04,2018-12-06,2018-12-11,2037.812985892422,0.04,4,HIGH,TP,2018-12-11,81.51251943569687
MRK,2018-12-14,2018-12-17,2018-12-18,2045.9642378359913,-0.02,5,HIGH,SL,2018-12-18,-40.919284756719826
LLY,2018-12-14,2018-12-17,2018-12-17,2045.9642378359913,-0.02,4,HIGH,SL,2018-12-18,-40.919284756719826
PEP,2018-12-14,2018-12-17,2018-12-18,2045.9642378359913,-0.02,4,HIGH,SL,2018-12-18,-40.919284756719826
KO,2018-12-17,2018-12-18,2018-12-19,2021.4126669819595,-0.0199999999999999,4,HIGH,SL,2018-12-19,-40.428253339638985
DUK,2018-12-17,2018-12-18,2018-12-20,2021.4126669819595,-0.02,4,HIGH,SL,2018-12-20,-40.42825333963919
NEE,2018-12-17,2018-12-18,2018-12-20,2021.412666981959,-0.02,4,HIGH,SL,2018-12-20,-40.428253339639184
AMT,2018-12-17,2018-12-18,2018-12-21,2021.4126669819595,-0.02,4,HIGH,SL,2018-12-21,-40.42825333963919
AVGO,2018-12-19,2018-12-20,2018-12-20,1997.1557149781759,-0.0199999999999999,4,HIGH,SL,2018-12-21,-39.94311429956332
ABBV,2019-01-02,2019-01-03,2019-01-03,1981.0814414503357,-0.02,4,HIGH,SL,2019-01-04,-39.62162882900672
AMD,2019-01-10,2019-01-11,2019-01-11,1973.1571156845341,0.04,4,HIGH,TP,2019-01-12,78.92628462738136
ABBV,2019-01-09,2019-01-10,2019-01-14,1973.1571156845341,-0.02,4,HIGH,SL,2019-01-14,-39.46314231369068
LOW,2019-01-15,2019-01-16,2019-01-17,1981.0497441472723,-0.02,4,HIGH,SL,2019-01-17,-39.620994882945446
MS,2019-01-22,2019-01-23,2019-01-23,1973.1255451706832,-0.0200000000000001,4,HIGH,SL,2019-01-24,-39.462510903413865
COP,2019-01-22,2019-01-23,2019-01-28,1973.1255451706832,-0.0200000000000001,4,HIGH,SL,2019-01-28,-39.462510903413865
LLY,2019-01-18,2019-01-22,2019-01-29,1973.1255451706832,0.0001731126191732,4,HIGH,TIME,2019-01-29,0.3415729310820451
BAC,2019-01-31,2019-02-01,2019-02-07,1957.4088553955344,-0.02,4,HIGH,SL,2019-02-07,-39.14817710791069
GS,2019-01-31,2019-02-01,2019-02-07,1957.4088553955344,-0.02,4,HIGH,SL,2019-02-07,-39.14817710791069
COP,2019-02-07,2019-02-08,2019-02-08,1941.74958455237,-0.02,5,HIGH,SL,2019-02-09,-38.8349916910474
GE,2019-02-08,2019-02-11,2019-02-13,1933.9825862141604,0.04,4,HIGH,TP,2019-02-13,77.35930344856642
GOOGL,2019-02-06,2019-02-07,2019-02-14,1941.74958455237,0.0156320915235157,4,HIGH,TIME,2019-02-14,30.353607221471233
ORCL,2019-02-07,2019-02-08,2019-02-15,1941.74958455237,0.0325413679634969,5,HIGH,TIME,2019-02-15,63.18718772388591
UNH,2019-02-08,2019-02-11,2019-02-19,1933.9825862141604,0.04,4,HIGH,TP,2019-02-19,77.35930344856642
WMT,2019-02-20,2019-02-21,2019-02-27,1983.6344665826582,-0.02,4,HIGH,SL,2019-02-27,-39.67268933165317
LOW,2019-02-28,2019-03-01,2019-03-01,1975.699928716328,-0.02,4,HIGH,SL,2019-03-02,-39.513998574326564
CAT,2019-02-26,2019-02-27,2019-03-06,1975.6999287163276,-0.02,5,HIGH,SL,2019-03-06,-39.51399857432655
CRM,2019-03-04,2019-03-05,2019-03-05,1951.9915295717312,-0.0199999999999999,4,HIGH,SL,2019-03-06,-39.03983059143443
HD,2019-02-27,2019-02-28,2019-03-07,1975.6999287163276,-0.0059367160310161,4,HIGH,TIME,2019-03-07,-11.729169439287588
ADBE,2019-03-04,2019-03-05,2019-03-07,1967.7971290014627,-0.02,4,HIGH,SL,2019-03-07,-39.35594258002926
AMZN,2019-03-07,2019-03-08,2019-03-11,1941.8693407644469,0.04,4,HIGH,TP,2019-03-11,77.67477363057787
MCD,2019-03-04,2019-03-05,2019-03-12,1967.7971290014627,0.0068105602919279,5,HIGH,TIME,2019-03-12,13.401800989347084
AVGO,2019-03-07,2019-03-08,2019-03-13,1941.8693407644469,0.04,4,HIGH,TP,2019-03-13,77.67477363057787
LLY,2019-03-11,2019-03-12,2019-03-13,1960.0846556884317,0.04,4,HIGH,TP,2019-03-13,78.40338622753727
META,2019-03-15,2019-03-18,2019-03-18,1991.300287660055,-0.02,4,HIGH,SL,2019-03-19,-39.8260057532011
MS,2019-03-20,2019-03-21,2019-03-22,1983.3350865094149,-0.02,5,HIGH,SL,2019-03-22,-39.6667017301883
BAC,2019-03-20,2019-03-21,2019-03-22,1983.3350865094149,-0.02,4,HIGH,SL,2019-03-22,-39.6667017301883
GS,2019-03-20,2019-03-21,2019-03-22,1975.3698853587748,-0.0200000000000001,4,HIGH,SL,2019-03-22,-39.5073977071757
ADBE,2019-03-15,2019-03-18,2019-03-25,1991.300287660055,0.0200692464551843,4,HIGH,TIME,2019-03-25,39.96389623932903
META,2019-03-18,2019-03-19,2019-03-26,1983.3350865094149,0.04,4,HIGH,TP,2019-03-26,79.3334034603766
AAPL,2019-03-22,2019-03-25,2019-03-25,1967.5597055237702,-0.02,4,HIGH,SL,2019-03-26,-39.351194110475404
MA,2019-03-22,2019-03-25,2019-04-01,1967.5597055237702,0.04,5,HIGH,TP,2019-04-01,78.70238822095081
MSFT,2019-03-22,2019-03-25,2019-04-01,1967.5597055237702,0.0211048646598326,5,HIGH,TIME,2019-04-01,41.52508129521925
AMZN,2019-03-22,2019-03-25,2019-04-01,1951.7843245381248,0.0320857392885134,4,HIGH,TIME,2019-04-01,62.6244429845375
AMD,2019-03-27,2019-03-28,2019-04-01,1975.5561473937503,0.04,4,HIGH,TP,2019-04-01,79.02224589575002
AMT,2019-04-01,2019-04-02,2019-04-09,2027.930979073042,0.0192746713977212,5,HIGH,TIME,2019-04-09,39.08770323889191
CRM,2019-04-04,2019-04-05,2019-04-12,2027.930979073042,0.0067654828267267,4,HIGH,TIME,2019-04-12,13.719932212705729
GS,2019-04-15,2019-04-16,2019-04-17,2038.4925061633614,0.04,5,HIGH,TP,2019-04-17,81.53970024653447
CAT,2019-04-24,2019-04-25,2019-04-25,2054.8004462126682,-0.02,4,HIGH,SL,2019-04-26,-41.09600892425337
LOW,2019-04-18,2019-04-22,2019-04-29,2054.8004462126682,-0.0200000000000001,5,HIGH,SL,2019-04-29,-41.096008924253574
XOM,2019-04-26,2019-04-29,2019-05-02,2038.362042642967,-0.0199999999999999,4,HIGH,SL,2019-05-02,-40.76724085285914
MA,2019-05-01,2019-05-02,2019-05-06,2030.208594472395,-0.02,4,HIGH,SL,2019-05-06,-40.6041718894479
NKE,2019-05-01,2019-05-02,2019-05-06,2030.208594472395,-0.02,4,HIGH,SL,2019-05-06,-40.6041718894479
MSFT,2019-05-01,2019-05-02,2019-05-07,2030.208594472395,-0.02,5,HIGH,SL,2019-05-07,-40.6041718894479
HD,2019-05-01,2019-05-02,2019-05-07,2030.208594472395,-0.02,4,HIGH,SL,2019-05-07,-40.6041718894479
AAPL,2019-05-07,2019-05-08,2019-05-09,1997.725256960837,-0.02,4,HIGH,SL,2019-05-09,-39.95450513921674
HD,2019-05-07,2019-05-08,2019-05-10,1997.7252569608356,-0.0199999999999999,4,HIGH,SL,2019-05-10,-39.954505139216515
ADBE,2019-05-07,2019-05-08,2019-05-13,1997.725256960837,-0.0199999999999999,5,HIGH,SL,2019-05-13,-39.954505139216536
BLK,2019-05-07,2019-05-08,2019-05-13,1997.725256960837,-0.02,4,HIGH,SL,2019-05-13,-39.95450513921674
MSFT,2019-05-07,2019-05-08,2019-05-15,1997.725256960837,0.0083421501184379,5,HIGH,TIME,2019-05-15,16.66532398896223
AMT,2019-05-20,2019-05-21,2019-05-29,1969.0947176472562,0.0082716611987105,5,HIGH,TIME,2019-05-29,16.28768437254862
MA,2019-05-23,2019-05-24,2019-06-03,1969.0947176472562,-0.02,5,HIGH,SL,2019-06-03,-39.381894352945125
UNH,2019-05-28,2019-05-29,2019-06-04,1972.3522545217656,-0.02,5,HIGH,SL,2019-06-04,-39.44704509043532
MCD,2019-06-10,2019-06-11,2019-06-18,1956.5864666330895,0.0109244707590097,4,HIGH,TIME,2019-06-18,21.374671642207293
NFLX,2019-06-25,2019-06-26,2019-07-01,1960.8614009615312,0.04,5,HIGH,TP,2019-07-01,78.43445603846125
AMT,2019-06-26,2019-06-27,2019-07-01,1960.8614009615303,-0.02,4,HIGH,SL,2019-07-01,-39.21722801923061
ADBE,2019-06-25,2019-06-26,2019-07-03,1960.8614009615312,0.04,5,HIGH,TP,2019-07-03,78.43445603846125
MSFT,2019-06-25,2019-06-26,2019-07-03,1960.8614009615312,0.0231481290016613,5,HIGH,TIME,2019-07-03,45.39027266383583
DUK,2019-06-26,2019-06-27,2019-07-05,1960.8614009615312,0.0182808458944463,5,HIGH,TIME,2019-07-05,35.84620509134582
AVGO,2019-07-03,2019-07-05,2019-07-08,2000.6390333241056,-0.02,5,HIGH,SL,2019-07-08,-40.012780666482115
PFE,2019-07-11,2019-07-12,2019-07-12,1992.6364771908093,-0.02,4,HIGH,SL,2019-07-13,-39.85272954381619
AAPL,2019-07-08,2019-07-09,2019-07-16,1992.6364771908093,0.0266065053441424,5,HIGH,TIME,2019-07-16,53.01709307931036
GE,2019-07-08,2019-07-09,2019-07-16,1992.6364771908093,0.0256917355469736,4,HIGH,TIME,2019-07-16,51.19428941323936
PLD,2019-07-11,2019-07-12,2019-07-16,1992.6364771908093,-0.02,5,HIGH,SL,2019-07-16,-39.85272954381619
UNH,2019-07-18,2019-07-19,2019-07-22,1997.5376618717928,-0.02,5,HIGH,SL,2019-07-22,-39.950753237435855
UPS,2019-07-17,2019-07-18,2019-07-24,1997.5376618717928,0.04,4,HIGH,TP,2019-07-24,79.90150647487171
BA,2019-07-18,2019-07-19,2019-07-24,1997.5376618717928,-0.02,4,HIGH,SL,2019-07-24,-39.950753237435855
BA,2019-07-24,2019-07-25,2019-07-25,1997.5376618717928,-0.0199999999999999,4,HIGH,SL,2019-07-26,-39.950753237435656
CRM,2019-07-29,2019-07-30,2019-08-01,1989.5475112243057,-0.0200000000000001,4,HIGH,SL,2019-08-01,-39.790950224486316
LOW,2019-07-31,2019-08-01,2019-08-01,1981.5893211794087,-0.02,4,HIGH,SL,2019-08-02,-39.631786423588174
MA,2019-07-31,2019-08-01,2019-08-02,1981.5893211794087,-0.0200000000000001,4,HIGH,SL,2019-08-02,-39.63178642358837
ORCL,2019-07-31,2019-08-01,2019-08-02,1981.5893211794087,-0.02,4,HIGH,SL,2019-08-02,-39.631786423588174
GS,2019-08-01,2019-08-02,2019-08-02,1910.252105616949,-0.02,4,HIGH,SL,2019-08-03,-38.20504211233898
KO,2019-07-31,2019-08-01,2019-08-05,1981.5893211794087,-0.02,5,HIGH,SL,2019-08-05,-39.631786423588174
MSFT,2019-07-31,2019-08-01,2019-08-05,1981.5893211794091,-0.02,4,HIGH,SL,2019-08-05,-39.63178642358818
AAPL,2019-08-01,2019-08-02,2019-08-05,1957.8102493252559,-0.0200000000000001,5,HIGH,SL,2019-08-05,-39.156204986505315
BAC,2019-08-01,2019-08-02,2019-08-05,1957.8102493252559,-0.02,4,HIGH,SL,2019-08-05,-39.15620498650512
MRK,2019-08-14,2019-08-15,2019-08-21,1918.6540443387505,0.04,4,HIGH,TP,2019-08-21,76.74616177355003
MRK,2019-08-23,2019-08-26,2019-09-03,1934.0032766934605,0.0148745775376912,4,HIGH,TIME,2019-09-03,28.767481697325728
AMT,2019-09-05,2019-09-06,2019-09-09,1939.7567730329258,-0.02,4,HIGH,SL,2019-09-09,-38.795135460658514
BA,2019-09-03,2019-09-04,2019-09-11,1939.7567730329258,0.04,5,HIGH,TP,2019-09-11,77.59027092131703
MA,2019-09-09,2019-09-10,2019-09-10,1931.9977459407944,-0.02,5,HIGH,SL,2019-09-11,-38.63995491881589
V,2019-09-09,2019-09-10,2019-09-10,1931.9977459407944,-0.0199999999999999,5,HIGH,SL,2019-09-11,-38.6399549188157
AMT,2019-09-09,2019-09-10,2019-09-10,1931.9977459407944,-0.02,4,HIGH,SL,2019-09-11,-38.63995491881589
LLY,2019-09-09,2019-09-10,2019-09-17,1924.2387188486612,0.0253759725727451,4,HIGH,TIME,2019-09-17,48.8294289529178
NKE,2019-09-10,2019-09-11,2019-09-18,1924.331827173768,0.0128796674804618,5,HIGH,TIME,2019-09-18,24.784754056067616
COST,2019-09-11,2019-09-12,2019-09-19,1924.3318271737678,-0.0086448540744824,4,HIGH,TIME,2019-09-19,-16.635567836799307
AVGO,2019-09-13,2019-09-16,2019-09-23,1924.3318271737678,0.0044861990258204,5,HIGH,TIME,2019-09-23,8.632935568422148
TSLA,2019-09-20,2019-09-23,2019-09-24,1937.45413732189,-0.02,4,HIGH,SL,2019-09-24,-38.7490827464378
MS,2019-09-24,2019-09-25,2019-10-01,1929.7043207726024,-0.0200000000000001,4,HIGH,SL,2019-10-01,-38.594086415452246
NVDA,2019-09-27,2019-09-30,2019-10-01,1929.7043207726024,0.04,4,HIGH,TP,2019-10-01,77.1881728309041
ABBV,2019-10-01,2019-10-02,2019-10-09,1937.423138055693,0.0056246799993733,5,HIGH,TIME,2019-10-09,10.897385174944912
HD,2019-10-02,2019-10-03,2019-10-10,1937.423138055693,0.029378103476187,4,HIGH,TIME,2019-10-10,56.917817426959076
LOW,2019-10-02,2019-10-03,2019-10-10,1937.423138055693,0.0179712804329319,4,HIGH,TIME,2019-10-10,34.817974531249796
PEP,2019-10-02,2019-10-03,2019-10-10,1937.423138055693,-0.0039731226515129,4,HIGH,TIME,2019-10-10,-7.697619755374278
NVDA,2019-10-08,2019-10-09,2019-10-11,1939.6026150906819,0.04,4,HIGH,TP,2019-10-11,77.58410460362728
META,2019-10-18,2019-10-21,2019-10-22,1971.9270704519743,-0.02,5,HIGH,SL,2019-10-22,-39.43854140903949
NKE,2019-10-23,2019-10-24,2019-10-25,1964.0393621701664,-0.02,4,HIGH,SL,2019-10-25,-39.28078724340333
AAPL,2019-10-29,2019-10-30,2019-10-31,1956.183204721486,-0.02,5,HIGH,SL,2019-10-31,-39.12366409442972
GOOGL,2019-10-29,2019-10-30,2019-11-06,1956.183204721486,0.0285703886873114,4,HIGH,TIME,2019-11-06,55.8889145024833
NEE,2019-11-04,2019-11-05,2019-11-07,1948.3584719026003,-0.02,4,HIGH,SL,2019-11-07,-38.967169438052004
XOM,2019-11-06,2019-11-07,2019-11-12,1951.7428209154864,-0.02,4,HIGH,SL,2019-11-12,-39.03485641830973
NFLX,2019-11-13,2019-11-14,2019-11-15,1943.9358496318246,0.04,4,HIGH,TP,2019-11-15,77.75743398527298
NVDA,2019-11-15,2019-11-18,2019-11-18,1959.487336428879,0.04,4,HIGH,TP,2019-11-19,78.37949345715516
AMD,2019-11-21,2019-11-22,2019-11-22,1975.1632351203102,-0.02,4,HIGH,SL,2019-11-23,-39.503264702406206
NVDA,2019-11-19,2019-11-20,2019-11-25,1975.1632351203102,0.04,4,HIGH,TP,2019-11-25,79.00652940481241
ABBV,2019-11-20,2019-11-21,2019-11-29,1975.1632351203102,0.01083065739891,4,HIGH,TIME,2019-11-29,21.3923163065108
NVDA,2019-12-02,2019-12-03,2019-12-04,1987.3423513220937,0.04,4,HIGH,TP,2019-12-04,79.49369405288375
GS,2019-12-03,2019-12-04,2019-12-06,2003.241090132671,0.04,4,HIGH,TP,2019-12-06,80.12964360530684
ADBE,2019-12-02,2019-12-03,2019-12-09,1987.3423513220937,0.04,5,HIGH,TP,2019-12-09,79.49369405288375
HON,2019-12-02,2019-12-03,2019-12-10,1987.3423513220937,0.0084597757111042,4,HIGH,TIME,2019-12-10,16.812470553363358
CAT,2019-12-03,2019-12-04,2019-12-11,2003.241090132671,0.0214210527630247,4,HIGH,TIME,2019-12-11,42.91153308879106
CRM,2019-12-04,2019-12-05,2019-12-12,2003.2410901326705,0.018299707613941,4,HIGH,TIME,2019-12-12,36.6587262296603
NFLX,2019-12-10,2019-12-11,2019-12-17,2047.1105583927394,0.04,4,HIGH,TP,2019-12-17,81.88442233570957
META,2019-12-12,2019-12-13,2019-12-18,2054.4423036386715,0.04,4,HIGH,TP,2019-12-18,82.17769214554686
AVGO,2019-12-13,2019-12-16,2019-12-18,2054.442303638671,0.04,4,HIGH,TP,2019-12-18,82.17769214554684
AMD,2019-12-13,2019-12-16,2019-12-20,2054.442303638671,0.04,4,HIGH,TP,2019-12-20,82.17769214554684
BAC,2020-01-03,2020-01-06,2020-01-13,2120.1258033931413,0.0188900860413596,5,HIGH,TIME,2020-01-13,40.049358844603084
MRK,2020-01-07,2020-01-08,2020-01-15,2120.1258033931413,0.027500096883356,4,HIGH,TIME,2020-01-15,58.30366499821436
UNH,2020-01-13,2020-01-14,2020-01-15,2128.135675162062,0.04,4,HIGH,TP,2020-01-15,85.12542700648248
COP,2020-01-08,2020-01-09,2020-01-16,2120.1258033931417,0.0077433996530189,5,HIGH,TIME,2020-01-16,16.41698141035087
MS,2020-01-21,2020-01-22,2020-01-23,2160.1048898450713,-0.0199999999999999,4,HIGH,SL,2020-01-23,-43.20209779690121
NFLX,2020-01-22,2020-01-23,2020-01-23,2151.464470285691,0.04,4,HIGH,TP,2020-01-24,86.05857881142764
PFE,2020-01-24,2020-01-27,2020-01-28,2168.6761860479764,-0.02,5,HIGH,SL,2020-01-28,-43.37352372095953
AMD,2020-01-24,2020-01-27,2020-01-28,2168.6761860479764,0.04,4,HIGH,TP,2020-01-28,86.74704744191907
UNH,2020-01-24,2020-01-27,2020-01-27,2168.6761860479764,-0.02,4,HIGH,SL,2020-01-28,-43.37352372095953
AAPL,2020-01-27,2020-01-28,2020-01-29,2168.6761860479764,0.04,5,HIGH,TP,2020-01-29,86.74704744191907
MS,2020-01-27,2020-01-28,2020-01-31,2168.6761860479764,-0.02,5,HIGH,SL,2020-01-31,-43.37352372095953
LOW,2020-01-24,2020-01-27,2020-02-03,2168.6761860479764,-0.0090487329691694,5,HIGH,TIME,2020-02-03,-19.623771704144875
GOOGL,2020-01-27,2020-01-28,2020-02-04,2168.6761860479764,0.0025455455472609,5,HIGH,TIME,2020-02-04,5.5204640088451775
MA,2020-01-27,2020-01-28,2020-02-04,2168.6761860479764,0.04,5,HIGH,TP,2020-02-04,86.74704744191907
PLD,2020-01-31,2020-02-03,2020-02-03,2173.42613645134,-0.0200000000000001,5,HIGH,SL,2020-02-04,-43.46852272902702
BLK,2020-01-31,2020-02-03,2020-02-06,2173.42613645134,0.04,5,HIGH,TP,2020-02-06,86.9370454580536
GOOGL,2020-02-04,2020-02-05,2020-02-05,2183.1859341956874,-0.02,4,HIGH,SL,2020-02-06,-43.66371868391375
HD,2020-01-31,2020-02-03,2020-02-07,2173.42613645134,0.04,5,HIGH,TP,2020-02-07,86.9370454580536
NEE,2020-02-19,2020-02-20,2020-02-25,2209.228008642126,-0.02,5,HIGH,SL,2020-02-25,-44.184560172842524
AMZN,2020-02-21,2020-02-24,2020-02-25,2209.2280086421265,-0.02,5,HIGH,SL,2020-02-25,-44.18456017284253
GOOGL,2020-02-21,2020-02-24,2020-02-25,2209.228008642126,-0.02,5,HIGH,SL,2020-02-25,-44.184560172842524
MSFT,2020-02-21,2020-02-24,2020-02-24,2209.2280086421265,-0.02,5,HIGH,SL,2020-02-25,-44.18456017284253
COST,2020-02-24,2020-02-25,2020-02-25,2173.880360503852,-0.02,4,HIGH,SL,2020-02-26,-43.47760721007704
HD,2020-02-24,2020-02-25,2020-02-25,2173.880360503852,-0.0200000000000001,4,HIGH,SL,2020-02-26,-43.47760721007726
NFLX,2020-02-24,2020-02-25,2020-02-25,2173.880360503852,-0.02,4,HIGH,SL,2020-02-26,-43.47760721007704
DUK,2020-02-25,2020-02-26,2020-02-27,2147.7937961778057,-0.02,4,HIGH,SL,2020-02-27,-42.955875923556114
NFLX,2020-04-22,2020-04-23,2020-04-23,2139.202620993094,0.04,4,HIGH,TP,2020-04-24,85.56810483972377
UPS,2020-04-22,2020-04-23,2020-04-27,2139.202620993094,0.04,4,HIGH,TP,2020-04-27,85.56810483972377
AMD,2020-04-29,2020-04-30,2020-04-30,2173.4298629289838,-0.02,4,HIGH,SL,2020-05-01,-43.46859725857968
PEP,2020-04-29,2020-04-30,2020-05-01,2173.4298629289838,-0.02,4,HIGH,SL,2020-05-01,-43.46859725857968
WMT,2020-04-29,2020-04-30,2020-05-07,2173.4298629289838,-0.0053122680496421,4,HIGH,TIME,2020-05-07,-11.545842018975648
PFE,2020-05-07,2020-05-08,2020-05-15,2153.733255621756,0.0136912040990533,5,HIGH,TIME,2020-05-15,29.487201577635997
UNH,2020-05-13,2020-05-14,2020-05-14,2153.733255621756,0.04,4,HIGH,TP,2020-05-15,86.14933022487024
PEP,2020-05-19,2020-05-20,2020-05-21,2176.8605619822574,-0.02,4,HIGH,SL,2020-05-21,-43.53721123964515
NFLX,2020-05-21,2020-05-22,2020-05-22,2168.1531197343284,-0.0199999999999999,4,HIGH,SL,2020-05-23,-43.36306239468635
ADBE,2020-05-26,2020-05-27,2020-05-27,2159.4805072553913,-0.02,4,HIGH,SL,2020-05-28,-43.18961014510783
NFLX,2020-05-26,2020-05-27,2020-05-27,2159.4805072553913,-0.02,4,HIGH,SL,2020-05-28,-43.18961014510783
NVDA,2020-05-27,2020-05-28,2020-05-28,2142.2046631973476,0.04,4,HIGH,TP,2020-05-29,85.6881865278939
BAC,2020-05-29,2020-06-01,2020-06-02,2159.3423005029267,0.04,4,HIGH,TP,2020-06-02,86.37369202011708
CRM,2020-05-29,2020-06-01,2020-06-05,2159.3423005029267,-0.0200000000000001,4,HIGH,SL,2020-06-05,-43.18684601005875
NEE,2020-06-04,2020-06-05,2020-06-11,2167.9796697049383,-0.02,5,HIGH,SL,2020-06-11,-43.359593394098766
UPS,2020-06-09,2020-06-10,2020-06-10,2167.9796697049383,-0.02,4,HIGH,SL,2020-06-11,-43.359593394098766
CVX,2020-06-10,2020-06-11,2020-06-11,2150.635832347298,-0.0199999999999999,5,HIGH,SL,2020-06-12,-43.01271664694575
DUK,2020-06-11,2020-06-12,2020-06-12,2142.0332890179093,-0.0200000000000001,4,HIGH,SL,2020-06-13,-42.8406657803584
META,2020-06-24,2020-06-25,2020-06-26,2133.4651558618375,-0.02,4,HIGH,SL,2020-06-26,-42.66930311723675
AAPL,2020-06-26,2020-06-29,2020-07-02,2124.9312952383902,0.04,4,HIGH,TP,2020-07-02,84.99725180953561
DIS,2020-07-13,2020-07-14,2020-07-15,2141.9307456002975,0.04,4,HIGH,TP,2020-07-15,85.6772298240119
MSFT,2020-07-13,2020-07-14,2020-07-17,2141.9307456002975,-0.02,5,HIGH,SL,2020-07-17,-42.83861491200595
AMZN,2020-07-15,2020-07-16,2020-07-20,2159.0661915651,0.04,4,HIGH,TP,2020-07-20,86.36264766260399
NVDA,2020-07-23,2020-07-24,2020-07-24,2167.7709981152198,0.04,4,HIGH,TP,2020-07-25,86.71083992460879
GS,2020-07-22,2020-07-23,2020-07-27,2167.7709981152198,-0.0200000000000001,4,HIGH,SL,2020-07-27,-43.355419962304616
MS,2020-07-22,2020-07-23,2020-07-27,2167.7709981152198,-0.02,4,HIGH,SL,2020-07-27,-43.355419962304396
HON,2020-07-24,2020-07-27,2020-07-29,2167.7709981152198,0.04,5,HIGH,TP,2020-07-29,86.71083992460879
MCD,2020-07-28,2020-07-29,2020-07-31,2185.1131661001414,-0.0199999999999999,5,HIGH,SL,2020-07-31,-43.70226332200261
AMT,2020-07-30,2020-07-31,2020-08-03,2176.3727134357405,-0.02,4,HIGH,SL,2020-08-03,-43.52745426871481
CAT,2020-07-30,2020-07-31,2020-08-07,2176.3727134357405,0.01880238778419,5,HIGH,TIME,2020-08-07,40.92100372094861
GOOGL,2020-07-31,2020-08-03,2020-08-10,2167.6672225819975,0.0039034137165725,4,HIGH,TIME,2020-08-10,8.461301969591183
CRM,2020-08-07,2020-08-10,2020-08-10,2177.5436837201055,-0.02,5,HIGH,SL,2020-08-11,-43.55087367440211
ADBE,2020-08-07,2020-08-10,2020-08-10,2177.5436837201055,-0.02,4,HIGH,SL,2020-08-11,-43.55087367440211
AAPL,2020-08-11,2020-08-12,2020-08-13,2160.123334250345,0.04,4,HIGH,TP,2020-08-13,86.40493337001381
NVDA,2020-08-11,2020-08-12,2020-08-12,2160.1233342503447,0.04,4,HIGH,TP,2020-08-13,86.4049333700138
COST,2020-08-11,2020-08-12,2020-08-19,2160.123334250345,0.0214232651922501,5,HIGH,TIME,2020-08-19,46.276895037612654
META,2020-08-11,2020-08-12,2020-08-19,2160.1233342503447,0.0139785737026478,4,HIGH,TIME,2020-08-19,30.195443234627753
PLD,2020-08-11,2020-08-12,2020-08-19,2160.1233342503438,-0.0045009724606582,4,HIGH,TIME,2020-08-19,-9.722655639085964
JPM,2020-08-17,2020-08-18,2020-08-20,2194.6853075983504,-0.0200000000000001,4,HIGH,SL,2020-08-20,-43.89370615196723
KO,2020-08-19,2020-08-20,2020-08-27,2199.256502894588,0.0203088318385411,4,HIGH,TIME,2020-08-27,44.664330487104166
NFLX,2020-08-27,2020-08-28,2020-08-31,2208.1893689920084,-0.02,4,HIGH,SL,2020-08-31,-44.16378737984017
LOW,2020-08-27,2020-08-28,2020-09-03,2208.1893689920084,-0.02,4,HIGH,SL,2020-09-03,-44.16378737984017
MA,2020-08-31,2020-09-01,2020-09-03,2199.35661151604,-0.02,4,HIGH,SL,2020-09-03,-43.9871322303208
PFE,2020-09-01,2020-09-02,2020-09-04,2199.35661151604,-0.02,4,HIGH,SL,2020-09-04,-43.9871322303208
META,2020-09-03,2020-09-04,2020-09-04,2172.929001147944,-0.02,4,HIGH,SL,2020-09-05,-43.45858002295888
ORCL,2020-09-03,2020-09-04,2020-09-04,2172.929001147944,-0.02,4,HIGH,SL,2020-09-05,-43.45858002295888
V,2020-09-03,2020-09-04,2020-09-04,2172.929001147944,-0.02,4,HIGH,SL,2020-09-05,-43.45858002295888
ADBE,2020-09-04,2020-09-08,2020-09-08,2146.8538531341687,-0.02,4,HIGH,SL,2020-09-09,-42.93707706268338
LOW,2020-09-04,2020-09-08,2020-09-09,2146.8538531341683,0.04,4,HIGH,TP,2020-09-09,85.87415412536673
MA,2020-09-04,2020-09-08,2020-09-09,2146.8538531341687,0.04,4,HIGH,TP,2020-09-09,85.87415412536676
GOOGL,2020-09-04,2020-09-08,2020-09-11,2146.8538531341683,-0.02,5,HIGH,SL,2020-09-11,-42.937077062683365
META,2020-09-04,2020-09-08,2020-09-11,2146.853853134167,-0.02,4,HIGH,SL,2020-09-11,-42.937077062683336
KO,2020-09-08,2020-09-09,2020-09-14,2172.616099371778,0.04,4,HIGH,TP,2020-09-14,86.90464397487112
AVGO,2020-09-08,2020-09-09,2020-09-15,2172.616099371778,0.04,4,HIGH,TP,2020-09-15,86.90464397487112
CAT,2020-09-15,2020-09-16,2020-09-17,2190.2031261366533,0.04,5,HIGH,TP,2020-09-17,87.60812504546614
JPM,2020-09-15,2020-09-16,2020-09-18,2190.2031261366533,-0.0200000000000001,4,HIGH,SL,2020-09-18,-43.80406252273329
KO,2020-09-21,2020-09-22,2020-09-24,2198.9639386412,-0.02,4,HIGH,SL,2020-09-24,-43.979278772824
MRK,2020-09-21,2020-09-22,2020-09-29,2198.9639386412,-0.0144403446720632,4,HIGH,TIME,2020-09-29,-31.75379719541656
LLY,2020-10-13,2020-10-14,2020-10-15,2183.817323447552,-0.02,5,HIGH,SL,2020-10-15,-43.676346468951046
UNH,2020-10-14,2020-10-15,2020-10-16,2175.0820541537614,0.04,5,HIGH,TP,2020-10-16,87.00328216615046
AMD,2020-10-09,2020-10-12,2020-10-19,2183.817323447552,-0.0200000000000001,4,HIGH,SL,2020-10-19,-43.676346468951266
NFLX,2020-10-16,2020-10-19,2020-10-19,2183.747441293201,-0.0199999999999999,4,HIGH,SL,2020-10-20,-43.6749488258638
MS,2020-10-21,2020-10-22,2020-10-23,2175.012451528029,0.04,4,HIGH,TP,2020-10-23,87.00049806112116
BLK,2020-10-19,2020-10-20,2020-10-26,2175.0124515280286,-0.0199999999999999,5,HIGH,SL,2020-10-26,-43.500249030560354
CAT,2020-10-26,2020-10-27,2020-10-27,2183.7125013341406,-0.02,5,HIGH,SL,2020-10-28,-43.67425002668281
GOOGL,2020-10-26,2020-10-27,2020-10-28,2183.7125013341406,-0.0200000000000001,5,HIGH,SL,2020-10-28,-43.67425002668303
AVGO,2020-10-26,2020-10-27,2020-10-28,2183.7125013341406,-0.02,4,HIGH,SL,2020-10-28,-43.67425002668281
BLK,2020-10-26,2020-10-27,2020-10-28,2183.7125013341406,-0.02,4,HIGH,SL,2020-10-28,-43.67425002668281
HON,2020-10-26,2020-10-27,2020-10-28,2183.7125013341397,-0.02,4,HIGH,SL,2020-10-28,-43.67425002668279
CAT,2020-10-27,2020-10-28,2020-10-28,2140.038251307458,-0.0200000000000001,4,HIGH,SL,2020-10-29,-42.80076502614937
BA,2020-11-12,2020-11-13,2020-11-13,2131.478098302228,0.04,4,HIGH,TP,2020-11-14,85.25912393208911
BAC,2020-11-12,2020-11-13,2020-11-16,2131.478098302228,0.04,4,HIGH,TP,2020-11-16,85.25912393208911
PFE,2020-11-12,2020-11-13,2020-11-16,2131.4780983022274,-0.02,4,HIGH,SL,2020-11-16,-42.62956196604455
DUK,2020-11-12,2020-11-13,2020-11-18,2131.478098302228,-0.02,4,HIGH,SL,2020-11-18,-42.629561966044555
PFE,2020-11-16,2020-11-17,2020-11-24,2157.0558354818545,0.0030146045432539,4,HIGH,TIME,2020-11-24,6.502670321695936
HON,2020-11-18,2020-11-19,2020-11-27,2148.5299230886453,0.04,4,HIGH,TP,2020-11-27,85.94119692354582
UNH,2020-11-19,2020-11-20,2020-11-30,2148.5299230886453,0.0039999075477845,4,HIGH,TIME,2020-11-30,8.593921056003122
BLK,2020-11-30,2020-12-01,2020-12-08,2168.7374807488945,0.0110978191806714,5,HIGH,TIME,2020-12-08,24.06825641169605
HON,2020-11-30,2020-12-01,2020-12-08,2168.7374807488945,0.0240476304540677,5,HIGH,TIME,2020-12-08,52.15299748893518
MS,2020-11-30,2020-12-01,2020-12-08,2168.7374807488945,0.0125160114224467,5,HIGH,TIME,2020-12-08,27.143943081341444
COST,2020-12-03,2020-12-04,2020-12-11,2168.737480748895,-0.0002930462090567,5,HIGH,TIME,2020-12-11,-0.6355402971726416
ADBE,2020-12-09,2020-12-10,2020-12-10,2189.41052014529,-0.02,5,HIGH,SL,2020-12-11,-43.7882104029058
AMD,2020-12-09,2020-12-10,2020-12-14,2189.41052014529,0.04,4,HIGH,TP,2020-12-14,87.5764208058116
AAPL,2020-12-09,2020-12-10,2020-12-15,2189.41052014529,0.04,4,HIGH,TP,2020-12-15,87.5764208058116
ABBV,2020-12-14,2020-12-15,2020-12-15,2215.5563383275985,-0.02,4,HIGH,SL,2020-12-16,-44.31112676655197
COP,2020-12-14,2020-12-15,2020-12-15,2215.5563383275985,-0.02,4,HIGH,SL,2020-12-16,-44.31112676655197
MRK,2020-12-14,2020-12-15,2020-12-18,2215.5563383275985,-0.02,4,HIGH,SL,2020-12-18,-44.31112676655197
JNJ,2020-12-14,2020-12-15,2020-12-22,2215.5563383275985,0.0181339531423363,5,HIGH,TIME,2020-12-22,40.17679482343886
NKE,2020-12-18,2020-12-21,2020-12-22,2188.9696622676674,-0.02,5,HIGH,SL,2020-12-22,-43.77939324535335
AMD,2020-12-21,2020-12-22,2020-12-22,2188.2491425832845,-0.02,4,HIGH,SL,2020-12-23,-43.76498285166569
GS,2020-12-22,2020-12-23,2020-12-28,2179.4961460129516,0.04,4,HIGH,TP,2020-12-28,87.17984584051807
NFLX,2021-01-04,2021-01-05,2021-01-06,2196.9321151810555,-0.02,5,HIGH,SL,2021-01-06,-43.93864230362111
ADBE,2021-01-04,2021-01-05,2021-01-06,2196.9321151810555,-0.02,4,HIGH,SL,2021-01-06,-43.93864230362111
AVGO,2021-01-04,2021-01-05,2021-01-07,2196.9321151810555,0.04,5,HIGH,TP,2021-01-07,87.87728460724222
AAPL,2021-01-04,2021-01-05,2021-01-12,2196.9321151810555,-0.0006985101043895,4,HIGH,TIME,2021-01-12,-1.5345792811117642
AMZN,2021-01-04,2021-01-05,2021-01-12,2196.9321151810555,-0.02,4,HIGH,SL,2021-01-12,-43.93864230362111
LLY,2021-01-12,2021-01-13,2021-01-13,2187.837470864109,0.04,4,HIGH,TP,2021-01-14,87.51349883456436
AMD,2021-01-13,2021-01-14,2021-01-15,2205.3401706310215,-0.0200000000000001,4,HIGH,SL,2021-01-15,-44.10680341262065
GOOGL,2021-01-11,2021-01-12,2021-01-20,2187.837470864109,0.04,4,HIGH,TP,2021-01-20,87.51349883456436
BAC,2021-01-15,2021-01-19,2021-01-21,2196.5188099484976,-0.02,5,HIGH,SL,2021-01-21,-43.93037619896995
GE,2021-01-15,2021-01-19,2021-01-21,2196.518809948497,-0.02,4,HIGH,SL,2021-01-21,-43.930376198969945
GS,2021-01-19,2021-01-20,2021-01-20,2214.02150971541,-0.02,4,HIGH,SL,2021-01-21,-44.2804301943082
BLK,2021-01-15,2021-01-19,2021-01-25,2196.518809948497,-0.0199999999999999,4,HIGH,SL,2021-01-25,-43.930376198969725
CVX,2021-01-21,2021-01-22,2021-01-27,2187.5932731969606,-0.02,5,HIGH,SL,2021-01-27,-43.75186546393921
GS,2021-01-25,2021-01-26,2021-01-27,2178.807197957167,-0.02,4,HIGH,SL,2021-01-27,-43.57614395914334
HD,2021-01-27,2021-01-28,2021-01-29,2161.3415960725506,-0.02,4,HIGH,SL,2021-01-29,-43.226831921451016
AAPL,2021-01-28,2021-01-29,2021-01-29,2152.6962296882607,-0.02,5,HIGH,SL,2021-01-30,-43.05392459376522
LOW,2021-01-27,2021-01-28,2021-02-01,2161.3415960725506,-0.02,4,HIGH,SL,2021-02-01,-43.226831921451016
AMZN,2021-01-27,2021-01-28,2021-02-02,2161.3415960725506,0.04,4,HIGH,TP,2021-02-02,86.45366384290203
JNJ,2021-01-29,2021-02-01,2021-02-02,2135.4400783852175,-0.02,4,HIGH,SL,2021-02-02,-42.70880156770435
MSFT,2021-01-29,2021-02-01,2021-02-03,2135.4400783852175,0.04,4,HIGH,TP,2021-02-03,85.4176031354087
AMZN,2021-02-19,2021-02-22,2021-02-23,2161.2725714673384,-0.02,4,HIGH,SL,2021-02-23,-43.22545142934677
AVGO,2021-02-22,2021-02-23,2021-02-23,2152.627481181469,-0.0200000000000001,5,HIGH,SL,2021-02-24,-43.0525496236296
NVDA,2021-02-22,2021-02-23,2021-02-23,2152.627481181469,-0.02,5,HIGH,SL,2021-02-24,-43.05254962362938
BA,2021-02-22,2021-02-23,2021-02-23,2152.627481181469,-0.02,4,HIGH,SL,2021-02-24,-43.05254962362938
LOW,2021-02-22,2021-02-23,2021-02-23,2152.627481181469,-0.02,4,HIGH,SL,2021-02-24,-43.05254962362938
LOW,2021-02-23,2021-02-24,2021-02-24,2118.1854414825657,-0.02,4,HIGH,SL,2021-02-25,-42.363708829651316
MSFT,2021-02-22,2021-02-23,2021-03-02,2152.627481181469,0.0153691154054815,4,HIGH,TIME,2021-03-02,33.08398018328896
BAC,2021-02-26,2021-03-01,2021-03-03,2109.7126997166356,0.04,5,HIGH,TP,2021-03-03,84.38850798866542
CAT,2021-02-26,2021-03-01,2021-03-03,2109.7126997166356,-0.02,5,HIGH,SL,2021-03-03,-42.19425399433271
GS,2021-02-26,2021-03-01,2021-03-03,2066.7979182518,0.04,4,HIGH,TP,2021-03-03,82.67191673007201
AVGO,2021-03-03,2021-03-04,2021-03-04,2141.3027298981738,-0.02,4,HIGH,SL,2021-03-05,-42.82605459796348
GOOGL,2021-03-03,2021-03-04,2021-03-05,2141.3027298981738,0.04,4,HIGH,TP,2021-03-05,85.65210919592695
MA,2021-03-04,2021-03-05,2021-03-05,2149.867940817767,-0.02,4,HIGH,SL,2021-03-06,-42.99735881635534
JPM,2021-02-26,2021-03-01,2021-03-08,2109.712699716635,0.022672415915721,5,HIGH,TIME,2021-03-08,47.83228379065416
BAC,2021-03-09,2021-03-10,2021-03-12,2150.8349258126264,0.04,4,HIGH,TP,2021-03-12,86.03339703250505
UPS,2021-03-15,2021-03-16,2021-03-18,2168.0416052191276,-0.02,5,HIGH,SL,2021-03-18,-43.36083210438255
BA,2021-03-18,2021-03-19,2021-03-19,2159.3694387982514,-0.02,4,HIGH,SL,2021-03-20,-43.187388775965026
MA,2021-03-18,2021-03-19,2021-03-19,2159.3694387982514,-0.02,4,HIGH,SL,2021-03-20,-43.187388775965026
CAT,2021-03-19,2021-03-22,2021-03-23,2142.0944832878654,-0.02,4,HIGH,SL,2021-03-23,-42.84188966575731
CAT,2021-03-23,2021-03-24,2021-03-25,2133.526105354714,-0.0200000000000001,4,HIGH,SL,2021-03-25,-42.6705221070945
BAC,2021-04-15,2021-04-16,2021-04-20,2124.992000933295,-0.0199999999999999,4,HIGH,SL,2021-04-20,-42.49984001866569
NFLX,2021-04-14,2021-04-15,2021-04-21,2124.992000933295,-0.02,5,HIGH,SL,2021-04-21,-42.4998400186659
NVDA,2021-04-19,2021-04-20,2021-04-20,2116.492032929562,-0.02,4,HIGH,SL,2021-04-21,-42.32984065859124
TSLA,2021-04-19,2021-04-20,2021-04-21,2116.492032929562,-0.02,4,HIGH,SL,2021-04-21,-42.32984065859124
LOW,2021-04-19,2021-04-20,2021-04-22,2116.492032929562,-0.0199999999999999,4,HIGH,SL,2021-04-22,-42.329840658591024
GE,2021-04-20,2021-04-21,2021-04-22,2091.060128662393,0.04,4,HIGH,TP,2021-04-22,83.64240514649572
ORCL,2021-04-21,2021-04-22,2021-04-23,2099.3226415599734,-0.0199999999999999,5,HIGH,SL,2021-04-23,-41.98645283119926
GS,2021-04-20,2021-04-21,2021-04-26,2091.060128662393,0.04,5,HIGH,TP,2021-04-26,83.64240514649572
NEE,2021-04-21,2021-04-22,2021-04-28,2099.3226415599734,-0.02,5,HIGH,SL,2021-04-28,-41.986452831199465
ORCL,2021-04-22,2021-04-23,2021-04-30,2090.9253509937334,0.0201910273281566,5,HIGH,TIME,2021-04-30,42.217930903049904
PFE,2021-04-22,2021-04-23,2021-04-30,2090.9253509937334,0.0005178311798734,5,HIGH,TIME,2021-04-30,1.082746341532288
HON,2021-04-23,2021-04-26,2021-04-30,2107.6538320230325,-0.02,5,HIGH,SL,2021-04-30,-42.15307664046065
MSFT,2021-04-28,2021-04-29,2021-04-29,2099.2565414567925,-0.02,4,HIGH,SL,2021-04-30,-41.985130829135855
CAT,2021-04-29,2021-04-30,2021-05-05,2091.08903541179,0.04,4,HIGH,TP,2021-05-05,83.6435614164716
XOM,2021-04-30,2021-05-03,2021-05-05,2091.0890354117905,0.04,4,HIGH,TP,2021-05-05,83.64356141647163
AMZN,2021-05-03,2021-05-04,2021-05-04,2091.08903541179,-0.02,5,HIGH,SL,2021-05-05,-41.8217807082358
CRM,2021-05-03,2021-05-04,2021-05-04,2091.0890354117905,-0.0200000000000001,4,HIGH,SL,2021-05-05,-41.82178070823602
ADBE,2021-05-04,2021-05-05,2021-05-05,2107.817747695084,-0.02,4,HIGH,SL,2021-05-06,-42.15635495390168
AAPL,2021-05-04,2021-05-05,2021-05-11,2107.817747695084,-0.02,4,HIGH,SL,2021-05-11,-42.15635495390168
PLD,2021-05-05,2021-05-06,2021-05-13,2099.3864767043037,0.0015000879942388,4,HIGH,TIME,2021-05-13,3.14926444897142
GS,2021-05-11,2021-05-12,2021-05-12,2090.9552057135234,-0.0199999999999999,5,HIGH,SL,2021-05-13,-41.81910411427026
HD,2021-05-11,2021-05-12,2021-05-12,2082.5239347227425,-0.0200000000000001,5,HIGH,SL,2021-05-13,-41.65047869445506
V,2021-05-10,2021-05-11,2021-05-18,2090.9552057135234,0.0096434061226271,4,HIGH,TIME,2021-05-18,20.163930232916798
CVX,2021-05-11,2021-05-12,2021-05-19,2090.9552057135234,-0.0200000000000001,5,HIGH,SL,2021-05-19,-41.81910411427068
CVX,2021-05-18,2021-05-19,2021-05-26,2070.5601072653017,0.0028898507200574,4,HIGH,TIME,2021-05-26,5.983609616902759
COP,2021-05-19,2021-05-20,2021-05-27,2070.5601072653017,-0.0021563925841372,4,HIGH,TIME,2021-05-27,-4.464940460317222
XOM,2021-05-19,2021-05-20,2021-05-27,2070.5601072653017,-0.0066156226290488,4,HIGH,TIME,2021-05-27,-13.69804430043004
ABBV,2021-05-27,2021-05-28,2021-06-02,2068.124232236533,-0.02,4,HIGH,SL,2021-06-02,-41.36248464473066
COST,2021-05-28,2021-06-01,2021-06-08,2068.124232236533,-0.0006054962471336,4,HIGH,TIME,2021-06-08,-1.2522414612252786
JNJ,2021-06-01,2021-06-02,2021-06-09,2059.851735307587,0.0017541012303183,4,HIGH,TIME,2021-06-09,3.6131884631763236
AVGO,2021-06-07,2021-06-08,2021-06-15,2059.601287015342,0.0057473281028119,5,HIGH,TIME,2021-06-15,11.837204357450835
GS,2021-06-10,2021-06-11,2021-06-15,2060.3239247079773,-0.02,5,HIGH,SL,2021-06-15,-41.20647849415955
ORCL,2021-06-10,2021-06-11,2021-06-16,2060.3239247079773,-0.0200000000000001,5,HIGH,SL,2021-06-16,-41.206478494159754
CVX,2021-06-17,2021-06-18,2021-06-18,2046.208774181804,-0.02,4,HIGH,SL,2021-06-19,-40.924175483636084
GS,2021-06-17,2021-06-18,2021-06-18,2046.208774181804,-0.02,4,HIGH,SL,2021-06-19,-40.924175483636084
MS,2021-06-17,2021-06-18,2021-06-18,2046.2087741818032,-0.0200000000000001,4,HIGH,SL,2021-06-19,-40.92417548363627
COP,2021-06-17,2021-06-18,2021-06-21,2046.2087741818036,0.04,5,HIGH,TP,2021-06-21,81.84835096727214
XOM,2021-06-17,2021-06-18,2021-06-22,2046.2087741818036,0.04,5,HIGH,TP,2021-06-22,81.84835096727214
META,2021-06-18,2021-06-21,2021-06-24,2038.0239390850766,0.04,4,HIGH,TP,2021-06-24,81.52095756340306
PEP,2021-06-18,2021-06-21,2021-06-28,2038.0239390850766,0.0088511552916112,4,HIGH,TIME,2021-06-28,18.038866372863176
PLD,2021-06-18,2021-06-21,2021-06-28,2038.0239390850766,0.0138379024307542,4,HIGH,TIME,2021-06-28,28.20197642060063
BA,2021-06-28,2021-06-29,2021-06-29,2079.9459693499043,-0.02,4,HIGH,SL,2021-06-30,-41.598919386998084
COP,2021-07-06,2021-07-07,2021-07-07,2071.6261854725044,-0.02,4,HIGH,SL,2021-07-08,-41.43252370945009
BLK,2021-07-08,2021-07-09,2021-07-14,2063.3396807306144,-0.0199999999999999,5,HIGH,SL,2021-07-14,-41.266793614612084
NVDA,2021-07-08,2021-07-09,2021-07-15,2063.3396807306144,-0.02,4,HIGH,SL,2021-07-15,-41.26679361461229
BLK,2021-07-14,2021-07-15,2021-07-19,2046.83296328477,-0.0199999999999999,5,HIGH,SL,2021-07-19,-40.93665926569519
ORCL,2021-07-15,2021-07-16,2021-07-21,2046.83296328477,0.04,5,HIGH,TP,2021-07-21,81.8733185313908
LLY,2021-07-15,2021-07-16,2021-07-23,2046.83296328477,0.04,5,HIGH,TP,2021-07-23,81.8733185313908
AAPL,2021-07-19,2021-07-20,2021-07-26,2038.6456314316308,0.04,5,HIGH,TP,2021-07-26,81.54582525726524
V,2021-07-19,2021-07-20,2021-07-26,2038.6456314316308,0.04,5,HIGH,TP,2021-07-26,81.54582525726524
NFLX,2021-07-21,2021-07-22,2021-07-29,2055.0202951379088,0.0079182950028071,4,HIGH,TIME,2021-07-29,16.272256933657676
LOW,2021-07-27,2021-07-28,2021-08-04,2104.013288947093,-0.0194661426139838,4,HIGH,TIME,2021-08-04,-40.95702274436121
MA,2021-08-02,2021-08-03,2021-08-03,2107.267740333825,-0.02,4,HIGH,SL,2021-08-04,-42.145354806676494
V,2021-08-02,2021-08-03,2021-08-03,2107.267740333825,-0.02,4,HIGH,SL,2021-08-04,-42.145354806676494
ABBV,2021-07-30,2021-08-02,2021-08-05,2107.267740333825,-0.02,4,HIGH,SL,2021-08-05,-42.145354806676494
AMD,2021-08-09,2021-08-10,2021-08-10,2073.789122900947,-0.02,4,HIGH,SL,2021-08-11,-41.47578245801894
UNH,2021-08-05,2021-08-06,2021-08-13,2073.789122900947,-0.0056796233837601,4,HIGH,TIME,2021-08-13,-11.778341195415566
PFE,2021-08-11,2021-08-12,2021-08-13,2065.493966409343,0.04,4,HIGH,TP,2021-08-13,82.61975865637372
AAPL,2021-08-18,2021-08-19,2021-08-24,2079.6622499015343,0.04,4,HIGH,TP,2021-08-24,83.18648999606137
PFE,2021-08-24,2021-08-25,2021-08-25,2096.2995479007473,-0.0200000000000001,4,HIGH,SL,2021-08-26,-41.925990958015156
NEE,2021-08-23,2021-08-24,2021-08-31,2096.299547900747,0.0017128654725766,5,HIGH,TIME,2021-08-31,3.590679115777126
PLD,2021-09-09,2021-09-10,2021-09-14,2088.632485532299,-0.02,5,HIGH,SL,2021-09-14,-41.772649710645986
AAPL,2021-09-10,2021-09-13,2021-09-14,2088.6324855322996,-0.02,4,HIGH,SL,2021-09-14,-41.77264971064599
ADBE,2021-09-13,2021-09-14,2021-09-20,2071.923425648041,-0.0199999999999999,4,HIGH,SL,2021-09-20,-41.43846851296061
BAC,2021-09-14,2021-09-15,2021-09-20,2071.923425648041,-0.02,4,HIGH,SL,2021-09-20,-41.43846851296082
MS,2021-09-14,2021-09-15,2021-09-20,2071.923425648041,-0.0200000000000001,4,HIGH,SL,2021-09-20,-41.43846851296102
META,2021-09-17,2021-09-20,2021-09-20,2047.0603445402642,-0.02,4,HIGH,SL,2021-09-21,-40.94120689080528
COP,2021-09-20,2021-09-21,2021-09-22,2038.8721031621035,0.04,5,HIGH,TP,2021-09-22,81.55488412648414
ADBE,2021-09-20,2021-09-21,2021-09-22,2038.8721031621035,-0.02,4,HIGH,SL,2021-09-22,-40.77744206324207
NVDA,2021-09-20,2021-09-21,2021-09-21,2030.6838617839412,-0.02,4,HIGH,SL,2021-09-22,-40.61367723567883
NEE,2021-09-17,2021-09-20,2021-09-27,2047.0603445402642,-0.02,4,HIGH,SL,2021-09-27,-40.94120689080528
AVGO,2021-09-20,2021-09-21,2021-09-28,2038.8721031621035,-0.0050051000342025,4,HIGH,TIME,2021-09-28,-10.204758833271168
HD,2021-09-28,2021-09-29,2021-10-01,2028.6756629828008,-0.02,4,HIGH,SL,2021-10-01,-40.57351325965602
CRM,2021-09-28,2021-09-29,2021-10-04,2028.6756629828008,-0.0199999999999999,4,HIGH,SL,2021-10-04,-40.57351325965581
LOW,2021-09-30,2021-10-01,2021-10-08,2020.5609603308699,0.0119279014782707,4,HIGH,TIME,2021-10-08,24.10105206566665
JPM,2021-10-11,2021-10-12,2021-10-13,2017.266468092072,-0.02,4,HIGH,SL,2021-10-13,-40.34532936184144
JPM,2021-10-13,2021-10-14,2021-10-18,2009.197402219704,0.04,4,HIGH,TP,2021-10-18,80.36789608878816
NFLX,2021-10-20,2021-10-21,2021-10-22,2025.2709814374616,0.04,4,HIGH,TP,2021-10-22,81.01083925749846
AMZN,2021-10-29,2021-11-01,2021-11-01,2041.4731492889614,-0.02,5,HIGH,SL,2021-11-02,-40.82946298577923
LLY,2021-11-01,2021-11-02,2021-11-03,2008.8095789003373,0.04,4,HIGH,TP,2021-11-03,80.35238315601349
AVGO,2021-10-27,2021-10-28,2021-11-04,2041.4731492889614,0.04,4,HIGH,TP,2021-11-04,81.65892597155846
GE,2021-10-27,2021-10-28,2021-11-04,2041.4731492889614,0.0176032803139201,4,HIGH,TIME,2021-11-04,35.93662410027485
XOM,2021-10-27,2021-10-28,2021-11-04,2041.4731492889614,0.0092447291133184,4,HIGH,TIME,2021-11-04,18.872866257289463
NFLX,2021-11-04,2021-11-05,2021-11-05,2076.671416588833,-0.02,5,HIGH,SL,2021-11-06,-41.53342833177666
GOOGL,2021-11-01,2021-11-02,2021-11-08,2033.3072566918054,0.04,5,HIGH,TP,2021-11-08,81.33229026767222
BAC,2021-11-04,2021-11-05,2021-11-09,2076.671416588833,-0.02,5,HIGH,SL,2021-11-09,-41.53342833177666
GS,2021-11-04,2021-11-05,2021-11-09,2076.671416588833,-0.02,5,HIGH,SL,2021-11-09,-41.53342833177666
NKE,2021-11-08,2021-11-09,2021-11-10,2068.017817643301,-0.02,5,HIGH,SL,2021-11-10,-41.36035635286602
NFLX,2021-11-05,2021-11-08,2021-11-12,2084.631188976012,0.04,4,HIGH,TP,2021-11-12,83.38524755904048
PEP,2021-11-08,2021-11-09,2021-11-16,2068.017817643301,0.0061610849361017,5,HIGH,TIME,2021-11-16,12.741233423872055
ADBE,2021-11-10,2021-11-11,2021-11-18,2059.745746372728,0.04,5,HIGH,TP,2021-11-18,82.38982985490911
CRM,2021-11-10,2021-11-11,2021-11-18,2059.745746372728,0.0049420852404848,5,HIGH,TIME,2021-11-18,10.179439052300006
NKE,2021-11-10,2021-11-11,2021-11-18,2026.5882324988706,0.0103183928890939,5,HIGH,TIME,2021-11-18,20.91113360733772
BA,2021-11-16,2021-11-17,2021-11-17,2078.9710425693106,-0.02,4,HIGH,SL,2021-11-18,-41.57942085138621
MA,2021-11-17,2021-11-18,2021-11-18,2093.351238901943,-0.0199999999999999,5,HIGH,SL,2021-11-19,-41.86702477803865
CVX,2021-11-19,2021-11-22,2021-11-23,2084.977833946335,0.04,4,HIGH,TP,2021-11-23,83.39911335785341
MRK,2021-11-19,2021-11-22,2021-11-26,2084.977833946335,-0.0200000000000001,4,HIGH,SL,2021-11-26,-41.69955667892691
AMZN,2021-11-22,2021-11-23,2021-11-26,2101.657656617905,-0.02,4,HIGH,SL,2021-11-26,-42.0331531323581
UNH,2021-11-19,2021-11-22,2021-11-30,2084.9778339463346,0.0031614331484044,4,HIGH,TIME,2021-11-30,6.591518037926346
AVGO,2021-11-22,2021-11-23,2021-12-01,2101.657656617905,0.0042360221469577,5,HIGH,TIME,2021-12-01,8.902668378756667
LLY,2021-11-29,2021-11-30,2021-11-30,2086.2294182632336,-0.02,4,HIGH,SL,2021-12-01,-41.72458836526467
COST,2021-11-30,2021-12-01,2021-12-01,2079.665034265932,-0.02,5,HIGH,SL,2021-12-02,-41.59330068531864
BLK,2021-11-30,2021-12-01,2021-12-01,2079.665034265932,-0.02,4,HIGH,SL,2021-12-02,-41.59330068531864
PLD,2021-11-26,2021-11-29,2021-12-03,2084.9111146556484,0.04,4,HIGH,TP,2021-12-03,83.39644458622594
LLY,2021-11-30,2021-12-01,2021-12-03,2074.4189538762134,-0.02,4,HIGH,SL,2021-12-03,-41.48837907752427
NEE,2021-11-30,2021-12-01,2021-12-07,2079.665034265932,0.04,5,HIGH,TP,2021-12-07,83.18660137063728
MSFT,2021-12-14,2021-12-15,2021-12-17,2088.046647367672,-0.02,4,HIGH,SL,2021-12-17,-41.76093294735344
AVGO,2021-12-16,2021-12-17,2021-12-20,2079.694460778202,0.04,4,HIGH,TP,2021-12-20,83.18777843112808
CVX,2021-12-17,2021-12-20,2021-12-22,2096.3320164644274,0.04,4,HIGH,TP,2021-12-22,83.85328065857709
AAPL,2021-12-16,2021-12-17,2021-12-23,2079.6944607782016,0.04,5,HIGH,TP,2021-12-23,83.18777843112807
MSFT,2021-12-16,2021-12-17,2021-12-23,2079.6944607782016,0.04,4,HIGH,TP,2021-12-23,83.18777843112807
JNJ,2021-12-17,2021-12-20,2021-12-28,2096.3320164644274,0.0151362787864601,5,HIGH,TIME,2021-12-28,31.730665830187636
PEP,2021-12-17,2021-12-20,2021-12-28,2096.3320164644274,0.0311080989843399,5,HIGH,TIME,2021-12-28,65.21290387221626
PFE,2021-12-21,2021-12-22,2021-12-28,2113.102672596143,-0.02,4,HIGH,SL,2021-12-28,-42.26205345192286
AMT,2022-01-03,2022-01-04,2022-01-05,2157.31408721869,-0.02,5,HIGH,SL,2022-01-05,-43.1462817443738
PLD,2022-01-03,2022-01-04,2022-01-04,2157.31408721869,-0.02,5,HIGH,SL,2022-01-05,-43.1462817443738
UNH,2022-01-04,2022-01-05,2022-01-06,2140.055574520941,-0.02,5,HIGH,SL,2022-01-06,-42.80111149041882
AMD,2022-01-04,2022-01-05,2022-01-05,2140.055574520941,-0.0200000000000001,4,HIGH,SL,2022-01-06,-42.80111149041903
PLD,2022-01-04,2022-01-05,2022-01-05,2140.055574520941,-0.02,4,HIGH,SL,2022-01-06,-42.80111149041882
COST,2022-01-05,2022-01-06,2022-01-07,2114.37490762669,-0.02,4,HIGH,SL,2022-01-07,-42.2874981525338
MS,2022-01-05,2022-01-06,2022-01-06,2114.37490762669,-0.02,4,HIGH,SL,2022-01-07,-42.2874981525338
LOW,2022-01-07,2022-01-10,2022-01-10,2097.459908365676,-0.02,4,HIGH,SL,2022-01-11,-41.94919816731352
V,2022-01-10,2022-01-11,2022-01-13,2089.0700687322133,0.04,4,HIGH,TP,2022-01-13,83.56280274928854
UPS,2022-01-10,2022-01-11,2022-01-14,2089.0700687322133,-0.02,5,HIGH,SL,2022-01-14,-41.78140137464427
MS,2022-01-12,2022-01-13,2022-01-14,2105.7826292820714,-0.02,5,HIGH,SL,2022-01-14,-42.11565258564143
BAC,2022-01-18,2022-01-19,2022-01-19,2089.0032184900138,-0.02,4,HIGH,SL,2022-01-20,-41.78006436980028
BA,2022-01-19,2022-01-20,2022-01-21,2080.6472056160537,-0.02,5,HIGH,SL,2022-01-21,-41.612944112321074
CAT,2022-01-19,2022-01-20,2022-01-20,2080.6472056160537,-0.02,5,HIGH,SL,2022-01-21,-41.612944112321074
GE,2022-01-19,2022-01-20,2022-01-20,2080.6472056160537,-0.02,4,HIGH,SL,2022-01-21,-41.612944112321074
CAT,2022-01-20,2022-01-21,2022-01-21,2055.679439148661,-0.0200000000000001,4,HIGH,SL,2022-01-22,-41.11358878297343
COP,2022-01-21,2022-01-24,2022-01-24,2047.4567213920664,-0.02,5,HIGH,SL,2022-01-25,-40.94913442784133
DUK,2022-01-18,2022-01-19,2022-01-26,2089.0032184900138,0.0006870086825339,4,HIGH,TIME,2022-01-26,1.435163348943901
CVX,2022-01-28,2022-01-31,2022-02-01,2039.5539271762868,0.04,5,HIGH,TP,2022-02-01,81.58215708705147
MA,2022-02-04,2022-02-07,2022-02-07,2055.8703585936973,-0.02,4,HIGH,SL,2022-02-08,-41.11740717187395
BAC,2022-02-11,2022-02-14,2022-02-14,2047.6468771593227,-0.02,4,HIGH,SL,2022-02-15,-40.95293754318646
BA,2022-02-11,2022-02-14,2022-02-18,2047.6468771593227,-0.0199999999999999,4,HIGH,SL,2022-02-18,-40.95293754318625
COP,2022-03-09,2022-03-10,2022-03-14,2031.2657021420482,-0.02,4,HIGH,SL,2022-03-14,-40.62531404284096
NVDA,2022-03-23,2022-03-24,2022-03-24,2023.1406393334798,0.04,4,HIGH,TP,2022-03-25,80.92562557333919
COP,2022-03-29,2022-03-30,2022-04-01,2039.3257644481478,-0.02,4,HIGH,SL,2022-04-01,-40.78651528896295
UPS,2022-03-31,2022-04-01,2022-04-01,2031.1684613903553,-0.02,5,HIGH,SL,2022-04-02,-40.62336922780711
UNH,2022-03-31,2022-04-01,2022-04-06,2031.1684613903553,0.04,5,HIGH,TP,2022-04-06,81.24673845561422
GOOGL,2022-03-31,2022-04-01,2022-04-06,2031.1684613903553,-0.02,4,HIGH,SL,2022-04-06,-40.62336922780711
V,2022-04-06,2022-04-07,2022-04-07,2031.1684613903553,-0.02,5,HIGH,SL,2022-04-08,-40.62336922780711
AMZN,2022-04-06,2022-04-07,2022-04-07,2031.1684613903553,-0.0200000000000001,4,HIGH,SL,2022-04-08,-40.62336922780731
GOOGL,2022-04-06,2022-04-07,2022-04-08,2031.1684613903553,-0.02,4,HIGH,SL,2022-04-08,-40.62336922780711
MSFT,2022-04-06,2022-04-07,2022-04-11,2031.1684613903553,-0.0200000000000001,4,HIGH,SL,2022-04-11,-40.62336922780731
ABBV,2022-04-11,2022-04-12,2022-04-13,1998.6697660081093,-0.02,4,HIGH,SL,2022-04-13,-39.97339532016218
COST,2022-04-11,2022-04-12,2022-04-20,1998.6697660081093,0.0287032948313024,5,HIGH,TIME,2022-04-20,57.36840756414094
KO,2022-04-29,2022-05-02,2022-05-02,2002.1487684569054,-0.02,4,HIGH,SL,2022-05-03,-40.042975369138105
PEP,2022-05-02,2022-05-03,2022-05-10,1994.1401733830776,0.0138939566900275,4,HIGH,TIME,2022-05-10,27.70649720282841
WMT,2022-05-06,2022-05-09,2022-05-16,1994.1401733830776,-0.0017511639237653,4,HIGH,TIME,2022-05-16,-3.492066330559526
LLY,2022-06-02,2022-06-03,2022-06-06,1998.9830595575318,0.04,4,HIGH,TP,2022-06-06,79.95932238230127
CVX,2022-05-31,2022-06-01,2022-06-08,1998.9830595575318,0.0248967399928947,4,HIGH,TIME,2022-06-08,49.76816148400501
MRK,2022-06-28,2022-06-29,2022-07-01,2024.928556330793,-0.02,4,HIGH,SL,2022-07-01,-40.498571126615865
UPS,2022-07-12,2022-07-13,2022-07-19,2016.82884210547,0.04,4,HIGH,TP,2022-07-19,80.6731536842188
ABBV,2022-07-18,2022-07-19,2022-07-21,2032.9634728423139,-0.02,4,HIGH,SL,2022-07-21,-40.65926945684628
UNH,2022-07-20,2022-07-21,2022-07-28,2024.8316189509446,0.04,4,HIGH,TP,2022-07-28,80.99326475803778
COST,2022-07-26,2022-07-27,2022-07-28,2024.8316189509446,0.04,5,HIGH,TP,2022-07-28,80.99326475803778
LOW,2022-07-26,2022-07-27,2022-07-27,2024.8316189509446,-0.02,5,HIGH,SL,2022-07-28,-40.49663237901889
UPS,2022-07-26,2022-07-27,2022-07-29,2024.831618950945,0.04,4,HIGH,TP,2022-07-29,80.99326475803781
LOW,2022-08-02,2022-08-03,2022-08-04,2065.3282513299637,0.04,5,HIGH,TP,2022-08-04,82.61313005319855
WMT,2022-08-04,2022-08-05,2022-08-11,2081.8508773406033,0.04,4,HIGH,TP,2022-08-11,83.27403509362414
LOW,2022-08-09,2022-08-10,2022-08-15,2081.850877340604,0.04,5,HIGH,TP,2022-08-15,83.27403509362415
AVGO,2022-08-09,2022-08-10,2022-08-17,2081.8508773406033,-0.02,5,HIGH,SL,2022-08-17,-41.63701754681207
CRM,2022-08-09,2022-08-10,2022-08-17,2081.850877340604,-0.001062944611885,5,HIGH,TIME,2022-08-17,-2.212892172817255
AVGO,2022-08-17,2022-08-18,2022-08-22,2106.3905094341276,-0.0199999999999999,4,HIGH,SL,2022-08-22,-42.12781018868234
BAC,2022-08-19,2022-08-22,2022-08-24,2097.964947396391,-0.02,5,HIGH,SL,2022-08-24,-41.95929894792782
NKE,2022-08-19,2022-08-22,2022-08-26,2097.964947396391,-0.0199999999999999,4,HIGH,SL,2022-08-26,-41.95929894792761
AAPL,2022-08-22,2022-08-23,2022-08-26,2097.964947396391,-0.02,4,HIGH,SL,2022-08-26,-41.95929894792782
JPM,2022-08-19,2022-08-22,2022-08-29,2097.964947396391,-0.02,5,HIGH,SL,2022-08-29,-41.95929894792782
CVX,2022-08-30,2022-08-31,2022-09-01,2064.397508238049,-0.02,5,HIGH,SL,2022-09-01,-41.28795016476098
CAT,2022-08-30,2022-08-31,2022-09-01,2064.397508238049,-0.02,4,HIGH,SL,2022-09-01,-41.28795016476098
COP,2022-08-30,2022-08-31,2022-09-07,2064.397508238049,-0.02,4,HIGH,SL,2022-09-07,-41.28795016476098
HON,2022-09-02,2022-09-06,2022-09-13,2047.8823281721443,-0.0113837036863712,4,HIGH,TIME,2022-09-13,-23.312485608467675
NEE,2022-09-15,2022-09-16,2022-09-22,2034.9622410174984,-0.02,4,HIGH,SL,2022-09-22,-40.69924482034997
TSLA,2022-09-21,2022-09-22,2022-09-22,2026.8223920534285,-0.02,4,HIGH,SL,2022-09-23,-40.53644784106857
ABBV,2022-10-28,2022-10-31,2022-11-07,2018.7151024852149,0.0201834511042207,5,HIGH,TIME,2022-11-07,40.744637564362215
LLY,2022-11-01,2022-11-02,2022-11-08,2018.7151024852149,0.04,4,HIGH,TP,2022-11-08,80.7486040994086
V,2022-11-03,2022-11-04,2022-11-10,2018.7151024852149,0.04,5,HIGH,TP,2022-11-10,80.7486040994086
MRK,2022-11-11,2022-11-14,2022-11-18,2059.163471637851,0.04,4,HIGH,TP,2022-11-18,82.36653886551404
PEP,2022-11-11,2022-11-14,2022-11-21,2059.163471637851,0.0344210597456553,5,HIGH,TIME,2022-11-21,70.87858888331746
JNJ,2022-11-11,2022-11-14,2022-11-21,2059.163471637851,0.04,4,HIGH,TP,2022-11-21,82.36653886551404
WMT,2022-11-14,2022-11-15,2022-11-21,2059.163471637851,0.04,4,HIGH,TP,2022-11-21,82.36653886551404
AVGO,2022-11-16,2022-11-17,2022-11-22,2059.163471637851,0.04,4,HIGH,TP,2022-11-22,82.36653886551404
V,2022-11-21,2022-11-22,2022-11-30,2139.2324205069262,0.04,4,HIGH,TP,2022-11-30,85.56929682027705
BAC,2022-11-28,2022-11-29,2022-11-30,2139.2324205069267,-0.0200000000000001,4,HIGH,SL,2022-11-30,-42.78464841013875
HD,2022-11-28,2022-11-29,2022-12-01,2139.2324205069267,0.04,4,HIGH,TP,2022-12-01,85.56929682027707
CVX,2022-11-28,2022-11-29,2022-12-05,2139.2324205069262,-0.02,4,HIGH,SL,2022-12-05,-42.78464841013852
XOM,2022-11-28,2022-11-29,2022-12-05,2139.232420506925,-0.02,4,HIGH,SL,2022-12-05,-42.7846484101385
BAC,2022-12-01,2022-12-02,2022-12-05,2164.903209553009,-0.02,4,HIGH,SL,2022-12-05,-43.298064191060185
MS,2022-12-05,2022-12-06,2022-12-06,2139.129737350742,-0.02,5,HIGH,SL,2022-12-07,-42.78259474701484
JPM,2022-12-05,2022-12-06,2022-12-06,2139.129737350742,-0.02,4,HIGH,SL,2022-12-07,-42.78259474701484
XOM,2022-12-05,2022-12-06,2022-12-06,2139.129737350742,-0.02,4,HIGH,SL,2022-12-07,-42.78259474701484
PFE,2022-12-06,2022-12-07,2022-12-08,2113.4601805025327,0.04,5,HIGH,TP,2022-12-08,84.5384072201013
BA,2022-12-06,2022-12-07,2022-12-08,2113.4601805025327,0.04,4,HIGH,TP,2022-12-08,84.5384072201013
MS,2022-12-06,2022-12-07,2022-12-12,2113.460180502533,0.04,4,HIGH,TP,2022-12-12,84.53840722010133
UPS,2022-12-06,2022-12-07,2022-12-12,2113.4601805025327,0.04,4,HIGH,TP,2022-12-12,84.5384072201013
GS,2022-12-06,2022-12-07,2022-12-13,2113.4601805025327,0.04,4,HIGH,TP,2022-12-13,84.5384072201013
GE,2022-12-09,2022-12-12,2022-12-15,2181.090906278614,-0.0200000000000001,4,HIGH,SL,2022-12-15,-43.6218181255725
WMT,2022-12-09,2022-12-12,2022-12-16,2181.090906278614,-0.02,4,HIGH,SL,2022-12-16,-43.62181812557228
MSFT,2022-12-15,2022-12-16,2022-12-16,2180.5498604724053,-0.02,4,HIGH,SL,2022-12-17,-43.61099720944811
LLY,2022-12-13,2022-12-14,2022-12-21,2197.9985877226345,0.0250689068493272,4,HIGH,TIME,2022-12-21,55.10142185057147
DUK,2022-12-16,2022-12-19,2022-12-27,2171.827661030516,0.03535400073908,5,HIGH,TIME,2022-12-27,76.78279673322726
MCD,2022-12-16,2022-12-19,2022-12-27,2171.827661030516,0.0022159176387985,4,HIGH,TIME,2022-12-27,4.8125912225080105
PFE,2023-01-04,2023-01-05,2023-01-09,2199.1670229917777,-0.0199999999999999,4,HIGH,SL,2023-01-09,-43.98334045983533
BLK,2023-01-05,2023-01-06,2023-01-09,2199.1670229917777,0.04,4,HIGH,TP,2023-01-09,87.9666809196711
ABBV,2023-01-09,2023-01-10,2023-01-10,2207.9636910837444,-0.0200000000000001,4,HIGH,SL,2023-01-11,-44.15927382167511
JNJ,2023-01-09,2023-01-10,2023-01-11,2207.9636910837444,-0.02,4,HIGH,SL,2023-01-11,-44.15927382167489
MRK,2023-01-09,2023-01-10,2023-01-18,2207.9636910837444,-0.0160094403886607,4,HIGH,TIME,2023-01-18,-35.34826309273246
AMT,2023-01-18,2023-01-19,2023-01-20,2183.2303289365277,-0.0199999999999999,4,HIGH,SL,2023-01-20,-43.664606578730336
NEE,2023-01-18,2023-01-19,2023-01-19,2183.2303289365277,-0.0200000000000001,4,HIGH,SL,2023-01-20,-43.664606578730776
GE,2023-01-19,2023-01-20,2023-01-20,2165.764486305035,-0.02,5,HIGH,SL,2023-01-21,-43.3152897261007
XOM,2023-01-18,2023-01-19,2023-01-23,2183.2303289365277,0.04,4,HIGH,TP,2023-01-23,87.32921315746111
NFLX,2023-01-19,2023-01-20,2023-01-23,2130.8328010420505,0.04,4,HIGH,TP,2023-01-23,85.23331204168203
CAT,2023-01-19,2023-01-20,2023-01-24,2165.764486305035,0.04,5,HIGH,TP,2023-01-24,86.6305794522014
JPM,2023-01-18,2023-01-19,2023-01-26,2183.2303289365277,0.0344366620395988,5,HIGH,TIME,2023-01-26,75.18316499218933
GOOGL,2023-01-25,2023-01-26,2023-02-01,2223.976682288522,0.04,4,HIGH,TP,2023-02-01,88.95906729154089
CAT,2023-01-31,2023-02-01,2023-02-01,2241.7684957468305,-0.02,5,HIGH,SL,2023-02-02,-44.835369914936614
ADBE,2023-02-03,2023-02-06,2023-02-10,2232.8014217638433,-0.02,4,HIGH,SL,2023-02-10,-44.656028435276866
DIS,2023-02-10,2023-02-13,2023-02-14,2223.870216076788,-0.02,4,HIGH,SL,2023-02-14,-44.47740432153576
COST,2023-02-08,2023-02-09,2023-02-16,2232.8014217638433,-0.0023551324776321,5,HIGH,TIME,2023-02-16,-5.258543144499155
CRM,2023-02-10,2023-02-13,2023-02-17,2223.870216076788,-0.0200000000000001,5,HIGH,SL,2023-02-17,-44.477404321535985
WMT,2023-02-22,2023-02-23,2023-02-23,2205.0275457192743,-0.0199999999999999,5,HIGH,SL,2023-02-24,-44.100550914385266
XOM,2023-02-17,2023-02-21,2023-02-28,2205.0275457192743,-0.0081220451539225,4,HIGH,TIME,2023-02-28,-17.909333291974853
CRM,2023-03-10,2023-03-13,2023-03-14,2192.625568878002,0.04,4,HIGH,TP,2023-03-14,87.70502275512008
MSFT,2023-03-20,2023-03-21,2023-03-28,2210.1665734290264,0.0012730216650151,4,HIGH,TIME,2023-03-28,2.8135899312673374
NVDA,2023-04-05,2023-04-06,2023-04-11,2210.72929141528,0.04,4,HIGH,TP,2023-04-11,88.4291716566112
AMZN,2023-04-11,2023-04-12,2023-04-12,2228.4151257466024,-0.02,4,HIGH,SL,2023-04-13,-44.56830251493205
UNH,2023-04-14,2023-04-17,2023-04-18,2219.501465243616,-0.02,5,HIGH,SL,2023-04-18,-44.39002930487232
GOOGL,2023-04-17,2023-04-18,2023-04-18,2210.623459382641,-0.02,4,HIGH,SL,2023-04-19,-44.21246918765282
BLK,2023-04-21,2023-04-24,2023-04-25,2201.7809655451106,-0.02,5,HIGH,SL,2023-04-25,-44.03561931090221
JNJ,2023-04-18,2023-04-19,2023-04-26,2201.7809655451106,0.0038890946397796,5,HIGH,TIME,2023-04-26,8.562934551070242
UNH,2023-04-19,2023-04-20,2023-04-27,2201.7809655451106,0.0102992705274789,4,HIGH,TIME,2023-04-27,22.676737806402794
AMZN,2023-04-25,2023-04-26,2023-04-27,2194.686428593144,0.04,5,HIGH,TP,2023-04-27,87.78745714372575
ADBE,2023-04-25,2023-04-26,2023-04-26,2194.686428593144,-0.0200000000000001,4,HIGH,SL,2023-04-27,-43.8937285718631
META,2023-04-25,2023-04-26,2023-04-27,2194.686428593144,0.04,4,HIGH,TP,2023-04-27,87.78745714372575
MSFT,2023-04-25,2023-04-26,2023-04-28,2187.591891641176,0.04,4,HIGH,TP,2023-04-28,87.50367566564704
LLY,2023-04-26,2023-04-27,2023-04-27,2225.558013297542,-0.02,5,HIGH,SL,2023-04-28,-44.51116026595084
MRK,2023-04-26,2023-04-27,2023-04-27,2225.558013297542,-0.0200000000000001,5,HIGH,SL,2023-04-28,-44.51116026595106
LOW,2023-04-26,2023-04-27,2023-05-01,2225.558013297542,0.04,4,HIGH,TP,2023-05-01,89.02232053190168
AMZN,2023-04-28,2023-05-01,2023-05-01,2243.0587484306716,-0.0200000000000001,4,HIGH,SL,2023-05-02,-44.86117496861366
XOM,2023-05-01,2023-05-02,2023-05-02,2234.0865134369487,-0.02,4,HIGH,SL,2023-05-03,-44.681730268738974
GE,2023-05-04,2023-05-05,2023-05-10,2225.150167383201,-0.02,5,HIGH,SL,2023-05-10,-44.50300334766402
NKE,2023-05-04,2023-05-05,2023-05-10,2225.150167383201,-0.02,4,HIGH,SL,2023-05-10,-44.50300334766402
PEP,2023-05-22,2023-05-23,2023-05-25,2207.348966044135,-0.0199999999999999,4,HIGH,SL,2023-05-25,-44.14697932088248
ORCL,2023-05-23,2023-05-24,2023-05-25,2207.348966044135,0.04,5,HIGH,TP,2023-05-25,88.2939586417654
MA,2023-05-23,2023-05-24,2023-05-31,2207.348966044135,-0.02,4,HIGH,SL,2023-05-31,-44.1469793208827
LLY,2023-05-23,2023-05-24,2023-06-01,2207.348966044135,0.0294575990485148,5,HIGH,TIME,2023-06-01,65.02320080188184
ADBE,2023-06-07,2023-06-08,2023-06-09,2220.3536062045114,0.04,5,HIGH,TP,2023-06-09,88.81414424818045
CRM,2023-06-07,2023-06-08,2023-06-09,2220.3536062045114,0.04,4,HIGH,TP,2023-06-09,88.81414424818045
META,2023-06-07,2023-06-08,2023-06-12,2220.3536062045114,0.04,5,HIGH,TP,2023-06-12,88.81414424818045
MSFT,2023-06-07,2023-06-08,2023-06-13,2220.3536062045114,0.04,5,HIGH,TP,2023-06-13,88.81414424818045
GOOGL,2023-06-07,2023-06-08,2023-06-15,2220.3536062045114,0.0233984835626313,5,HIGH,TIME,2023-06-15,51.95290735800539
AMD,2023-06-16,2023-06-20,2023-06-21,2301.795503074657,-0.0200000000000001,4,HIGH,SL,2023-06-21,-46.035910061493375
BA,2023-06-20,2023-06-21,2023-06-22,2292.588321062359,-0.02,5,HIGH,SL,2023-06-22,-45.85176642124718
GS,2023-06-20,2023-06-21,2023-06-22,2292.588321062359,-0.02,5,HIGH,SL,2023-06-22,-45.85176642124718
GE,2023-06-20,2023-06-21,2023-06-28,2292.588321062359,0.0329025234390267,4,HIGH,TIME,2023-06-28,75.43194096979313
NVDA,2023-06-26,2023-06-27,2023-06-30,2274.24761449386,0.04,4,HIGH,TP,2023-06-30,90.9699045797544
META,2023-06-26,2023-06-27,2023-07-05,2274.24761449386,0.04,5,HIGH,TP,2023-07-05,90.9699045797544
GOOGL,2023-06-26,2023-06-27,2023-07-05,2274.24761449386,0.04,4,HIGH,TP,2023-07-05,90.9699045797544
HD,2023-07-06,2023-07-07,2023-07-11,2343.915945435671,0.04,4,HIGH,TP,2023-07-11,93.75663781742684
LLY,2023-07-07,2023-07-10,2023-07-11,2343.9159454356713,-0.02,4,HIGH,SL,2023-07-11,-46.878318908713425
UPS,2023-07-05,2023-07-06,2023-07-12,2343.915945435671,0.04,4,HIGH,TP,2023-07-12,93.75663781742684
COST,2023-07-07,2023-07-10,2023-07-14,2343.9159454356713,0.04,4,HIGH,TP,2023-07-14,93.75663781742685
WMT,2023-07-07,2023-07-10,2023-07-17,2343.9159454356704,0.0018761510927627,4,HIGH,TIME,2023-07-17,4.39754046237305
PLD,2023-07-18,2023-07-19,2023-07-19,2391.673772436859,-0.02,5,HIGH,SL,2023-07-20,-47.83347544873718
NVDA,2023-07-20,2023-07-21,2023-07-21,2382.107077347111,-0.0200000000000001,5,HIGH,SL,2023-07-22,-47.64214154694246
AMZN,2023-07-20,2023-07-21,2023-07-21,2382.107077347111,-0.0200000000000001,4,HIGH,SL,2023-07-22,-47.64214154694246
NVDA,2023-07-21,2023-07-24,2023-07-27,2363.050220728334,0.04,4,HIGH,TP,2023-07-27,94.52200882913336
ORCL,2023-07-20,2023-07-21,2023-07-28,2382.107077347111,-0.0042921747920481,4,HIGH,TIME,2023-07-28,-10.224419949348643
MSFT,2023-07-26,2023-07-27,2023-07-27,2381.9546224941605,-0.02,4,HIGH,SL,2023-07-28,-47.63909244988321
GE,2023-07-26,2023-07-27,2023-08-01,2381.9546224941605,-0.02,4,HIGH,SL,2023-08-01,-47.63909244988321
JNJ,2023-07-31,2023-08-01,2023-08-07,2360.8541015243377,0.04,5,HIGH,TP,2023-08-07,94.43416406097352
BLK,2023-08-02,2023-08-03,2023-08-08,2360.8541015243377,-0.02,4,HIGH,SL,2023-08-08,-47.21708203048676
AVGO,2023-08-02,2023-08-03,2023-08-09,2360.8541015243377,-0.02,5,HIGH,SL,2023-08-09,-47.21708203048676
DIS,2023-08-11,2023-08-14,2023-08-15,2360.8541015243377,-0.02,4,HIGH,SL,2023-08-15,-47.21708203048676
JPM,2023-08-15,2023-08-16,2023-08-18,2351.4106851182405,-0.0200000000000001,4,HIGH,SL,2023-08-18,-47.02821370236505
JNJ,2023-08-21,2023-08-22,2023-08-23,2342.005042377768,-0.02,4,HIGH,SL,2023-08-23,-46.84010084755536
COST,2023-08-17,2023-08-18,2023-08-24,2342.005042377768,-0.0200000000000001,4,HIGH,SL,2023-08-24,-46.8401008475556
ADBE,2023-08-24,2023-08-25,2023-08-29,2323.2690020387454,0.04,4,HIGH,TP,2023-08-29,92.93076008154982
ADBE,2023-09-12,2023-09-13,2023-09-14,2341.8551540550557,-0.02,5,HIGH,SL,2023-09-14,-46.83710308110111
CVX,2023-09-11,2023-09-12,2023-09-19,2341.8551540550557,0.0114939749027926,5,HIGH,TIME,2023-09-19,26.91722436668431
AMZN,2023-09-15,2023-09-18,2023-09-19,2332.487733438835,-0.0199999999999999,5,HIGH,SL,2023-09-19,-46.649754668776474
LLY,2023-09-15,2023-09-18,2023-09-18,2323.120312822615,-0.0199999999999999,5,HIGH,SL,2023-09-19,-46.46240625645206
CAT,2023-09-13,2023-09-14,2023-09-21,2332.487733438835,-0.02,4,HIGH,SL,2023-09-21,-46.64975466877671
V,2023-09-14,2023-09-15,2023-09-21,2332.487733438835,-0.02,4,HIGH,SL,2023-09-21,-46.64975466877671
GOOGL,2023-09-20,2023-09-21,2023-09-26,2300.588844259616,-0.02,4,HIGH,SL,2023-09-26,-46.01177688519232
LLY,2023-09-21,2023-09-22,2023-09-29,2300.588844259616,-0.0200000000000001,4,HIGH,SL,2023-09-29,-46.01177688519255
CVX,2023-10-04,2023-10-05,2023-10-09,2282.184133505539,0.04,4,HIGH,TP,2023-10-09,91.28736534022157
COST,2023-10-06,2023-10-09,2023-10-16,2300.441606573583,0.0310631592919845,4,HIGH,TIME,2023-10-16,71.45898406690395
NVDA,2023-10-13,2023-10-16,2023-10-17,2314.7334033869643,-0.02,5,HIGH,SL,2023-10-17,-46.29466806773929
META,2023-10-13,2023-10-16,2023-10-19,2314.7334033869643,-0.02,5,HIGH,SL,2023-10-19,-46.29466806773929
AVGO,2023-10-17,2023-10-18,2023-10-20,2305.4744697734163,-0.0200000000000001,4,HIGH,SL,2023-10-20,-46.10948939546856
AVGO,2023-10-19,2023-10-20,2023-10-20,2286.9936382807746,-0.02,4,HIGH,SL,2023-10-21,-45.739872765615495
LLY,2023-10-19,2023-10-20,2023-10-23,2286.993638280775,-0.0199999999999999,4,HIGH,SL,2023-10-23,-45.739872765615274
ADBE,2023-10-20,2023-10-23,2023-10-25,2268.6976891745285,-0.0200000000000001,4,HIGH,SL,2023-10-25,-45.3739537834908
COP,2023-10-23,2023-10-24,2023-10-25,2268.6976891745285,-0.02,4,HIGH,SL,2023-10-25,-45.37395378349057
MSFT,2023-10-26,2023-10-27,2023-11-01,2250.548107661132,0.04,5,HIGH,TP,2023-11-01,90.02192430644527
NKE,2023-10-26,2023-10-27,2023-11-02,2250.548107661132,0.04,5,HIGH,TP,2023-11-02,90.02192430644527
NKE,2023-11-09,2023-11-10,2023-11-13,2286.55687738371,-0.0200000000000001,4,HIGH,SL,2023-11-13,-45.73113754767443
LLY,2023-11-15,2023-11-16,2023-11-24,2277.410649874175,0.016229967237539,4,HIGH,TIME,2023-11-24,36.96230023388026
COST,2023-11-16,2023-11-17,2023-11-27,2277.410649874175,0.0276385660063376,4,HIGH,TIME,2023-11-27,62.94436457008359
NVDA,2023-11-22,2023-11-24,2023-11-28,2284.803109920951,-0.0200000000000001,4,HIGH,SL,2023-11-28,-45.696062198419256
AVGO,2023-11-27,2023-11-28,2023-11-30,2288.2527703952837,-0.02,5,HIGH,SL,2023-11-30,-45.76505540790568
META,2023-11-29,2023-11-30,2023-11-30,2279.099759313703,-0.02,4,HIGH,SL,2023-12-01,-45.581995186274064
NVDA,2023-11-30,2023-12-01,2023-12-04,2269.983360276448,-0.02,4,HIGH,SL,2023-12-04,-45.39966720552896
DIS,2023-11-28,2023-11-29,2023-12-05,2288.2527703952837,-0.02,5,HIGH,SL,2023-12-05,-45.76505540790568
NFLX,2023-12-04,2023-12-05,2023-12-11,2251.750415753761,0.04,4,HIGH,TP,2023-12-11,90.07001663015045
ORCL,2023-12-06,2023-12-07,2023-12-12,2251.750415753761,-0.02,4,HIGH,SL,2023-12-12,-45.035008315075224
GS,2023-12-05,2023-12-06,2023-12-13,2251.750415753761,0.04,4,HIGH,TP,2023-12-13,90.07001663015045
AMT,2023-12-08,2023-12-11,2023-12-14,2269.764419079791,0.04,5,HIGH,TP,2023-12-14,90.79057676319164
MSFT,2023-12-14,2023-12-15,2023-12-22,2296.9295360954443,0.0210711399316319,4,HIGH,TIME,2023-12-22,48.39892366816545
PEP,2023-12-14,2023-12-15,2023-12-22,2296.9295360954443,0.0013734415512547,4,HIGH,TIME,2023-12-22,3.1546984651776655
BLK,2023-12-18,2023-12-19,2023-12-27,2296.9295360954443,0.0152046343920551,4,HIGH,TIME,2023-12-27,34.92397382064396
TSLA,2023-12-20,2023-12-21,2023-12-27,2296.9295360954447,0.04,5,HIGH,TP,2023-12-27,91.87718144381779
UPS,2023-12-20,2023-12-21,2023-12-29,2296.9295360954443,-0.0023481137484695,5,HIGH,TIME,2023-12-29,-5.393451822971383
NVDA,2024-01-02,2024-01-03,2024-01-05,2331.521801210411,0.04,5,HIGH,TP,2024-01-05,93.26087204841645
META,2024-01-02,2024-01-03,2024-01-08,2331.521801210411,0.04,4,HIGH,TP,2024-01-08,93.26087204841645
BA,2024-01-03,2024-01-04,2024-01-08,2331.521801210411,-0.02,4,HIGH,SL,2024-01-08,-46.63043602420822
HON,2024-01-03,2024-01-04,2024-01-09,2331.5218012104115,-0.0199999999999999,5,HIGH,SL,2024-01-09,-46.630436024207995
AMZN,2024-01-04,2024-01-05,2024-01-09,2350.1739756200946,0.04,4,HIGH,TP,2024-01-09,94.00695902480378
NFLX,2024-01-02,2024-01-03,2024-01-10,2331.521801210411,0.04,4,HIGH,TP,2024-01-10,93.26087204841645
NEE,2024-01-11,2024-01-12,2024-01-17,2387.6275418347386,-0.02,4,HIGH,SL,2024-01-17,-47.75255083669477
CAT,2024-01-17,2024-01-18,2024-01-22,2378.0770316673998,0.04,4,HIGH,TP,2024-01-22,95.12308126669599
PLD,2024-01-17,2024-01-18,2024-01-25,2378.0770316673998,-0.0046532847539403,4,HIGH,TIME,2024-01-25,-11.065869595153515
UPS,2024-01-24,2024-01-25,2024-01-30,2394.888474001709,-0.0199999999999999,4,HIGH,SL,2024-01-30,-47.897769480033936
AMZN,2024-01-31,2024-02-01,2024-02-02,2385.308920105702,0.04,5,HIGH,TP,2024-02-02,95.41235680422808
META,2024-01-31,2024-02-01,2024-02-02,2385.308920105702,0.04,5,HIGH,TP,2024-02-02,95.41235680422808
AMD,2024-01-31,2024-02-01,2024-02-01,2385.308920105702,-0.02,4,HIGH,SL,2024-02-02,-47.70617840211404
BAC,2024-01-31,2024-02-01,2024-02-01,2385.308920105702,-0.0199999999999999,4,HIGH,SL,2024-02-02,-47.7061784021138
MSFT,2024-01-31,2024-02-01,2024-02-08,2385.308920105702,0.030560207717678,5,HIGH,TIME,2024-02-08,72.89553606926044
ADBE,2024-02-06,2024-02-07,2024-02-13,2404.3913914665477,-0.02,4,HIGH,SL,2024-02-13,-48.087827829330955
XOM,2024-02-09,2024-02-12,2024-02-20,2418.9704986804,0.0151225114674158,5,HIGH,TIME,2024-02-20,36.580909105634866
MSFT,2024-02-13,2024-02-14,2024-02-20,2409.3529331145337,-0.0200000000000001,5,HIGH,SL,2024-02-20,-48.187058662290916
AMZN,2024-02-13,2024-02-14,2024-02-20,2409.3529331145337,-0.0199999999999999,4,HIGH,SL,2024-02-20,-48.18705866229043
CRM,2024-02-13,2024-02-14,2024-02-21,2399.7353675486675,-0.0199999999999999,4,HIGH,SL,2024-02-21,-47.99470735097311
HD,2024-02-13,2024-02-14,2024-02-22,2409.3529331145337,0.04,5,HIGH,TP,2024-02-22,96.37411732458135
LLY,2024-02-20,2024-02-21,2024-02-22,2387.7953500005497,0.04,5,HIGH,TP,2024-02-22,95.51181400002199
MA,2024-02-20,2024-02-21,2024-02-22,2387.7953500005497,0.04,4,HIGH,TP,2024-02-22,95.51181400002199
MRK,2024-03-04,2024-03-05,2024-03-08,2445.2748990654745,-0.02,4,HIGH,SL,2024-03-08,-48.905497981309495
CVX,2024-03-04,2024-03-05,2024-03-12,2445.2748990654745,0.0205602837673002,4,HIGH,TIME,2024-03-12,50.27554581384251
ORCL,2024-03-05,2024-03-06,2024-03-12,2445.2748990654745,0.04,4,HIGH,TP,2024-03-12,97.81099596261899
NFLX,2024-03-05,2024-03-06,2024-03-13,2445.2748990654745,0.0107132773468194,5,HIGH,TIME,2024-03-13,26.19690818290424
MSFT,2024-03-05,2024-03-06,2024-03-13,2445.2748990654745,0.0301015891627078,4,HIGH,TIME,2024-03-13,73.6066604015507
LLY,2024-03-11,2024-03-12,2024-03-19,2465.111107824505,0.04,4,HIGH,TP,2024-03-19,98.60444431298019
BLK,2024-03-14,2024-03-15,2024-03-21,2485.0718215413963,0.04,4,HIGH,TP,2024-03-21,99.40287286165585
CRM,2024-03-15,2024-03-18,2024-03-21,2485.0718215413963,0.04,4,HIGH,TP,2024-03-21,99.40287286165585
MSFT,2024-03-15,2024-03-18,2024-03-21,2485.0718215413963,0.04,4,HIGH,TP,2024-03-21,99.40287286165585
AMZN,2024-03-15,2024-03-18,2024-03-25,2485.0718215413963,0.0222412036077053,5,HIGH,TIME,2024-03-25,55.270988362673286
V,2024-03-22,2024-03-25,2024-03-27,2575.48863179352,-0.02,4,HIGH,SL,2024-03-27,-51.509772635870405
BLK,2024-03-22,2024-03-25,2024-04-02,2575.48863179352,-0.0046925758839498,4,HIGH,TIME,2024-04-02,-12.085675842941138
GE,2024-03-28,2024-04-01,2024-04-02,2565.186677266346,-0.02,4,HIGH,SL,2024-04-02,-51.30373354532692
LLY,2024-04-01,2024-04-02,2024-04-03,2552.5087953886923,0.04,4,HIGH,TP,2024-04-03,102.1003518155477
GE,2024-04-02,2024-04-03,2024-04-03,2572.928865751802,0.04,4,HIGH,TP,2024-04-04,102.91715463007208
DIS,2024-04-03,2024-04-04,2024-04-05,2593.5122966778163,-0.02,5,HIGH,SL,2024-04-05,-51.870245933556326
GOOGL,2024-04-04,2024-04-05,2024-04-09,2583.138247491105,0.04,5,HIGH,TP,2024-04-09,103.32552989964421
LOW,2024-04-10,2024-04-11,2024-04-11,2603.803353471034,-0.0199999999999999,4,HIGH,SL,2024-04-12,-52.07606706942042
DIS,2024-04-12,2024-04-15,2024-04-16,2593.38814005715,-0.0200000000000001,4,HIGH,SL,2024-04-16,-51.86776280114326
PEP,2024-04-23,2024-04-24,2024-04-24,2583.0145874969216,0.04,5,HIGH,TP,2024-04-25,103.32058349987688
COP,2024-04-30,2024-05-01,2024-05-02,2603.6787041968964,-0.02,4,HIGH,SL,2024-05-02,-52.07357408393793
XOM,2024-04-26,2024-04-29,2024-05-03,2603.6787041968964,-0.02,4,HIGH,SL,2024-05-03,-52.07357408393793
CVX,2024-04-30,2024-05-01,2024-05-03,2603.6787041968964,-0.02,5,HIGH,SL,2024-05-03,-52.07357408393793
GOOGL,2024-04-29,2024-04-30,2024-05-07,2603.6787041968964,0.0340558049305668,4,HIGH,TIME,2024-05-07,88.67037405200044
AMD,2024-06-03,2024-06-04,2024-06-04,2590.168634556934,-0.02,4,HIGH,SL,2024-06-05,-51.803372691138684
NEE,2024-06-03,2024-06-04,2024-06-07,2590.168634556934,-0.0200000000000001,4,HIGH,SL,2024-06-07,-51.80337269113895
UNH,2024-06-07,2024-06-10,2024-06-17,2569.447285480479,0.0006221230570091,4,HIGH,TIME,2024-06-17,1.5985124000668491
NKE,2024-06-12,2024-06-13,2024-06-17,2569.447285480479,-0.02,5,HIGH,SL,2024-06-17,-51.38894570960958
AVGO,2024-06-24,2024-06-25,2024-06-25,2559.48919881857,-0.02,4,HIGH,SL,2024-06-26,-51.1897839763714
AAPL,2024-06-20,2024-06-21,2024-06-28,2559.48919881857,0.0010931791732267,4,HIGH,TIME,2024-06-28,2.797980286247153
NKE,2024-06-25,2024-06-26,2024-06-28,2549.251242023296,-0.0199999999999999,5,HIGH,SL,2024-06-28,-50.98502484046566
NFLX,2024-06-24,2024-06-25,2024-07-02,2559.48919881857,0.0091173437418041,5,HIGH,TIME,2024-07-02,23.33574282906368
HD,2024-06-25,2024-06-26,2024-07-02,2528.7753284327464,-0.02,4,HIGH,SL,2024-07-02,-50.57550656865493
META,2024-06-28,2024-07-01,2024-07-01,2520.9395631751954,-0.02,5,HIGH,SL,2024-07-02,-50.41879126350391
WMT,2024-06-25,2024-06-26,2024-07-03,2549.251242023296,0.0124626483227174,5,HIGH,TIME,2024-07-03,31.770421715586878
GS,2024-06-27,2024-06-28,2024-07-03,2539.6138331124525,0.04,4,HIGH,TP,2024-07-03,101.5845533244981
ORCL,2024-07-09,2024-07-10,2024-07-15,2550.75311711985,0.04,5,HIGH,TP,2024-07-15,102.03012468479399
GOOGL,2024-07-11,2024-07-12,2024-07-17,2550.75311711985,-0.02,5,HIGH,SL,2024-07-17,-51.015062342396995
MSFT,2024-07-11,2024-07-12,2024-07-17,2550.75311711985,-0.02,5,HIGH,SL,2024-07-17,-51.015062342396995
NFLX,2024-07-11,2024-07-12,2024-07-17,2550.75311711985,-0.02,4,HIGH,SL,2024-07-17,-51.015062342396995
AMZN,2024-07-17,2024-07-18,2024-07-18,2540.5501046513705,-0.02,4,HIGH,SL,2024-07-19,-50.81100209302741
LLY,2024-07-17,2024-07-18,2024-07-18,2540.5501046513705,-0.02,4,HIGH,SL,2024-07-19,-50.81100209302741
MS,2024-07-18,2024-07-19,2024-07-19,2499.9013029769467,-0.0199999999999999,4,HIGH,SL,2024-07-20,-49.99802605953868
BAC,2024-07-18,2024-07-19,2024-07-22,2520.225703814159,-0.02,4,HIGH,SL,2024-07-22,-50.40451407628318
CAT,2024-07-19,2024-07-22,2024-07-24,2500.1451957869945,-0.0200000000000001,5,HIGH,SL,2024-07-24,-50.00290391574014
ORCL,2024-07-17,2024-07-18,2024-07-25,2540.5501046513705,-0.011050467318456,4,HIGH,TIME,2024-07-25,-28.074265902349943
GS,2024-07-18,2024-07-19,2024-07-26,2520.2257038141593,0.0202608481174928,5,HIGH,TIME,2024-07-26,51.06191020678008
JPM,2024-07-18,2024-07-19,2024-07-26,2520.225703814159,0.0049242569038923,5,HIGH,TIME,2024-07-26,12.410238821373701
MS,2024-07-19,2024-07-22,2024-07-29,2419.579270868289,9.76296354171513e-05,5,HIGH,TIME,2024-07-29,0.23622264207776783
BLK,2024-07-24,2024-07-25,2024-07-29,2484.5297618233762,0.04,4,HIGH,TP,2024-07-29,99.38119047293505
HD,2024-07-24,2024-07-25,2024-07-30,2478.088368796898,0.04,4,HIGH,TP,2024-07-30,99.12353475187592
JNJ,2024-07-31,2024-08-01,2024-08-02,2536.972381202385,0.04,5,HIGH,TP,2024-08-02,101.4788952480954
PFE,2024-07-31,2024-08-01,2024-08-01,2536.972381202385,-0.02,5,HIGH,SL,2024-08-02,-50.7394476240477
HD,2024-08-01,2024-08-02,2024-08-02,2547.1202707271946,-0.02,5,HIGH,SL,2024-08-03,-50.94240541454389
JPM,2024-08-01,2024-08-02,2024-08-02,2547.1202707271946,-0.02,4,HIGH,SL,2024-08-03,-50.94240541454389
ADBE,2024-08-02,2024-08-05,2024-08-07,2526.743308561377,0.04,4,HIGH,TP,2024-08-07,101.06973234245508
PLD,2024-08-02,2024-08-05,2024-08-12,2526.743308561377,-8.332832826074554e-05,4,HIGH,TIME,2024-08-12,-0.2105492958464447
LOW,2024-08-07,2024-08-08,2024-08-15,2546.9572550298676,0.04,4,HIGH,TP,2024-08-15,101.8782902011947
AVGO,2024-08-22,2024-08-23,2024-08-26,2567.290803210937,-0.02,4,HIGH,SL,2024-08-26,-51.345816064218745
NVDA,2024-08-22,2024-08-23,2024-08-26,2567.290803210937,0.04,4,HIGH,TP,2024-08-26,102.69163212843749
XOM,2024-08-20,2024-08-21,2024-08-28,2567.290803210937,0.0131293367473093,4,HIGH,TIME,2024-08-28,33.70682548362657
CRM,2024-08-28,2024-08-29,2024-08-29,2584.301331520506,-0.02,5,HIGH,SL,2024-08-30,-51.686026630410126
NVDA,2024-08-28,2024-08-29,2024-08-29,2584.301331520506,-0.02,4,HIGH,SL,2024-08-30,-51.686026630410126
JPM,2024-09-03,2024-09-04,2024-09-05,2563.6269208683425,-0.02,4,HIGH,SL,2024-09-05,-51.27253841736685
AAPL,2024-09-03,2024-09-04,2024-09-09,2563.6269208683425,-0.0199999999999999,4,HIGH,SL,2024-09-09,-51.27253841736659
JPM,2024-09-06,2024-09-09,2024-09-10,2543.117905501396,-0.02,4,HIGH,SL,2024-09-10,-50.86235811002792
NFLX,2024-09-03,2024-09-04,2024-09-11,2563.6269208683425,0.0121192597251804,4,HIGH,TIME,2024-09-11,31.069260492467944
ABBV,2024-09-05,2024-09-06,2024-09-13,2553.372413184869,0.0038249186963812,4,HIGH,TIME,2024-09-13,9.766441882014789
WMT,2024-09-17,2024-09-18,2024-09-25,2541.112574354287,0.0350965945003709,5,HIGH,TIME,2024-09-25,89.18439760190601
NFLX,2024-09-18,2024-09-19,2024-09-26,2541.112574354287,0.0091205353432513,4,HIGH,TIME,2024-09-26,23.17630704557857
NEE,2024-09-19,2024-09-20,2024-09-27,2541.112574354287,0.027841941883024,5,HIGH,TIME,2024-09-27,70.74950861339356
PLD,2024-09-20,2024-09-23,2024-09-30,2541.112574354287,-0.0025276444349754,4,HIGH,TIME,2024-09-30,-6.423029057212626
TSLA,2024-10-02,2024-10-03,2024-10-03,2576.45001119502,-0.02,4,HIGH,SL,2024-10-04,-51.529000223900404
AAPL,2024-10-01,2024-10-02,2024-10-07,2576.45001119502,-0.02,5,HIGH,SL,2024-10-07,-51.529000223900404
MSFT,2024-10-01,2024-10-02,2024-10-07,2576.45001119502,-0.0199999999999999,4,HIGH,SL,2024-10-07,-51.52900022390014
TSLA,2024-10-03,2024-10-04,2024-10-07,2566.14421115024,-0.02,4,HIGH,SL,2024-10-07,-51.322884223004806
DIS,2024-10-01,2024-10-02,2024-10-08,2576.45001119502,-0.02,5,HIGH,SL,2024-10-08,-51.529000223900404
NFLX,2024-10-07,2024-10-08,2024-10-10,2524.962234171299,0.04,4,HIGH,TP,2024-10-10,100.99848936685196
AMZN,2024-10-07,2024-10-08,2024-10-11,2524.962234171299,0.04,4,HIGH,TP,2024-10-11,100.99848936685196
DIS,2024-10-07,2024-10-08,2024-10-15,2524.962234171299,0.0183742713605223,4,HIGH,TIME,2024-10-15,46.3943412657341
AMD,2024-10-10,2024-10-11,2024-10-15,2565.36162991804,-0.0200000000000001,5,HIGH,SL,2024-10-15,-51.307232598361054
PFE,2024-10-10,2024-10-11,2024-10-18,2565.3616299180403,-0.0047684403117772,4,HIGH,TIME,2024-10-18,-12.232773810387647
CAT,2024-10-14,2024-10-15,2024-10-22,2564.3790516515146,-0.0019822748518085,4,HIGH,TIME,2024-10-22,-5.083304104593328
AVGO,2024-10-15,2024-10-16,2024-10-23,2564.3790516515146,-0.0199999999999999,5,HIGH,SL,2024-10-23,-51.28758103303004
XOM,2024-10-15,2024-10-16,2024-10-23,2564.3790516515146,-0.0051286124671493,5,HIGH,TIME,2024-10-23,-13.151706374796458
UPS,2024-10-21,2024-10-22,2024-10-24,2553.9894049025256,0.04,4,HIGH,TP,2024-10-24,102.15957619610103
MS,2024-10-21,2024-10-22,2024-10-29,2560.9158360685183,0.0140245274170254,5,HIGH,TIME,2024-10-29,35.91563435563746
HD,2024-10-21,2024-10-22,2024-10-29,2560.9158360685183,-0.02,4,HIGH,SL,2024-10-29,-51.218316721370364
META,2024-10-23,2024-10-24,2024-10-29,2568.4598938261734,0.04,4,HIGH,TP,2024-10-29,102.73839575304693
AMZN,2024-10-23,2024-10-24,2024-10-30,2568.4598938261734,0.04,4,HIGH,TP,2024-10-30,102.73839575304693
AAPL,2024-10-23,2024-10-24,2024-10-31,2568.4598938261734,-0.02,5,HIGH,SL,2024-10-31,-51.369197876523465
AMZN,2024-10-31,2024-11-01,2024-11-04,2596.220876078941,-0.0199999999999999,4,HIGH,SL,2024-11-04,-51.924417521578555
CAT,2024-10-30,2024-10-31,2024-11-06,2596.220876078941,0.04,4,HIGH,TP,2024-11-06,103.84883504315764
AVGO,2024-10-31,2024-11-01,2024-11-06,2596.220876078941,0.04,4,HIGH,TP,2024-11-06,103.84883504315764
MA,2024-10-31,2024-11-01,2024-11-06,2596.220876078941,0.04,4,HIGH,TP,2024-11-06,103.84883504315764
ORCL,2024-10-31,2024-11-01,2024-11-06,2596.220876078941,0.04,4,HIGH,TP,2024-11-06,103.84883504315764
CAT,2024-11-08,2024-11-11,2024-11-13,2668.915060609151,-0.0200000000000001,4,HIGH,SL,2024-11-13,-53.378301212183295
CRM,2024-11-14,2024-11-15,2024-11-18,2658.239400366714,-0.02,5,HIGH,SL,2024-11-18,-53.16478800733428
NVDA,2024-11-15,2024-11-18,2024-11-19,2647.6064427652473,0.04,4,HIGH,TP,2024-11-19,105.9042577106099
BLK,2024-11-19,2024-11-20,2024-11-27,2668.7872943073694,-0.0124957468755896,4,HIGH,TIME,2024-11-27,-33.34849049445453
ORCL,2024-11-25,2024-11-26,2024-11-27,2668.7872943073694,-0.02,4,HIGH,SL,2024-11-27,-53.37574588614739
NFLX,2024-11-25,2024-11-26,2024-12-02,2668.7872943073694,0.04,5,HIGH,TP,2024-12-02,106.75149177229478
CRM,2024-11-27,2024-11-29,2024-12-04,2651.4424470312492,0.04,5,HIGH,TP,2024-12-04,106.05769788124996
CVX,2024-12-04,2024-12-05,2024-12-06,2694.004284961958,-0.02,4,HIGH,SL,2024-12-06,-53.88008569923916
CVX,2024-12-06,2024-12-09,2024-12-13,2683.22826782211,-0.0199999999999999,4,HIGH,SL,2024-12-13,-53.66456535644193
GOOGL,2024-12-18,2024-12-19,2024-12-20,2672.4953547508217,-0.02,4,HIGH,SL,2024-12-20,-53.449907095016435
MSFT,2024-12-18,2024-12-19,2024-12-20,2672.4953547508217,-0.02,4,HIGH,SL,2024-12-20,-53.449907095016435
AAPL,2024-12-18,2024-12-19,2024-12-24,2672.4953547508217,0.04,4,HIGH,TP,2024-12-24,106.89981419003287
WMT,2024-12-23,2024-12-24,2025-01-02,2672.495354750822,-0.0040944147168749,4,HIGH,TIME,2025-01-02,-10.942304311271572
BA,2024-12-30,2024-12-31,2025-01-02,2672.4953547508226,-0.02,4,HIGH,SL,2025-01-02,-53.44990709501645
AAPL,2025-01-02,2025-01-03,2025-01-10,2659.6169124695643,-0.02,4,HIGH,SL,2025-01-10,-53.19233824939129
BA,2025-01-02,2025-01-03,2025-01-10,2659.6169124695643,-0.02,4,HIGH,SL,2025-01-10,-53.19233824939129
CVX,2025-01-21,2025-01-22,2025-01-29,2638.3399771698078,-0.0126203880741605,5,HIGH,TIME,2025-01-29,-33.29687438345473
CAT,2025-01-27,2025-01-28,2025-01-30,2638.3399771698078,-0.0200000000000001,5,HIGH,SL,2025-01-30,-52.766799543396424
MSFT,2025-01-27,2025-01-28,2025-01-30,2638.3399771698078,-0.02,4,HIGH,SL,2025-01-30,-52.766799543396154
BA,2025-01-29,2025-01-30,2025-01-31,2610.573882475758,0.04,4,HIGH,TP,2025-01-31,104.42295529903033
CRM,2025-01-30,2025-01-31,2025-01-31,2631.4584735355643,-0.02,4,HIGH,SL,2025-02-01,-52.62916947071129
AMZN,2025-02-05,2025-02-06,2025-02-07,2620.932639641422,-0.02,5,HIGH,SL,2025-02-07,-52.418652792828446
DUK,2025-02-13,2025-02-14,2025-02-18,2610.4489090828565,-0.02,5,HIGH,SL,2025-02-18,-52.20897818165713
META,2025-02-18,2025-02-19,2025-02-21,2600.007113446525,-0.02,5,HIGH,SL,2025-02-21,-52.0001422689305
BA,2025-02-20,2025-02-21,2025-02-21,2589.607084992739,-0.02,5,HIGH,SL,2025-02-22,-51.79214169985478
GS,2025-02-20,2025-02-21,2025-02-21,2589.607084992739,-0.02,4,HIGH,SL,2025-02-22,-51.79214169985478
GS,2025-02-21,2025-02-24,2025-02-24,2568.8902283127973,-0.0199999999999999,4,HIGH,SL,2025-02-25,-51.37780456625569
COST,2025-02-20,2025-02-21,2025-02-28,2589.607084992739,0.0135316755835617,5,HIGH,TIME,2025-02-28,35.041722963014635
PEP,2025-02-26,2025-02-27,2025-03-04,2558.614667399546,0.04,5,HIGH,TP,2025-03-04,102.34458669598183
CVX,2025-03-03,2025-03-04,2025-03-05,2586.0919293313455,-0.0199999999999999,4,HIGH,SL,2025-03-05,-51.72183858662665
MCD,2025-02-26,2025-02-27,2025-03-06,2558.614667399546,0.0228447163260054,5,HIGH,TIME,2025-03-06,58.45082626429928
V,2025-03-04,2025-03-05,2025-03-06,2575.74756161402,-0.02,4,HIGH,SL,2025-03-06,-51.5149512322804
MA,2025-03-04,2025-03-05,2025-03-07,2575.74756161402,-0.02,4,HIGH,SL,2025-03-07,-51.5149512322804
GE,2025-03-06,2025-03-07,2025-03-07,2566.8317463739677,-0.0200000000000001,4,HIGH,SL,2025-03-08,-51.336634927479615
PLD,2025-03-06,2025-03-07,2025-03-07,2566.8317463739677,-0.02,4,HIGH,SL,2025-03-08,-51.33663492747935
KO,2025-03-04,2025-03-05,2025-03-10,2575.74756161402,0.04,5,HIGH,TP,2025-03-10,103.0299024645608
V,2025-03-06,2025-03-07,2025-03-11,2566.8317463739677,-0.02,4,HIGH,SL,2025-03-11,-51.33663492747935
MCD,2025-03-11,2025-03-12,2025-03-12,2556.6357459103924,-0.0199999999999999,4,HIGH,SL,2025-03-13,-51.13271491820759
NEE,2025-03-11,2025-03-12,2025-03-17,2556.6357459103924,-0.0199999999999999,4,HIGH,SL,2025-03-17,-51.13271491820759
PEP,2025-03-11,2025-03-12,2025-03-19,2556.6357459103924,0.003863322072285,4,HIGH,TIME,2025-03-19,9.877107307968444
ABBV,2025-03-25,2025-03-26,2025-03-26,2538.158081404703,-0.02,4,HIGH,SL,2025-03-27,-50.76316162809406
AMT,2025-04-07,2025-04-08,2025-04-08,2528.005449079084,-0.02,4,HIGH,SL,2025-04-09,-50.56010898158168
DUK,2025-05-08,2025-05-09,2025-05-12,2517.893427282768,-0.0200000000000001,4,HIGH,SL,2025-05-12,-50.35786854565561
HON,2025-05-06,2025-05-07,2025-05-14,2517.8934272827673,0.015334222822541,4,HIGH,TIME,2025-05-14,38.60993885736539
NFLX,2025-05-12,2025-05-13,2025-05-15,2507.8218535736364,0.04,4,HIGH,TP,2025-05-15,100.31287414294546
AMZN,2025-05-15,2025-05-16,2025-05-19,2535.6064161736986,-0.0199999999999999,4,HIGH,SL,2025-05-19,-50.71212832347372
BLK,2025-05-21,2025-05-22,2025-05-23,2525.463990509004,-0.02,5,HIGH,SL,2025-05-23,-50.50927981018008
NEE,2025-05-21,2025-05-22,2025-05-22,2525.4639905090035,-0.02,5,HIGH,SL,2025-05-23,-50.50927981018007
CRM,2025-05-23,2025-05-27,2025-05-29,2505.2602785849317,-0.02,4,HIGH,SL,2025-05-29,-50.10520557169863
BAC,2025-05-21,2025-05-22,2025-05-30,2525.463990509004,0.0220010511646313,5,HIGH,TIME,2025-05-30,55.56286246962253
MS,2025-05-21,2025-05-22,2025-05-30,2525.463990509004,0.027445667171517,5,HIGH,TIME,2025-05-30,69.31304413716128
V,2025-05-21,2025-05-22,2025-05-30,2525.4639905090016,0.0207681240413522,5,HIGH,TIME,2025-05-30,52.44914941685926
NVDA,2025-05-30,2025-06-02,2025-06-03,2530.7042486753203,0.04,4,HIGH,TP,2025-06-03,101.22816994701282
ADBE,2025-06-02,2025-06-03,2025-06-05,2550.949882664723,0.04,5,HIGH,TP,2025-06-05,102.03799530658893
COST,2025-06-05,2025-06-06,2025-06-09,2571.357481726041,-0.02,4,HIGH,SL,2025-06-09,-51.42714963452082
GE,2025-06-10,2025-06-11,2025-06-13,2561.0720517991367,-0.02,5,HIGH,SL,2025-06-13,-51.221441035982735
AMD,2025-06-12,2025-06-13,2025-06-16,2550.8277635919403,0.04,4,HIGH,TP,2025-06-16,102.03311054367761
NKE,2025-06-13,2025-06-16,2025-06-17,2571.2343857006763,-0.02,4,HIGH,SL,2025-06-17,-51.42468771401353
AMZN,2025-06-11,2025-06-12,2025-06-20,2561.0720517991367,-0.0098687144675483,4,HIGH,TIME,2025-06-20,-25.274488810023747
MRK,2025-06-17,2025-06-18,2025-06-24,2560.949448157873,0.04,5,HIGH,TP,2025-06-24,102.43797792631493
GOOGL,2025-06-20,2025-06-23,2025-06-23,2555.8945503958685,-0.0199999999999999,4,HIGH,SL,2025-06-24,-51.117891007917116
NKE,2025-06-17,2025-06-18,2025-06-26,2560.949448157873,0.04,4,HIGH,TP,2025-06-26,102.43797792631493
COP,2025-06-23,2025-06-24,2025-07-01,2566.1585677795483,0.0193926057535078,5,HIGH,TIME,2025-07-01,49.76450140593501
XOM,2025-06-23,2025-06-24,2025-07-01,2566.1585677795483,-9.165463591764844e-05,5,HIGH,TIME,2025-07-01,-0.23520032923678869
CVX,2025-06-24,2025-06-25,2025-07-02,2566.1585677795483,0.0318667076733245,5,HIGH,TIME,2025-07-02,81.77502492282794
AVGO,2025-07-01,2025-07-02,2025-07-03,2612.9070285647163,0.04,5,HIGH,TP,2025-07-03,104.51628114258865
NVDA,2025-07-01,2025-07-02,2025-07-03,2612.9070285647167,0.04,5,HIGH,TP,2025-07-03,104.51628114258867
NFLX,2025-07-01,2025-07-02,2025-07-08,2612.9070285647163,-0.02,5,HIGH,SL,2025-07-08,-52.25814057129433
META,2025-07-01,2025-07-02,2025-07-10,2612.9070285647163,0.0166495903566847,5,HIGH,TIME,2025-07-10,43.50383166570478
NFLX,2025-07-10,2025-07-11,2025-07-11,2652.9626792406343,-0.02,4,HIGH,SL,2025-07-12,-53.05925358481269
NEE,2025-07-08,2025-07-09,2025-07-14,2644.2619129074933,0.04,5,HIGH,TP,2025-07-14,105.77047651629974
UPS,2025-07-07,2025-07-08,2025-07-15,2644.2619129074933,-0.0173758664196488,4,HIGH,TIME,2025-07-15,-45.94634177724561
BAC,2025-07-08,2025-07-09,2025-07-15,2644.2619129074933,-0.02,5,HIGH,SL,2025-07-15,-52.88523825814987
JPM,2025-07-08,2025-07-09,2025-07-16,2644.2619129074933,-0.0047357437156928,5,HIGH,TIME,2025-07-16,-12.522546736697484
CVX,2025-07-14,2025-07-15,2025-07-18,2643.7386078198524,-0.02,5,HIGH,SL,2025-07-18,-52.87477215639705
GE,2025-07-17,2025-07-18,2025-07-21,2630.659144041234,-0.02,4,HIGH,SL,2025-07-21,-52.61318288082468
LLY,2025-07-15,2025-07-16,2025-07-23,2641.234098472513,0.0328248209056902,4,HIGH,TIME,2025-07-23,86.69803625236236
PFE,2025-07-15,2025-07-16,2025-07-23,2641.234098472513,0.0275526551476381,4,HIGH,TIME,2025-07-23,72.77301227939596
NVDA,2025-07-22,2025-07-23,2025-07-28,2652.0307171714207,0.04,5,HIGH,TP,2025-07-28,106.08122868685683
AMT,2025-07-28,2025-07-29,2025-07-29,2673.246962908792,-0.02,5,HIGH,SL,2025-07-30,-53.46493925817584
META,2025-07-29,2025-07-30,2025-07-30,2662.553975057157,-0.02,4,HIGH,SL,2025-07-31,-53.25107950114314
AVGO,2025-07-31,2025-08-01,2025-08-04,2651.903759156928,0.04,5,HIGH,TP,2025-08-04,106.07615036627713
GOOGL,2025-07-31,2025-08-01,2025-08-05,2651.903759156928,0.04,5,HIGH,TP,2025-08-05,106.07615036627713
ORCL,2025-08-01,2025-08-04,2025-08-05,2673.118989230183,0.04,5,HIGH,TP,2025-08-05,106.92475956920732
CAT,2025-08-01,2025-08-04,2025-08-07,2673.118989230183,-0.02,5,HIGH,SL,2025-08-07,-53.46237978460366
NKE,2025-07-31,2025-08-01,2025-08-08,2651.903759156928,0.0102125151698353,4,HIGH,TIME,2025-08-08,27.082607369333388
PEP,2025-07-31,2025-08-01,2025-08-08,2651.9037591569277,0.04,4,HIGH,TP,2025-08-08,106.0761503662771
CAT,2025-08-07,2025-08-08,2025-08-11,2731.6584468074816,-0.0199999999999999,4,HIGH,SL,2025-08-11,-54.63316893614936
ORCL,2025-08-07,2025-08-08,2025-08-13,2731.6584468074816,-0.0199999999999999,5,HIGH,SL,2025-08-13,-54.63316893614936
GE,2025-08-13,2025-08-14,2025-08-15,2709.805179233022,-0.0200000000000001,4,HIGH,SL,2025-08-15,-54.19610358466071
ORCL,2025-08-13,2025-08-14,2025-08-19,2709.805179233022,-0.02,4,HIGH,SL,2025-08-19,-54.19610358466044
MS,2025-08-15,2025-08-18,2025-08-20,2698.96595851609,-0.02,5,HIGH,SL,2025-08-20,-53.979319170321794
META,2025-08-18,2025-08-19,2025-08-19,2688.126737799157,-0.02,4,HIGH,SL,2025-08-20,-53.76253475598315
WMT,2025-08-13,2025-08-14,2025-08-21,2709.805179233022,-0.02,5,HIGH,SL,2025-08-21,-54.19610358466044
AVGO,2025-08-19,2025-08-20,2025-08-20,2666.5783670138962,-0.0199999999999999,4,HIGH,SL,2025-08-21,-53.33156734027766
NVDA,2025-08-19,2025-08-20,2025-08-20,2590.9639632925764,-0.0199999999999999,4,HIGH,SL,2025-08-21,-51.81927926585127
BA,2025-08-19,2025-08-20,2025-08-22,2666.5783670138962,0.04,4,HIGH,TP,2025-08-22,106.66313468055586
BLK,2025-08-15,2025-08-18,2025-08-25,2698.96595851609,0.0027338580511275,5,HIGH,TIME,2025-08-25,7.378589815408262
AVGO,2025-08-29,2025-09-02,2025-09-03,2657.5173218749314,0.04,4,HIGH,TP,2025-09-03,106.30069287499725
TSLA,2025-08-29,2025-09-02,2025-09-03,2657.5173218749314,0.04,4,HIGH,TP,2025-09-03,106.30069287499725
NVDA,2025-08-29,2025-09-02,2025-09-05,2657.5173218749314,-0.02,4,HIGH,SL,2025-09-05,-53.15034643749863
CVX,2025-09-03,2025-09-04,2025-09-05,2700.0375990249304,-0.02,5,HIGH,SL,2025-09-05,-54.000751980498606
CAT,2025-08-29,2025-09-02,2025-09-09,2657.5173218749314,0.0100986736806323,4,HIGH,TIME,2025-09-09,26.837400234242804
PLD,2025-09-02,2025-09-03,2025-09-10,2700.0375990249304,-0.0001801914167361,5,HIGH,TIME,2025-09-10,-0.4865236002090401
NKE,2025-09-02,2025-09-03,2025-09-10,2700.0375990249304,-0.0020160469696134,4,HIGH,TIME,2025-09-10,-5.443402619356451
JPM,2025-09-05,2025-09-08,2025-09-12,2656.8369974405305,0.04,4,HIGH,TP,2025-09-12,106.27347989762121
AMZN,2025-09-10,2025-09-11,2025-09-12,2682.788874144266,-0.02,5,HIGH,SL,2025-09-12,-53.65577748288533
CVX,2025-09-05,2025-09-08,2025-09-15,2678.6073793413307,0.0220908741898799,4,HIGH,TIME,2025-09-15,59.17277862111324
AAPL,2025-09-10,2025-09-11,2025-09-15,2682.788874144266,0.04,4,HIGH,TP,2025-09-15,107.31155496577065
PEP,2025-09-08,2025-09-09,2025-09-16,2683.9748593881795,-0.0081457263757263,4,HIGH,TIME,2025-09-16,-21.86292480390458
AVGO,2025-09-17,2025-09-18,2025-09-19,2722.236696383809,-0.0199999999999999,4,HIGH,SL,2025-09-19,-54.444733927675905
XOM,2025-09-29,2025-09-30,2025-10-02,2711.347749598274,-0.02,5,HIGH,SL,2025-10-02,-54.22695499196548
ABBV,2025-10-02,2025-10-03,2025-10-06,2700.502358599881,-0.02,4,HIGH,SL,2025-10-06,-54.01004717199762
COP,2025-09-29,2025-09-30,2025-10-07,2711.347749598274,-0.0200000000000001,4,HIGH,SL,2025-10-07,-54.22695499196575
CVX,2025-09-29,2025-09-30,2025-10-07,2711.3477495982743,-0.02,4,HIGH,SL,2025-10-07,-54.226954991965485
PFE,2025-10-06,2025-10-07,2025-10-08,2668.0095671686954,-0.02,5,HIGH,SL,2025-10-08,-53.36019134337391
BLK,2025-10-01,2025-10-02,2025-10-09,2700.502358599881,0.0191089458924029,5,HIGH,TIME,2025-10-09,51.603753452791544
UNH,2025-10-10,2025-10-13,2025-10-20,2667.658279590579,0.0274568371388486,4,HIGH,TIME,2025-10-20,73.24545892481957
LLY,2025-10-17,2025-10-20,2025-10-27,2682.307371375543,0.0258315864493696,4,HIGH,TIME,2025-10-27,69.28825474746867
GOOGL,2025-10-21,2025-10-22,2025-10-27,2682.3073713755434,0.04,4,HIGH,TP,2025-10-27,107.29229485502174
GE,2025-10-22,2025-10-23,2025-10-27,2682.3073713755434,0.04,4,HIGH,TP,2025-10-27,107.29229485502174
CAT,2025-10-22,2025-10-23,2025-10-29,2682.307371375543,0.04,4,HIGH,TP,2025-10-29,107.29229485502172
NEE,2025-10-28,2025-10-29,2025-10-29,2760.54039923805,-0.0199999999999999,4,HIGH,SL,2025-10-30,-55.21080798476073
UNH,2025-10-29,2025-10-30,2025-10-31,2749.4982376410976,-0.0200000000000001,4,HIGH,SL,2025-10-31,-54.98996475282223
MSFT,2025-10-30,2025-10-31,2025-10-31,2738.5002446905332,-0.02,5,HIGH,SL,2025-11-01,-54.770004893810665
UNH,2025-10-30,2025-10-31,2025-10-31,2738.5002446905337,-0.02,4,HIGH,SL,2025-11-01,-54.77000489381067
PEP,2025-10-29,2025-10-30,2025-11-03,2749.4982376410976,-0.0200000000000001,4,HIGH,SL,2025-11-03,-54.98996475282223
KO,2025-10-29,2025-10-30,2025-11-06,2749.4982376410976,0.0089115745693573,5,HIGH,TIME,2025-11-06,24.50235857305512
NVDA,2025-11-04,2025-11-05,2025-11-05,2705.594249782445,-0.02,5,HIGH,SL,2025-11-06,-54.1118849956489
TSLA,2025-11-06,2025-11-07,2025-11-07,2699.672344497926,-0.02,4,HIGH,SL,2025-11-08,-53.99344688995853
BAC,2025-11-05,2025-11-06,2025-11-13,2699.672344497926,-0.0102957486625397,5,HIGH,TIME,2025-11-13,-27.795147930159942
JPM,2025-11-13,2025-11-14,2025-11-14,2683.3146255339025,-0.0200000000000001,5,HIGH,SL,2025-11-15,-53.66629251067832
GS,2025-11-13,2025-11-14,2025-11-14,2683.3146255339025,-0.02,4,HIGH,SL,2025-11-15,-53.66629251067805
MS,2025-11-13,2025-11-14,2025-11-14,2683.3146255339025,-0.02,4,HIGH,SL,2025-11-15,-53.66629251067805
BAC,2025-11-13,2025-11-14,2025-11-17,2683.3146255339025,-0.0199999999999999,5,HIGH,SL,2025-11-17,-53.66629251067778
PFE,2025-11-14,2025-11-17,2025-11-20,2640.38159152536,-0.02,5,HIGH,SL,2025-11-20,-52.8076318305072
MS,2025-11-17,2025-11-18,2025-11-20,2640.38159152536,0.04,4,HIGH,TP,2025-11-20,105.6152636610144
CAT,2025-11-13,2025-11-14,2025-11-21,2683.3146255339025,-0.02,4,HIGH,SL,2025-11-21,-53.66629251067805
ABBV,2025-11-24,2025-11-25,2025-11-28,2640.209859389326,-0.0200000000000001,5,HIGH,SL,2025-11-28,-52.80419718778679
MCD,2025-12-01,2025-12-02,2025-12-09,2629.6490199517684,0.0230086155703792,5,HIGH,TIME,2025-12-09,60.504583385094655
UPS,2025-12-04,2025-12-05,2025-12-10,2629.6490199517684,0.04,5,HIGH,TP,2025-12-10,105.18596079807074
GS,2025-12-12,2025-12-15,2025-12-17,2662.787128788402,-0.02,4,HIGH,SL,2025-12-17,-53.25574257576804
CRM,2025-12-15,2025-12-16,2025-12-19,2662.787128788402,0.0249195025263075,5,HIGH,FINAL,2025-12-19,66.35533058286167
JNJ,2025-12-16,2025-12-17,2025-12-19,2652.1359802732486,-0.0144227357768123,5,HIGH,FINAL,2025-12-19,-38.25105648765814
PFE,2025-12-16,2025-12-17,2025-12-19,2652.1359802732486,-0.0082676873935462,5,HIGH,FINAL,2025-12-19,-21.92703121007543
COP,2025-12-16,2025-12-17,2025-12-19,2652.1359802732486,0.0001087699222392,4,HIGH,FINAL,2025-12-19,0.2884726243421057
NKE,2025-12-17,2025-12-18,2025-12-19,2641.4848317580936,-0.02,4,HIGH,SL,2025-12-19,-52.82969663516187
COP,2025-12-18,2025-12-19,2025-12-19,2642.8631840481103,-0.0055164361673418,5,HIGH,FINAL,2025-12-19,-14.579186053819102
