Group,Year,Horizon,Observations,Mean,Median,Positive_Fraction
BASELINE,ALL,1,93107,0.00022807860001141563,0.0003840089505728,0.5122278668628567
BASELINE,ALL,3,93107,0.0015898497275952334,0.0017048687728609,0.5287035346429377
BASELINE,ALL,5,93107,0.002962422308604464,0.0032065611571727,0.5421719097382581
BASELINE,2018,1,11186,-0.0005126898641590027,0.0,0.4996424101555516
BASELINE,2018,3,11186,-0.0008864822630037585,0.0003314626734023,0.506079027355623
BASELINE,2018,5,11186,-0.0010083184538250687,0.0008097324259215,0.5100125156445557
BASELINE,2019,1,11844,0.000494230682276488,0.0006027024058419,0.5241472475515029
BASELINE,2019,3,11844,0.0029215489730519805,0.0030206967584889997,0.5615501519756839
BASELINE,2019,5,11844,0.00509086537869714,0.0053662865882587,0.5929584599797366
BASELINE,2020,1,11891,0.00016974879577844488,-4.9297047399976535e-05,0.4965940627365234
BASELINE,2020,3,11891,0.002475240499359234,0.001755717077096,0.5263644773358002
BASELINE,2020,5,11891,0.004989296907789549,0.0044041966415244,0.543352115044992
BASELINE,2021,1,11844,0.00034184841555517074,0.00038443762073145,0.5150287065180682
BASELINE,2021,3,11844,0.002682566425423419,0.0023892147122486,0.5427220533603513
BASELINE,2021,5,11844,0.00478580571646639,0.004284938424393351,0.5609591354272205
BASELINE,2022,1,11797,2.13875873923434e-05,0.0003309690164268,0.5078409765194541
BASELINE,2022,3,11797,-0.000889562066785358,0.0,0.49995761634313807
BASELINE,2022,5,11797,-0.0016075099373351082,-4.603854163953702e-05,0.498516572009833
BASELINE,2023,1,11750,0.0008538834710148556,0.00074613454472825,0.5262978723404256
BASELINE,2023,3,11750,0.0028015780860512172,0.0019276989876252002,0.5342978723404256
BASELINE,2023,5,11750,0.004651661637796283,0.0028490444970169,0.5407659574468086
BASELINE,2024,1,11844,9.423357150877804e-06,0.00028893394107725,0.5100472813238771
BASELINE,2024,3,11844,0.0017083775274175906,0.00153532416592025,0.5271023302938197
BASELINE,2024,5,11844,0.003323517953119701,0.0028331207639971,0.5397669706180345
BASELINE,2025,1,10951,0.0004248569876211124,0.0005575817775085,0.5181261985206831
BASELINE,2025,3,10951,0.0017784402684482947,0.0020454549001187,0.5303625239704136
BASELINE,2025,5,10951,0.0032633828855782045,0.0041202951604899,0.5496301707606611
A,ALL,1,13850,0.00031890063990685884,0.0006375390659682501,0.5224548736462094
A,ALL,3,13850,0.0023130731036043665,0.00246740511265025,0.5437545126353791
A,ALL,5,13850,0.0035332910457183016,0.0037619350032438,0.5516967509025271
A,2018,1,1347,-0.0006436640484711197,0.0005068215954837,0.5107646622123236
A,2018,3,1347,0.0002136376594258698,0.0012852603348343,0.5315515961395694
A,2018,5,1347,0.00034262598717313875,0.0026248813611855,0.5412026726057907
A,2019,1,2028,0.0008386707471899491,0.0009764525492427501,0.5443786982248521
A,2019,3,2028,0.0028026124246177536,0.0037659962507624,0.5828402366863905
A,2019,5,2028,0.00501482063333673,0.0058542601798470505,0.6084812623274162
A,2020,1,2010,0.00047920275056723415,0.00030061645439335,0.508955223880597
A,2020,3,2010,0.004762837770819372,0.0034419918080057,0.5517412935323384
A,2020,5,2010,0.00713488959176497,0.00600468291109665,0.5686567164179105
A,2021,1,2005,-0.0007277262646795612,-0.0001965755061819,0.48927680798004985
A,2021,3,2005,0.0011232000446477093,0.0015082582009158,0.5251870324189526
A,2021,5,2005,0.001899578502984769,0.0019669357463278,0.5241895261845386
A,2022,1,1333,0.0004116556373103561,0.0007394624004199,0.5206301575393848
A,2022,3,1333,-0.00018484797519028893,0.0012510832407715,0.5221305326331583
A,2022,5,1333,-0.0025768405894928672,0.0,0.4973743435858965
A,2023,1,1684,0.0013175759454000502,0.0013986612209715,0.5510688836104513
A,2023,3,1684,0.004089250536199897,0.00265684444215215,0.5510688836104513
A,2023,5,1684,0.005345050434565171,0.00311626911944265,0.5498812351543944
A,2024,1,1957,6.172556094455034e-05,0.0005192813433123,0.5201839550332141
A,2024,3,1957,0.002082189627044989,0.0019400133976752,0.5319366377107818
A,2024,5,1957,0.00346378928927047,0.0031364736149122,0.5385794583546244
A,2025,1,1486,0.0008011621220625051,0.0010106916875008498,0.5383580080753702
A,2025,3,1486,0.0023718263119276006,0.002939542760987,0.5423956931359354
A,2025,5,1486,0.005255688082786853,0.00566273029306315,0.5659488559892328
B,ALL,1,13601,0.00032982771281198656,0.0006944868299696,0.5237114918020733
B,ALL,3,13601,0.0023349532378632927,0.0025273841911064,0.5445923093890155
B,ALL,5,13601,0.003642804106858058,0.0038122970688827,0.5528269980148518
B,2018,1,1294,-0.0005522099872332862,0.00057051988959495,0.5154559505409583
B,2018,3,1294,0.00043724127899666344,0.00170895665551335,0.5378670788253478
B,2018,5,1294,0.0011409594053139634,0.0033265021934504,0.5525502318392581
B,2019,1,1996,0.0008281491871796646,0.0009875474544006999,0.5445891783567134
B,2019,3,1996,0.002740732062230277,0.00380992002890085,0.5841683366733467
B,2019,5,1996,0.00498183361117877,0.00584115973137515,0.6087174348697395
B,2020,1,1974,0.0005850140454146928,0.00044176167541745,0.5121580547112462
B,2020,3,1974,0.004920951227637161,0.00355674064521765,0.5536980749746707
B,2020,5,1974,0.007334323426822309,0.006102982820268299,0.5709219858156028
B,2021,1,1962,-0.0006914014824575458,-0.0001385367559168,0.49133537206931704
B,2021,3,1962,0.0010230642044535153,0.0013795722175311501,0.5234454638124363
B,2021,5,1962,0.001868876827220083,0.00190803132694675,0.5234454638124363
B,2022,1,1318,0.0003196457315299805,0.0006470321989071001,0.5189681335356601
B,2022,3,1318,-0.00034702114932045155,0.0011676120484934,0.5212443095599393
B,2022,5,1318,-0.002770150728024159,-0.00015049131929070774,0.4946889226100152
B,2023,1,1663,0.0012514169108579873,0.0013921317949978,0.5514131088394468
B,2023,3,1663,0.004155013771452734,0.0026947573730726,0.5526157546602526
B,2023,5,1663,0.005453177230389914,0.0031349823315036,0.5514131088394468
B,2024,1,1937,2.3365078551199786e-05,0.0004862879832427,0.5193598347960764
B,2024,3,1937,0.002091203797403849,0.0017974708696926,0.5307176045431079
B,2024,5,1937,0.0034671394607658592,0.0031364736149122,0.5369127516778524
B,2025,1,1457,0.0008247186662259239,0.0010740452790134,0.5401509951956074
B,2025,3,1457,0.0024002210719004653,0.0029574826485325,0.5428963623884695
B,2025,5,1457,0.005386082573320697,0.0057202094908705,0.5669183253260124
